pitcher_id,player_name,mlb_id,velocity,command,stamina,movement,repertoire,putaway_skill,nibbling_tendency,era,whip,strikeouts,walks,innings_pitched,avg_fastball_velo,k_per_9,bb_per_9,season,games_pitched,hand,created_at,updated_at,team_name,team_abbr,is_starter
433,Jeffrey Springs,,36399,59031,68750,45085,45085,37600,0.5,4.11,1.21,138,54,171.0,90.8,7.26,2.84,2025,32,,2025-11-28 17:13:57,2025-11-28 17:13:57,ATH,ATH,1
432,Luis Severino,,83600,54966,71862,39184,39184,33600,0.5,4.54,1.3,124,50,162.2,96.2,6.86,2.77,2025,29,,2025-11-28 17:13:57,2025-11-28 17:13:57,ATH,ATH,1
434,Jacob Lopez,,35600,45680,61123,71514,71514,89600,0.65,4.08,1.27,113,37,92.2,90.7,10.97,3.59,2025,21,,2025-11-28 17:13:57,2025-11-28 17:13:57,ATH,ATH,1
435,J.T. Ginn,,52000,46865,57339,55630,55630,74800,0.5,5.08,1.36,99,31,90.1,92.7,9.86,3.09,2025,23,,2025-11-28 17:13:57,2025-11-28 17:13:57,ATH,ATH,1
444,Mitch Spence,,50000,46873,45083,35676,35676,35199,0.5,5.1,1.44,66,26,84.2,,7.02,2.76,2025,32,,2025-11-28 17:13:57,2025-11-28 17:13:57,ATH,ATH,1
447,Osvaldo Bido,,72399,27314,50369,33881,33881,41800,0.65,5.87,1.61,68,35,79.2,94.8,7.68,3.95,2025,26,,2025-11-28 17:13:57,2025-11-28 17:13:57,ATH,ATH,1
439,Justin Sterner,,60999,67475,22033,74466,74466,72533,0.5,3.18,1.05,70,21,65.0,93.6,9.69,2.91,2025,59,,2025-11-28 17:13:57,2025-11-28 17:13:57,ATH,ATH,1
436,Hogan Harris,,59000,31457,26750,68500,68500,61000,0.8,3.2,1.35,65,33,64.2,93.4,9.05,4.59,2025,48,,2025-11-28 17:13:57,2025-11-28 17:13:57,ATH,ATH,0
440,Tyler Ferguson,,73200,27458,20714,45861,45861,48800,0.8,4.66,1.33,54,34,58.0,94.9,8.38,5.28,2025,56,,2025-11-28 17:13:57,2025-11-28 17:13:57,ATH,ATH,0
437,Luis Morales,,90206,55597,64560,60850,60850,44500,0.5,3.14,1.15,43,18,48.2,97.2,7.95,3.33,2025,10,,2025-11-28 17:13:57,2025-11-28 17:13:57,ATH,ATH,1
442,Elvis Alvarado,,91752,32547,22756,80633,80633,85066,0.8,3.19,1.32,50,22,42.1,98.7,10.63,4.68,2025,37,,2025-11-28 17:13:57,2025-11-28 17:13:57,ATH,ATH,0
445,Michael Kelly,,80399,37086,18666,53600,53600,30800,0.65,3.18,1.29,29,19,39.2,95.8,6.58,4.31,2025,42,,2025-11-28 17:13:57,2025-11-28 17:13:57,ATH,ATH,0
438,Jackson Perkins,,81200,45241,51466,51242,51242,52199,0.65,4.19,1.16,37,18,38.2,95.9,8.61,4.19,2025,12,,2025-11-28 17:13:57,2025-11-28 17:13:57,ATH,ATH,1
446,Gunnar Hoglund,,60000,40551,68800,24859,24859,29538,0.5,6.4,1.52,23,11,32.1,93.5,6.4,3.06,2025,6,,2025-11-28 17:13:57,2025-11-28 17:13:57,ATH,ATH,1
443,Grant Holman,,71600,34551,20909,33903,33903,31500,0.65,5.09,1.52,17,9,23.0,94.7,6.65,3.52,2025,22,,2025-11-28 17:13:57,2025-11-28 17:13:57,ATH,ATH,1
441,Mason Barnett,,69000,22430,61360,26386,26386,37500,0.65,6.85,1.66,18,11,22.1,94.4,7.25,4.43,2025,5,,2025-11-28 17:13:57,2025-11-28 17:13:57,ATH,ATH,1
157,Zac Gallen,,60000,52682,76363,43653,43653,46999,0.5,4.83,1.26,175,66,192.0,93.5,8.2,3.09,2025,33,,2025-11-27 13:45:39,2025-11-27 13:45:39,Arizona Diamondbacks,ARI,1
155,Brandon Pfaadt,,60999,65915,68715,36873,36873,39900,0.2,5.25,1.33,147,37,176.2,93.6,7.49,1.88,2025,33,,2025-11-27 13:45:39,2025-11-27 13:45:39,Arizona Diamondbacks,ARI,1
156,Eduardo Rodriguez,,46000,34387,68510,42892,42892,48400,0.65,5.02,1.54,143,60,154.1,92.0,8.34,3.5,2025,29,,2025-11-27 13:45:39,2025-11-27 13:45:39,Arizona Diamondbacks,ARI,1
154,Ryne Nelson,,78799,73428,63333,57150,57150,42100,0.35,3.39,1.07,132,41,154.0,95.6,7.71,2.4,2025,33,,2025-11-27 13:45:39,2025-11-27 13:45:39,Arizona Diamondbacks,ARI,1
158,Corbin Burnes,,50000,50611,76545,71500,71500,56200,0.65,2.66,1.17,63,26,64.1,,8.81,3.64,2025,11,,2025-11-27 13:45:39,2025-11-27 13:45:39,Arizona Diamondbacks,ARI,1
161,Jalen Beeks,,69000,62190,18721,50542,50542,38800,0.5,3.77,1.08,47,20,57.1,94.4,7.38,3.14,2025,61,,2025-11-27 13:45:39,2025-11-27 13:45:39,Arizona Diamondbacks,ARI,1
162,Ryan Thompson,,38799,52344,17125,50700,50700,43400,0.5,3.92,1.33,36,13,41.1,91.1,7.84,2.83,2025,48,,2025-11-27 13:45:39,2025-11-27 13:45:39,Arizona Diamondbacks,ARI,0
169,Anthony DeSclafani,,64000,56412,49179,42323,42323,48800,0.5,5.12,1.27,36,12,38.2,93.9,8.38,2.79,2025,13,,2025-11-27 13:45:39,2025-11-27 13:45:39,Arizona Diamondbacks,ARI,1
165,John Curtiss,,67000,95200,24133,42449,42449,27184,0.2,3.93,0.93,24,5,36.2,94.2,5.89,1.23,2025,30,,2025-11-27 13:45:39,2025-11-27 13:45:39,Arizona Diamondbacks,ARI,0
168,Jake Woodford,,55000,36646,31878,23026,23026,26307,0.5,6.44,1.6,23,13,36.1,93.0,5.7,3.22,2025,22,,2025-11-27 13:45:39,2025-11-27 13:45:39,Arizona Diamondbacks,ARI,0
160,Juan Morillo,,92061,15733,16238,59542,59542,68799,0.8,4.19,1.69,36,20,34.1,99.0,9.44,5.24,2025,42,,2025-11-27 13:45:39,2025-11-27 13:45:39,Arizona Diamondbacks,ARI,0
164,Nabil Crismatt,,29633,52302,60000,47600,47600,31200,0.35,3.71,1.44,25,9,34.0,88.9,6.62,2.38,2025,8,,2025-11-27 13:45:39,2025-11-27 13:45:39,Arizona Diamondbacks,ARI,1
159,Andrew Saalfrank,,29700,68095,20714,63615,63615,27230,0.5,1.24,1.0,19,10,29.0,89.1,5.9,3.1,2025,28,,2025-11-27 13:45:39,2025-11-27 13:45:39,Arizona Diamondbacks,ARI,0
163,Kevin Ginkel,,74000,21868,17379,44321,44321,78933,0.8,7.36,1.64,29,13,25.2,95.0,10.17,4.56,2025,29,,2025-11-27 13:45:39,2025-11-27 13:45:39,Arizona Diamondbacks,ARI,0
166,Kyle Backhus,,50000,46907,15687,43369,43369,43200,0.5,4.62,1.42,22,8,25.1,,7.82,2.84,2025,32,,2025-11-27 13:45:39,2025-11-27 13:45:39,Arizona Diamondbacks,ARI,0
167,Bryce Jarvis,,65000,28290,34444,39645,39645,51800,0.65,5.73,1.5,21,10,22.0,94.0,8.59,4.09,2025,12,,2025-11-27 13:45:39,2025-11-27 13:45:39,Arizona Diamondbacks,ARI,0
52,Bryce Elder,,52999,47243,71500,36738,36738,40400,0.5,5.3,1.39,131,51,156.1,92.8,7.54,2.94,2025,28,,2025-11-27 13:42:25,2025-11-27 13:42:25,Atlanta Braves,ATL,1
48,Chris Sale,,73200,75000,79238,92927,92927,97454,0.35,2.58,1.07,165,32,125.2,94.9,11.82,2.29,2025,21,,2025-11-27 13:42:25,2025-11-27 13:42:25,Atlanta Braves,ATL,1
53,Spencer Strider,,77200,37191,69513,57176,57176,68200,0.65,4.45,1.4,131,51,125.1,95.4,9.41,3.66,2025,23,,2025-11-27 13:42:25,2025-11-27 13:42:25,Atlanta Braves,ATL,1
54,Grant Holmes,,70000,34745,67818,63866,63866,71733,0.65,3.99,1.34,123,54,115.0,94.5,9.63,4.23,2025,22,,2025-11-27 13:42:25,2025-11-27 13:42:25,Atlanta Braves,ATL,1
49,Spencer Schwellenbach,,90000,92066,89647,66899,66899,55599,0.2,3.09,0.97,108,18,110.2,97.0,8.78,1.46,2025,17,,2025-11-27 13:42:25,2025-11-27 13:42:25,Atlanta Braves,ATL,1
58,Dylan Lee,,65000,87428,18405,75500,75500,76800,0.2,3.29,0.98,76,14,68.1,94.0,10.01,1.84,2025,74,,2025-11-27 13:42:25,2025-11-27 13:42:25,Atlanta Braves,ATL,0
51,Raisel Iglesias,,72399,81809,19171,74633,74633,73466,0.35,3.21,1.0,73,16,67.1,94.8,9.76,2.14,2025,70,,2025-11-27 13:42:25,2025-11-27 13:42:25,Atlanta Braves,ATL,0
57,Pierce Johnson,,75600,58729,18153,69500,69500,60000,0.5,3.05,1.2,59,19,59.0,95.2,9.0,2.9,2025,65,,2025-11-27 13:42:25,2025-11-27 13:42:25,Atlanta Braves,ATL,0
50,Hurston Waldrep,,74799,51125,72200,69099,69099,55799,0.65,2.88,1.19,55,22,56.1,95.1,8.79,3.51,2025,10,,2025-11-27 13:42:25,2025-11-27 13:42:25,Atlanta Braves,ATL,1
56,Aaron Bummer,,42799,57095,25761,55320,55320,49499,0.5,3.81,1.25,51,17,54.1,91.6,8.45,2.82,2025,42,,2025-11-27 13:42:25,2025-11-27 13:42:25,Atlanta Braves,ATL,1
55,AJ Smith-Shawver,,79600,29814,65200,55156,55156,50599,0.65,3.86,1.42,42,21,44.1,95.7,8.53,4.26,2025,9,,2025-11-27 13:42:25,2025-11-27 13:42:25,Atlanta Braves,ATL,1
60,Daysbel Hernandez,,90721,13137,18974,58549,58549,45299,0.8,3.41,1.54,33,30,37.0,97.7,8.03,7.3,2025,39,,2025-11-27 13:42:25,2025-11-27 13:42:25,Atlanta Braves,ATL,0
59,Dylan Dodd,,62000,95100,25000,54621,54621,42100,0.2,3.6,0.94,30,5,35.0,93.7,7.71,1.29,2025,28,,2025-11-27 13:42:25,2025-11-27 13:42:25,Atlanta Braves,ATL,0
61,Austin Cox,,52000,37777,31641,32799,32799,65599,0.5,8.86,1.73,22,7,21.1,92.7,9.28,2.95,2025,13,,2025-11-27 13:42:25,2025-11-27 13:42:25,Atlanta Braves,ATL,1
299,Dean Kremer,,57999,65888,70451,44842,44842,39400,0.35,4.19,1.21,142,45,171.2,93.3,7.44,2.36,2025,31,,2025-11-28 17:11:01,2025-11-28 17:11:01,Baltimore Orioles,BAL,1
306,Tomoyuki Sugano,,52000,63344,67866,35645,35645,28061,0.35,4.64,1.33,106,36,157.0,92.7,6.08,2.06,2025,30,,2025-11-28 17:11:01,2025-11-28 17:11:01,Baltimore Orioles,BAL,1
300,Cade Povich,,47600,35840,66763,51730,51730,68999,0.5,5.21,1.5,118,43,112.1,92.2,9.45,3.45,2025,22,,2025-11-28 17:11:01,2025-11-28 17:11:01,Baltimore Orioles,BAL,1
298,Trevor Rogers,,54000,82214,81333,74749,74749,49499,0.35,1.81,0.9,103,29,109.2,92.9,8.45,2.38,2025,18,,2025-11-28 17:11:01,2025-11-28 17:11:01,Baltimore Orioles,BAL,1
311,Zach Eflin,,46000,63364,66628,27216,27216,29123,0.2,5.93,1.42,50,13,71.1,92.0,6.31,1.64,2025,14,,2025-11-28 17:11:01,2025-11-28 17:11:01,Baltimore Orioles,BAL,1
312,Keegan Akin,,62000,29530,19718,60300,60300,48800,0.8,3.41,1.37,59,33,63.1,93.7,8.38,4.69,2025,64,,2025-11-28 17:11:01,2025-11-28 17:11:01,Baltimore Orioles,BAL,1
307,Yennier Cano,,72399,32879,17846,41523,41523,47200,0.65,5.12,1.48,53,24,58.0,94.8,8.22,3.72,2025,65,,2025-11-28 17:11:01,2025-11-28 17:11:01,Baltimore Orioles,BAL,0
309,Brandon Young,,62000,35262,64133,30163,30163,38400,0.5,6.24,1.54,47,22,57.2,93.7,7.34,3.43,2025,12,,2025-11-28 17:11:01,2025-11-28 17:11:01,Baltimore Orioles,BAL,1
302,Felix Bautista,,50000,33558,19542,94000,94000,100000,0.8,2.6,1.13,50,23,34.2,,12.98,5.97,2025,35,,2025-11-28 17:11:01,2025-11-28 17:11:01,Baltimore Orioles,BAL,0
301,Kyle Bradish,,50000,70237,68666,94700,94700,100000,0.5,2.53,1.03,47,10,32.0,,13.22,2.81,2025,6,,2025-11-28 17:11:01,2025-11-28 17:11:01,Baltimore Orioles,BAL,1
304,Grant Wolfram,,76399,13153,24952,57169,57169,82800,0.8,5.4,1.88,31,15,26.2,95.3,10.46,5.06,2025,21,,2025-11-28 17:11:01,2025-11-28 17:11:01,Baltimore Orioles,BAL,0
305,Kade Strowd,,78799,46699,20880,73499,73499,46999,0.65,1.71,1.1,24,13,26.1,95.6,8.2,4.44,2025,25,,2025-11-28 17:11:01,2025-11-28 17:11:01,Baltimore Orioles,BAL,0
308,Matt Bowman,,34000,53394,24200,26531,26531,30700,0.35,6.2,1.5,18,6,24.2,90.5,6.57,2.19,2025,20,,2025-11-28 17:11:01,2025-11-28 17:11:01,Baltimore Orioles,BAL,0
303,Tyler Wells,,50000,95700,68400,60800,60800,39800,0.2,2.91,0.88,18,2,21.2,92.5,7.48,0.83,2025,4,,2025-11-28 17:11:01,2025-11-28 17:11:01,Baltimore Orioles,BAL,1
310,Cionel Perez,,79600,1137,22315,27200,27200,54400,0.8,8.31,2.12,21,18,21.2,95.7,8.72,7.48,2025,19,,2025-11-28 17:11:01,2025-11-28 17:11:01,Baltimore Orioles,BAL,0
270,Garrett Crochet,,86000,81523,88187,89918,89918,91636,0.35,2.59,1.03,255,46,205.1,96.5,11.18,2.02,2025,32,,2025-11-28 17:10:22,2025-11-28 17:10:22,Boston Red Sox,BOS,1
274,Brayan Bello,,74799,52364,74620,52500,52500,32000,0.5,3.35,1.24,124,59,166.2,95.1,6.7,3.19,2025,29,,2025-11-28 17:10:22,2025-11-28 17:10:22,Boston Red Sox,BOS,1
273,Lucas Giolito,,57999,45911,71538,55950,55950,40100,0.5,3.41,1.29,121,56,145.0,93.3,7.51,3.48,2025,26,,2025-11-28 17:10:22,2025-11-28 17:10:22,Boston Red Sox,BOS,1
272,Garrett Whitlock,,50000,64190,23225,94227,94227,93454,0.5,2.25,1.08,91,24,72.0,,11.38,3.0,2025,62,,2025-11-28 17:10:22,2025-11-28 17:10:22,Boston Red Sox,BOS,0
277,Greg Weissert,,67000,62095,18611,62600,62600,41600,0.5,2.82,1.16,57,21,67.0,94.2,7.66,2.82,2025,72,,2025-11-28 17:10:22,2025-11-28 17:10:22,Boston Red Sox,BOS,0
271,Aroldis Chapman,,91546,86785,18238,100000,100000,100000,0.35,1.17,0.7,85,15,61.1,98.5,12.47,2.2,2025,67,,2025-11-28 17:10:22,2025-11-28 17:10:22,Boston Red Sox,BOS,0
276,Hunter Dobbins,,79600,59857,63538,41699,41699,31399,0.5,4.13,1.28,45,17,61.0,95.7,6.64,2.51,2025,13,,2025-11-28 17:10:22,2025-11-28 17:10:22,Boston Red Sox,BOS,1
278,Brennan Bernardino,,48399,37135,18618,58550,58550,39900,0.8,3.14,1.26,43,26,51.2,92.3,7.49,4.53,2025,55,,2025-11-28 17:10:22,2025-11-28 17:10:22,Boston Red Sox,BOS,1
275,Justin Wilson,,70799,35852,15770,78900,78900,84800,0.65,3.35,1.41,57,20,48.1,94.6,10.61,3.72,2025,61,,2025-11-28 17:10:22,2025-11-28 17:10:22,Boston Red Sox,BOS,0
282,Richard Fitts,,81200,48235,58727,41346,41346,45000,0.5,5.0,1.31,40,16,45.0,95.9,8.0,3.2,2025,11,,2025-11-28 17:10:22,2025-11-28 17:10:22,Boston Red Sox,BOS,1
283,Tanner Houck,,75600,31284,64400,16644,16644,30999,0.65,8.04,1.69,32,17,43.2,95.2,6.6,3.5,2025,9,,2025-11-28 17:10:22,2025-11-28 17:10:22,Boston Red Sox,BOS,1
280,Zack Kelly,,83600,49058,25071,51276,51276,58400,0.5,4.58,1.33,35,12,35.1,96.2,8.92,3.06,2025,28,,2025-11-28 17:10:22,2025-11-28 17:10:22,Boston Red Sox,BOS,0
281,Chris Murphy,,67999,36630,29739,60250,60250,42900,0.8,3.12,1.18,30,20,34.2,94.3,7.79,5.19,2025,23,,2025-11-28 17:10:22,2025-11-28 17:10:22,Boston Red Sox,BOS,0
279,Justin Slaten,,89200,68523,18888,40292,40292,31200,0.5,4.24,1.09,25,10,34.0,96.9,6.62,2.65,2025,36,,2025-11-28 17:10:22,2025-11-28 17:10:22,Boston Red Sox,BOS,0
62,Matthew Boyd,,57999,76380,75612,58950,58950,42100,0.35,3.21,1.09,154,42,179.2,93.3,7.71,2.1,2025,31,,2025-11-27 13:42:59,2025-11-27 13:42:59,Chicago Cubs,CHC,1
64,Colin Rea,,62999,61809,65775,46921,46921,36700,0.35,3.95,1.25,127,44,159.1,93.8,7.17,2.49,2025,32,,2025-11-27 13:42:59,2025-11-27 13:42:59,Chicago Cubs,CHC,1
70,Shota Imanaga,,36399,89133,75360,50614,50614,37800,0.2,3.73,0.99,117,26,144.2,90.8,7.28,1.62,2025,25,,2025-11-27 13:42:59,2025-11-27 13:42:59,Chicago Cubs,CHC,1
66,Jameson Taillon,,48399,81666,72347,48928,48928,33000,0.2,3.68,1.06,98,27,129.2,92.3,6.8,1.87,2025,23,,2025-11-27 13:42:59,2025-11-27 13:42:59,Chicago Cubs,CHC,1
63,Cade Horton,,78000,71047,67043,62800,62800,39000,0.5,2.67,1.08,97,33,118.0,95.5,7.4,2.52,2025,23,,2025-11-27 13:42:59,2025-11-27 13:42:59,Chicago Cubs,CHC,1
67,Ben Brown,,81200,47588,59952,52642,52642,79866,0.5,5.92,1.44,121,32,106.1,95.9,10.24,2.71,2025,25,,2025-11-27 13:42:59,2025-11-27 13:42:59,Chicago Cubs,CHC,1
65,Brad Keller,,50000,74475,20352,85566,85566,72533,0.5,2.07,0.96,75,22,69.2,,9.69,2.84,2025,68,,2025-11-27 13:42:59,2025-11-27 13:42:59,Chicago Cubs,CHC,1
68,Caleb Thielbar,,54000,87557,17313,70499,70499,53799,0.35,2.64,0.88,56,13,58.0,92.9,8.69,2.02,2025,67,,2025-11-27 13:42:59,2025-11-27 13:42:59,Chicago Cubs,CHC,0
69,Daniel Palencia,,92680,64491,19333,82033,82033,82266,0.5,2.91,1.14,61,16,52.2,99.6,10.42,2.73,2025,54,,2025-11-27 13:42:59,2025-11-27 13:42:59,Chicago Cubs,CHC,0
71,Drew Pomeranz,,50999,68857,17263,88833,88833,81066,0.5,2.17,1.07,57,15,49.2,92.6,10.33,2.72,2025,57,,2025-11-27 13:42:59,2025-11-27 13:42:59,Chicago Cubs,CHC,1
75,Chris Flexen,,49200,67650,37428,49553,49553,20907,0.35,3.09,1.15,22,12,43.2,92.4,4.53,2.47,2025,21,,2025-11-27 13:42:59,2025-11-27 13:42:59,Chicago Cubs,CHC,1
76,Ryan Pressly,,60000,32301,18681,37922,37922,28153,0.65,4.35,1.52,28,17,41.1,93.5,6.1,3.7,2025,44,,2025-11-27 13:42:59,2025-11-27 13:42:59,Chicago Cubs,CHC,0
72,Javier Assad,,45200,57333,63000,45757,45757,25800,0.5,3.65,1.22,23,12,37.0,91.9,5.59,2.92,2025,8,,2025-11-27 13:42:59,2025-11-27 13:42:59,Chicago Cubs,CHC,1
77,Porter Hodge,,50000,20484,18333,55200,55200,88800,0.8,6.27,1.58,40,18,33.0,,10.91,4.91,2025,36,,2025-11-27 13:42:59,2025-11-27 13:42:59,Chicago Cubs,CHC,0
73,Ryan Brasier,,64000,73477,18571,39792,39792,34200,0.2,4.5,1.23,20,5,26.0,93.9,6.92,1.73,2025,28,,2025-11-27 13:42:59,2025-11-27 13:42:59,Chicago Cubs,CHC,1
74,Justin Steele,,50000,74507,71000,44892,44892,48400,0.2,4.76,1.15,21,5,22.2,,8.34,1.99,2025,4,,2025-11-27 13:42:59,2025-11-27 13:42:59,Chicago Cubs,CHC,1
372,Shane Smith,,80399,49819,66303,59771,59771,58400,0.65,3.81,1.2,145,58,146.1,95.8,8.92,3.57,2025,29,,2025-11-28 17:12:40,2025-11-28 17:12:40,Chicago White Sox,CHW,1
374,Davis Martin,,65999,51840,69753,41728,41728,30599,0.5,4.1,1.29,104,48,142.2,94.1,6.56,3.03,2025,26,,2025-11-28 17:12:40,2025-11-28 17:12:40,Chicago White Sox,CHW,1
376,Sean Burke,,70799,28938,64314,53946,53946,58200,0.65,4.22,1.44,133,63,134.1,94.6,8.91,4.22,2025,28,,2025-11-28 17:12:40,2025-11-28 17:12:40,Chicago White Sox,CHW,1
380,Jonathan Cannon,,65000,37922,63527,33104,33104,39700,0.5,5.82,1.49,86,38,103.2,94.0,7.47,3.3,2025,22,,2025-11-28 17:12:40,2025-11-28 17:12:40,Chicago White Sox,CHW,1
378,Mike Vasil,,71600,36941,38652,64050,64050,38100,0.8,2.5,1.25,82,52,101.0,94.7,7.31,4.63,2025,47,,2025-11-28 17:12:40,2025-11-28 17:12:40,Chicago White Sox,CHW,1
383,Brandon Eisert,,29933,40213,19222,58938,58938,70800,0.5,4.39,1.44,74,25,69.2,89.8,9.56,3.23,2025,72,,2025-11-28 17:12:40,2025-11-28 17:12:40,Chicago White Sox,CHW,1
377,Jordan Leasure,,85200,41277,18852,75500,75500,93000,0.65,3.92,1.23,81,30,64.1,96.4,11.33,4.2,2025,68,,2025-11-28 17:12:40,2025-11-28 17:12:40,Chicago White Sox,CHW,1
375,Martin Perez,,29966,55194,66727,52278,52278,35700,0.65,3.54,1.11,44,22,56.0,89.9,7.07,3.54,2025,11,,2025-11-28 17:12:40,2025-11-28 17:12:40,Chicago White Sox,CHW,1
381,Steven Wilson,,65000,44073,18677,59800,59800,48000,0.65,3.42,1.3,51,22,55.1,94.0,8.3,3.58,2025,59,,2025-11-28 17:12:40,2025-11-28 17:12:40,Chicago White Sox,CHW,0
379,Tyler Gilbert,,35600,39866,22173,56071,56071,53000,0.65,3.88,1.25,49,24,51.0,90.7,8.65,4.24,2025,46,,2025-11-28 17:12:40,2025-11-28 17:12:40,Chicago White Sox,CHW,1
385,Bryse Wilson,,55000,27219,41400,21003,21003,24553,0.65,6.65,1.82,28,19,47.1,93.0,5.32,3.61,2025,20,,2025-11-28 17:12:40,2025-11-28 17:12:40,Chicago White Sox,CHW,1
373,Grant Taylor,,91752,35764,20111,69538,69538,100000,0.65,4.91,1.42,54,15,36.2,98.7,13.25,3.68,2025,36,,2025-11-28 17:12:40,2025-11-28 17:12:40,Chicago White Sox,CHW,1
386,Cam Booser,,80399,17151,15897,54290,54290,78800,0.8,5.52,1.52,35,19,31.0,95.8,10.16,5.52,2025,39,,2025-11-28 17:12:40,2025-11-28 17:12:40,Chicago White Sox,CHW,0
384,Dan Altavilla,,82799,41161,20714,60299,60299,30199,0.8,2.48,1.17,21,15,29.0,96.1,6.52,4.66,2025,28,,2025-11-28 17:12:40,2025-11-28 17:12:40,Chicago White Sox,CHW,0
382,Wikelman Gonzalez,,74799,32952,25125,88718,88718,90636,0.8,2.66,1.23,25,12,20.1,95.1,11.07,5.31,2025,16,,2025-11-28 17:12:40,2025-11-28 17:12:40,Chicago White Sox,CHW,0
79,Brady Singer,,42000,52507,68300,53928,53928,53000,0.5,4.03,1.24,163,60,169.2,91.5,8.65,3.18,2025,32,,2025-11-27 13:43:22,2025-11-27 13:43:22,Cincinnati Reds,CIN,1
78,Andrew Abbott,,52000,69650,74551,64100,64100,45600,0.35,2.87,1.15,149,43,166.1,92.7,8.06,2.33,2025,29,,2025-11-27 13:43:22,2025-11-27 13:43:22,Cincinnati Reds,CIN,1
82,Nick Martinez,,50999,67031,59040,37614,37614,29076,0.35,4.45,1.21,116,42,165.2,92.6,6.3,2.28,2025,40,,2025-11-27 13:43:22,2025-11-27 13:43:22,Cincinnati Reds,CIN,1
81,Nick Lodolo,,62999,81533,69089,66300,66300,59200,0.2,3.33,1.08,156,31,156.2,93.8,8.96,1.78,2025,29,,2025-11-27 13:43:22,2025-11-27 13:43:22,Cincinnati Reds,CIN,1
80,Hunter Greene,,92474,84814,72842,87536,87536,90272,0.35,2.76,0.94,132,26,107.2,99.4,11.03,2.17,2025,19,,2025-11-27 13:43:22,2025-11-27 13:43:22,Cincinnati Reds,CIN,1
85,Tony Santillan,,83600,55194,18300,77200,77200,63200,0.65,2.44,1.11,75,29,73.2,96.2,9.16,3.54,2025,80,,2025-11-27 13:43:22,2025-11-27 13:43:22,Cincinnati Reds,CIN,0
86,Emilio Pagan,,79600,74871,19485,83666,83666,84933,0.5,2.88,0.92,81,22,68.2,95.7,10.62,2.88,2025,70,,2025-11-27 13:43:22,2025-11-27 13:43:22,Cincinnati Reds,CIN,0
88,Scott Barlow,,47600,19054,18160,62456,62456,75066,0.8,4.21,1.39,75,45,68.1,92.2,9.88,5.93,2025,75,,2025-11-27 13:43:22,2025-11-27 13:43:22,Cincinnati Reds,CIN,1
89,Brent Suter,,50000,60982,28000,40288,40288,35500,0.35,4.52,1.29,53,18,67.2,,7.05,2.39,2025,48,,2025-11-27 13:43:22,2025-11-27 13:43:22,Cincinnati Reds,CIN,1
83,Graham Ashcraft,,50000,38764,20999,56200,56200,56400,0.5,3.99,1.42,64,25,65.1,,8.82,3.44,2025,62,,2025-11-27 13:43:22,2025-11-27 13:43:22,Cincinnati Reds,CIN,0
84,Chase Burns,,91649,46147,52523,72153,72153,100000,0.5,4.57,1.32,67,16,43.1,98.6,13.92,3.32,2025,13,,2025-11-27 13:43:22,2025-11-27 13:43:22,Cincinnati Reds,CIN,1
90,Lyon Richardson,,78799,20487,21882,40734,40734,36700,0.8,4.54,1.54,30,21,37.2,95.6,7.17,5.02,2025,34,,2025-11-27 13:43:22,2025-11-27 13:43:22,Cincinnati Reds,CIN,0
91,Ian Gibaut,,65999,51613,20080,34069,34069,24600,0.5,4.62,1.34,15,8,25.1,94.1,5.33,2.84,2025,25,,2025-11-27 13:43:22,2025-11-27 13:43:22,Cincinnati Reds,CIN,0
87,Connor Phillips,,91134,57899,23809,88563,88563,94727,0.65,2.88,0.92,32,12,25.0,98.1,11.52,4.32,2025,21,,2025-11-27 13:43:22,2025-11-27 13:43:22,Cincinnati Reds,CIN,0
92,Luis Mey,,91134,11482,18260,65700,65700,60000,0.8,3.43,1.62,21,17,21.0,98.1,9.0,7.29,2025,23,,2025-11-27 13:43:22,2025-11-27 13:43:22,Cincinnati Reds,CIN,0
314,Tanner Bibee,,69000,60348,77483,47192,47192,45000,0.5,4.24,1.23,162,54,182.1,94.4,8.0,2.67,2025,31,,2025-11-28 17:11:19,2025-11-28 17:11:19,Cleveland Guardians,CLE,1
317,Gavin Williams,,87600,37105,69148,72299,72299,65799,0.65,3.06,1.27,173,83,167.2,96.7,9.29,4.46,2025,31,,2025-11-28 17:11:19,2025-11-28 17:11:19,Cleveland Guardians,CLE,1
315,Logan Allen,,39600,38441,67653,42165,42165,35100,0.65,4.25,1.4,122,62,156.2,91.2,7.01,3.56,2025,30,,2025-11-28 17:11:19,2025-11-28 17:11:19,Cleveland Guardians,CLE,1
323,Slade Cecconi,,67999,69571,74782,43880,43880,39300,0.35,4.3,1.19,109,32,132.0,94.3,7.43,2.18,2025,23,,2025-11-28 17:11:19,2025-11-28 17:11:19,Cleveland Guardians,CLE,1
316,Joey Cantillo,,44399,41485,47294,77566,77566,79333,0.65,3.21,1.26,108,42,95.1,91.8,10.2,3.97,2025,34,,2025-11-28 17:11:19,2025-11-28 17:11:19,Cleveland Guardians,CLE,1
320,Luis L. Ortiz,,86000,32167,70250,60369,60369,73200,0.65,4.36,1.38,96,42,88.2,96.5,9.74,4.26,2025,16,,2025-11-28 17:11:19,2025-11-28 17:11:19,Cleveland Guardians,CLE,1
313,Cade Smith,,86000,79237,19263,90700,90700,100000,0.35,2.93,1.0,104,19,73.2,96.5,12.71,2.32,2025,76,,2025-11-28 17:11:19,2025-11-28 17:11:19,Cleveland Guardians,CLE,0
322,Hunter Gaddis,,71600,60142,18136,76300,76300,74800,0.5,3.11,1.19,73,21,66.2,94.7,9.86,2.84,2025,73,,2025-11-28 17:11:19,2025-11-28 17:11:19,Cleveland Guardians,CLE,0
325,Jakob Junis,,40399,63777,23228,59950,59950,39300,0.35,2.97,1.23,55,18,66.2,91.3,7.43,2.43,2025,57,,2025-11-28 17:11:19,2025-11-28 17:11:19,Cleveland Guardians,CLE,0
324,Kolby Allard,,30000,72444,36262,57130,57130,26861,0.2,2.63,1.2,42,14,65.0,90.0,5.82,1.94,2025,33,,2025-11-28 17:11:19,2025-11-28 17:11:19,Cleveland Guardians,CLE,1
321,Matt Festa,,45200,71761,17206,58342,58342,64400,0.35,4.12,1.08,56,15,54.2,91.9,9.22,2.47,2025,63,,2025-11-28 17:11:19,2025-11-28 17:11:19,Cleveland Guardians,CLE,0
318,Emmanuel Clase,,50000,65920,19625,67099,67099,58799,0.35,3.23,1.23,47,12,47.1,,8.94,2.28,2025,48,,2025-11-28 17:11:19,2025-11-28 17:11:19,Cleveland Guardians,CLE,0
326,Ben Lively,,31600,57571,65288,51276,51276,26953,0.5,3.22,1.19,29,15,44.2,90.2,5.84,3.02,2025,9,,2025-11-28 17:11:19,2025-11-28 17:11:19,Cleveland Guardians,CLE,1
329,Tim Herrin,,71600,12517,15629,54900,54900,69800,0.8,4.85,1.57,45,30,42.2,94.7,9.49,6.33,2025,54,,2025-11-28 17:11:19,2025-11-28 17:11:19,Cleveland Guardians,CLE,0
319,Parker Messick,,52000,72635,72000,68999,68999,52399,0.2,2.72,1.31,38,6,39.2,92.7,8.62,1.36,2025,7,,2025-11-28 17:11:19,2025-11-28 17:11:19,Cleveland Guardians,CLE,1
328,Nic Enright,,57000,53166,22962,76800,76800,54200,0.5,2.03,1.16,30,12,31.0,93.2,8.71,3.48,2025,27,,2025-11-28 17:11:19,2025-11-28 17:11:19,Cleveland Guardians,CLE,0
327,Erik Sabrowski,,64000,30000,17636,100000,100000,100000,0.8,1.84,1.19,42,21,29.1,93.9,12.89,6.44,2025,33,,2025-11-28 17:11:19,2025-11-28 17:11:19,Cleveland Guardians,CLE,0
170,Kyle Freeland,,42799,57478,67858,35799,35799,33600,0.35,4.98,1.42,124,38,162.2,91.6,6.86,2.1,2025,31,,2025-11-27 13:45:59,2025-11-27 13:45:59,Colorado Rockies,COL,1
179,Antonio Senzatela,,74799,31306,60666,20380,20380,23307,0.5,6.65,1.84,73,47,130.0,95.1,5.05,3.25,2025,30,,2025-11-27 13:45:59,2025-11-27 13:45:59,Colorado Rockies,COL,1
176,German Marquez,,73200,31870,64800,22092,22092,27276,0.5,6.7,1.71,83,48,126.1,94.9,5.91,3.42,2025,26,,2025-11-27 13:45:59,2025-11-27 13:45:59,Colorado Rockies,COL,1
178,Chase Dollander,,91030,24181,63333,29586,29586,40300,0.8,6.52,1.55,82,49,98.0,98.0,7.53,4.5,2025,21,,2025-11-27 13:45:59,2025-11-27 13:45:59,Colorado Rockies,COL,1
171,Jimmy Herget,,55000,61126,28169,72700,72700,55000,0.5,2.48,1.18,81,26,83.1,93.0,8.75,2.81,2025,59,,2025-11-27 13:45:59,2025-11-27 13:45:59,Colorado Rockies,COL,0
173,Tanner Gordon,,48399,55679,66053,30022,30022,39100,0.35,6.33,1.5,62,17,75.1,92.3,7.41,2.03,2025,15,,2025-11-27 13:45:59,2025-11-27 13:45:59,Colorado Rockies,COL,1
172,Juan Mejia,,86799,45236,22218,66628,66628,76400,0.65,3.96,1.26,68,25,61.1,96.6,9.98,3.67,2025,55,,2025-11-27 13:45:59,2025-11-27 13:45:59,Colorado Rockies,COL,0
187,Angel Chivilli,,90103,30909,27069,21990,21990,30999,0.65,7.06,1.69,43,23,58.2,97.1,6.6,3.53,2025,43,,2025-11-27 13:45:59,2025-11-27 13:45:59,Colorado Rockies,COL,0
188,Bradley Blalock,,70799,27806,59257,9553,9553,19107,0.65,9.36,1.84,27,23,58.2,94.6,4.14,3.53,2025,14,,2025-11-27 13:45:59,2025-11-27 13:45:59,Colorado Rockies,COL,1
183,Austin Gomber,,29800,42270,64133,16398,16398,24507,0.5,7.49,1.72,34,17,57.2,89.4,5.31,2.65,2025,12,,2025-11-27 13:45:59,2025-11-27 13:45:59,Colorado Rockies,COL,1
174,Victor Vodnik,,91752,28291,19307,66799,66799,53999,0.8,3.02,1.4,49,26,50.2,98.7,8.7,4.62,2025,52,,2025-11-27 13:45:59,2025-11-27 13:45:59,Colorado Rockies,COL,0
186,Ryan Rolison,,52999,21504,27161,18962,18962,24507,0.65,7.02,1.77,25,20,42.1,92.8,5.31,4.25,2025,31,,2025-11-27 13:45:59,2025-11-27 13:45:59,Colorado Rockies,COL,1
180,Seth Halvorsen,,93195,22024,18666,42273,42273,46700,0.8,4.99,1.56,36,21,39.2,100.1,8.17,4.76,2025,42,,2025-11-27 13:45:59,2025-11-27 13:45:59,Colorado Rockies,COL,0
184,Anthony Molina,,78799,57848,36823,19721,19721,28753,0.2,7.27,1.67,24,6,34.2,95.6,6.23,1.56,2025,17,,2025-11-27 13:45:59,2025-11-27 13:45:59,Colorado Rockies,COL,1
185,Carson Palmquist,,33200,2793,56311,17900,17900,35800,0.8,8.91,2.04,27,25,34.1,90.4,7.08,6.55,2025,9,,2025-11-27 13:45:59,2025-11-27 13:45:59,Colorado Rockies,COL,1
182,Zach Agnos,,80399,21744,20733,21545,21545,25200,0.8,6.61,1.53,19,17,31.1,95.8,5.46,4.88,2025,30,,2025-11-27 13:45:59,2025-11-27 13:45:59,Colorado Rockies,COL,0
175,Ryan Feltner,,65999,34879,66133,40369,40369,39200,0.65,4.75,1.48,25,12,30.1,94.1,7.42,3.56,2025,6,,2025-11-27 13:45:59,2025-11-27 13:45:59,Colorado Rockies,COL,1
177,Jaden Hill,,86799,41058,20785,71266,71266,70133,0.65,3.38,1.33,31,12,29.1,96.6,9.51,3.68,2025,28,,2025-11-27 13:45:59,2025-11-27 13:45:59,Colorado Rockies,COL,0
181,McCade Brown,,67999,7437,54800,27654,27654,45600,0.8,7.36,1.83,23,17,25.2,94.3,8.06,5.96,2025,7,,2025-11-27 13:45:59,2025-11-27 13:45:59,Colorado Rockies,COL,1
330,Tarik Skubal,,90721,93400,85870,93354,93354,90909,0.2,2.21,0.89,241,33,195.1,97.7,11.1,1.52,2025,31,,2025-11-28 17:11:47,2025-11-28 17:11:47,Detroit Tigers,DET,1
331,Jack Flaherty,,55999,48750,67548,63348,63348,83466,0.5,4.64,1.28,188,59,161.0,93.1,10.51,3.3,2025,31,,2025-11-28 17:11:47,2025-11-28 17:11:47,Detroit Tigers,DET,1
332,Casey Mize,,71600,65269,68571,54214,54214,49000,0.35,3.87,1.27,139,36,149.0,94.7,8.4,2.17,2025,28,,2025-11-28 17:11:47,2025-11-28 17:11:47,Detroit Tigers,DET,1
337,Keider Montero,,65000,45243,62080,41942,41942,36500,0.5,4.37,1.39,72,31,90.2,94.0,7.15,3.08,2025,20,,2025-11-28 17:11:47,2025-11-28 17:11:47,Detroit Tigers,DET,1
341,Tyler Holton,,46799,82000,22342,51814,51814,38200,0.2,3.66,1.04,64,17,78.2,92.1,7.32,1.94,2025,70,,2025-11-28 17:11:47,2025-11-28 17:11:47,Detroit Tigers,DET,1
333,Will Vest,,88399,58459,21312,77100,77100,74400,0.5,3.01,1.21,75,22,68.2,96.8,9.83,2.88,2025,64,,2025-11-28 17:11:47,2025-11-28 17:11:47,Detroit Tigers,DET,0
334,Reese Olson,,69000,52888,67969,63699,63699,50399,0.5,3.15,1.21,65,25,68.2,94.4,8.52,3.28,2025,13,,2025-11-28 17:11:47,2025-11-28 17:11:47,Detroit Tigers,DET,1
335,Brant Hurter,,47600,38808,29302,82100,82100,72800,0.65,2.43,1.33,68,27,63.0,92.2,9.71,3.86,2025,43,,2025-11-28 17:11:47,2025-11-28 17:11:47,Detroit Tigers,DET,1
342,Tommy Kahnle,,62000,35598,19090,41430,41430,36400,0.65,4.43,1.3,50,31,63.0,93.7,7.14,4.43,2025,66,,2025-11-28 17:11:47,2025-11-28 17:11:47,Detroit Tigers,DET,0
336,Brenan Hanifee,,83600,63361,22222,53846,53846,27692,0.35,3.0,1.32,40,14,60.0,96.2,6.0,2.1,2025,54,,2025-11-28 17:11:47,2025-11-28 17:11:47,Detroit Tigers,DET,0
338,Jackson Jobe,,87600,21972,65200,43146,43146,36600,0.8,4.22,1.49,39,27,49.0,96.7,7.16,4.96,2025,10,,2025-11-28 17:11:47,2025-11-28 17:11:47,Detroit Tigers,DET,1
339,Troy Melton,,90103,69428,47666,60350,60350,35900,0.5,2.76,1.01,36,15,45.2,97.1,7.09,2.96,2025,16,,2025-11-28 17:11:47,2025-11-28 17:11:47,Detroit Tigers,DET,1
340,Chase Lee,,29833,74714,23187,53228,53228,53599,0.35,4.1,1.1,36,9,37.1,89.5,8.68,2.17,2025,32,,2025-11-28 17:11:47,2025-11-28 17:11:47,Detroit Tigers,DET,0
343,Sawyer Gipson-Long,,54000,70800,57100,25686,25686,39700,0.2,7.18,1.28,26,6,31.1,92.9,7.47,1.72,2025,8,,2025-11-28 17:11:47,2025-11-28 17:11:47,Detroit Tigers,DET,1
344,Beau Brieske,,82000,19243,20000,24522,24522,30500,0.8,6.55,1.64,16,12,22.0,96.0,6.55,4.91,2025,22,,2025-11-28 17:11:47,2025-11-28 17:11:47,Detroit Tigers,DET,1
403,Framber Valdez,,77200,52364,83870,60413,60413,55399,0.5,3.66,1.24,187,68,192.0,95.4,8.77,3.19,2025,31,,2025-11-28 17:13:18,2025-11-28 17:13:18,Houston Astros,HOU,1
402,Hunter Brown,,86799,70809,79419,84033,84033,76666,0.5,2.43,1.03,206,57,185.1,96.6,10.0,2.77,2025,31,,2025-11-28 17:13:18,2025-11-28 17:13:18,Houston Astros,HOU,1
414,Colton Gordon,,37200,59050,60400,36380,36380,40300,0.2,5.34,1.42,72,19,86.0,90.9,7.53,1.99,2025,20,,2025-11-28 17:13:18,2025-11-28 17:13:18,Houston Astros,HOU,1
405,Steven Okert,,46000,82171,20941,81900,81900,84000,0.35,3.01,0.89,84,19,71.2,92.0,10.55,2.39,2025,68,,2025-11-28 17:13:18,2025-11-28 17:13:18,Houston Astros,HOU,1
404,Bryan Abreu,,90206,48096,20285,97200,97200,100000,0.65,2.28,1.15,105,31,71.0,97.2,13.31,3.93,2025,70,,2025-11-28 17:13:18,2025-11-28 17:13:18,Houston Astros,HOU,0
410,Bryan King,,45200,87400,20000,73500,73500,62600,0.2,2.78,1.04,69,11,68.0,91.9,9.13,1.46,2025,68,,2025-11-28 17:13:18,2025-11-28 17:13:18,Houston Astros,HOU,0
416,Lance McCullers Jr.,,44399,7551,53550,47290,47290,75600,0.8,6.51,1.81,61,39,55.1,91.8,9.92,6.34,2025,16,,2025-11-28 17:13:18,2025-11-28 17:13:18,Houston Astros,HOU,1
409,Brandon Walter,,43600,95200,78222,63700,63700,54400,0.2,3.35,0.93,52,4,53.2,91.7,8.72,0.67,2025,9,,2025-11-28 17:13:18,2025-11-28 17:13:18,Houston Astros,HOU,1
406,Josh Hader,,50000,77714,21750,99500,99500,100000,0.5,2.05,0.85,76,16,52.2,,12.99,2.73,2025,48,,2025-11-28 17:13:18,2025-11-28 17:13:18,Houston Astros,HOU,0
407,Bennett Sousa,,74000,72380,22818,83133,83133,83066,0.5,2.84,1.03,59,15,50.2,95.0,10.48,2.66,2025,44,,2025-11-28 17:13:18,2025-11-28 17:13:18,Houston Astros,HOU,0
411,Ronel Blanco,,57000,49055,68755,55828,55828,58799,0.65,4.1,1.18,48,20,48.1,93.2,8.94,3.72,2025,9,,2025-11-28 17:13:18,2025-11-28 17:13:18,Houston Astros,HOU,1
417,Kaleb Ort,,84399,26281,18775,55292,55292,71200,0.8,4.89,1.35,49,27,46.0,96.3,9.59,5.28,2025,49,,2025-11-28 17:13:18,2025-11-28 17:13:18,Houston Astros,HOU,0
408,Cristian Javier,,52999,44930,63000,45619,45619,47700,0.65,4.62,1.27,34,15,37.0,92.8,8.27,3.65,2025,8,,2025-11-28 17:13:18,2025-11-28 17:13:18,Houston Astros,HOU,1
415,Spencer Arrighetti,,57000,23589,66114,38153,38153,44000,0.8,5.35,1.42,31,20,35.1,93.2,7.9,5.09,2025,7,,2025-11-28 17:13:18,2025-11-28 17:13:18,Houston Astros,HOU,1
412,Hayden Wesneski,,65000,81766,68666,45992,45992,46600,0.2,4.5,1.09,29,6,32.0,94.0,8.16,1.69,2025,6,,2025-11-28 17:13:18,2025-11-28 17:13:18,Houston Astros,HOU,1
413,A.J. Blubaugh,,70000,72271,48787,87266,87266,74533,0.5,1.69,0.88,35,11,32.0,94.5,9.84,3.09,2025,11,,2025-11-28 17:13:18,2025-11-28 17:13:18,Houston Astros,HOU,1
345,Michael Wacha,,57999,65475,71096,45207,45207,30700,0.35,3.86,1.22,126,45,172.2,93.3,6.57,2.35,2025,31,,2025-11-28 17:12:05,2025-11-28 17:12:05,KCR,KCR,1
352,Seth Lugo,,46000,46786,71615,46914,46914,42400,0.5,4.15,1.29,125,55,145.1,92.0,7.74,3.41,2025,26,,2025-11-28 17:12:05,2025-11-28 17:12:05,KCR,KCR,1
349,Michael Lorenzen,,65999,57344,67837,44465,44465,45700,0.35,4.64,1.33,127,39,141.2,94.1,8.07,2.48,2025,27,,2025-11-28 17:12:05,2025-11-28 17:12:05,KCR,KCR,1
348,Noah Cameron,,49200,65714,75083,59700,59700,39200,0.5,2.99,1.1,114,43,138.1,92.4,7.42,2.8,2025,24,,2025-11-28 17:12:05,2025-11-28 17:12:05,KCR,KCR,1
346,Kris Bubic,,49200,58126,76100,74200,74200,59400,0.5,2.55,1.18,116,39,116.1,92.4,8.97,3.02,2025,20,,2025-11-28 17:12:05,2025-11-28 17:12:05,KCR,KCR,1
358,Daniel Lynch IV,,67000,42044,23578,53223,53223,27646,0.5,3.06,1.36,45,26,67.2,94.2,5.99,3.46,2025,57,,2025-11-28 17:12:05,2025-11-28 17:12:05,KCR,KCR,1
350,Carlos Estevez,,82799,65523,19701,64800,64800,38600,0.5,2.45,1.06,54,22,66.0,96.1,7.36,3.0,2025,67,,2025-11-28 17:12:05,2025-11-28 17:12:05,KCR,KCR,0
353,Angel Zerpa,,85200,46117,18608,48135,48135,45700,0.5,4.18,1.38,58,22,64.2,96.4,8.07,3.06,2025,69,,2025-11-28 17:12:05,2025-11-28 17:12:05,KCR,KCR,1
354,John Schreiber,,65000,62571,17297,57914,57914,54400,0.5,3.8,1.19,62,19,64.0,94.0,8.72,2.67,2025,74,,2025-11-28 17:12:05,2025-11-28 17:12:05,KCR,KCR,0
347,Cole Ragans,,78799,59555,63661,71384,71384,100000,0.5,4.67,1.18,98,20,61.2,95.6,14.3,2.92,2025,13,,2025-11-28 17:12:05,2025-11-28 17:12:05,KCR,KCR,1
351,Lucas Erceg,,90824,64111,20032,61300,61300,35400,0.5,2.64,1.17,48,18,61.1,97.8,7.04,2.64,2025,61,,2025-11-28 17:12:05,2025-11-28 17:12:05,KCR,KCR,0
355,Taylor Clarke,,74000,94400,21607,55800,55800,36600,0.2,3.25,0.85,44,9,55.1,95.0,7.16,1.46,2025,51,,2025-11-28 17:12:05,2025-11-28 17:12:05,KCR,KCR,0
356,Steven Cruz,,91443,51180,19234,51521,51521,39900,0.65,3.74,1.18,38,18,45.2,98.4,7.49,3.55,2025,47,,2025-11-28 17:12:05,2025-11-28 17:12:05,KCR,KCR,0
357,Jonathan Bowlan,,79600,50208,25941,63257,63257,66800,0.5,3.86,1.22,46,17,44.1,95.7,9.34,3.45,2025,34,,2025-11-28 17:12:05,2025-11-28 17:12:05,KCR,KCR,1
359,Sam Long,,59000,17174,20564,35376,35376,38600,0.8,5.36,1.74,33,22,40.1,93.4,7.36,4.91,2025,39,,2025-11-28 17:12:05,2025-11-28 17:12:05,KCR,KCR,0
449,Yusei Kikuchi,,74000,35139,69175,55799,55799,55599,0.65,3.99,1.42,174,74,178.1,95.0,8.78,3.73,2025,33,,2025-11-28 17:14:16,2025-11-28 17:14:16,Los Angeles Angels,LAA,1
448,Jose Soriano,,91030,31815,69612,47488,47488,45900,0.65,4.26,1.4,152,78,169.0,98.0,8.09,4.15,2025,31,,2025-11-28 17:14:16,2025-11-28 17:14:16,Los Angeles Angels,LAA,1
450,Kyle Hendricks,,28866,62142,68374,35068,35068,28753,0.35,4.76,1.28,114,43,164.2,86.6,6.23,2.35,2025,31,,2025-11-28 17:14:16,2025-11-28 17:14:16,Los Angeles Angels,LAA,1
455,Tyler Anderson,,29800,35352,67876,39080,39080,33700,0.65,4.56,1.41,104,57,136.1,89.4,6.87,3.76,2025,26,,2025-11-28 17:14:16,2025-11-28 17:14:16,Los Angeles Angels,LAA,1
463,Jack Kochanowicz,,78799,18543,64608,21331,21331,26953,0.8,6.81,1.75,72,58,111.0,95.6,5.84,4.7,2025,23,,2025-11-28 17:14:16,2025-11-28 17:14:16,Los Angeles Angels,LAA,1
451,Reid Detmers,,82000,44698,20721,74837,74837,92818,0.65,3.96,1.3,80,25,63.2,96.0,11.31,3.53,2025,61,,2025-11-28 17:14:16,2025-11-28 17:14:16,Los Angeles Angels,LAA,0
453,Brock Burke,,84399,60920,17739,56850,56850,40900,0.5,3.36,1.23,52,18,61.2,96.3,7.59,2.63,2025,69,,2025-11-28 17:14:16,2025-11-28 17:14:16,Los Angeles Angels,LAA,1
452,Kenley Jansen,,50000,74285,19032,70999,70999,53799,0.5,2.59,0.95,57,19,59.0,,8.69,2.9,2025,62,,2025-11-28 17:14:16,2025-11-28 17:14:16,Los Angeles Angels,LAA,0
462,Ryan Zeferjahn,,90515,18110,18387,68255,68255,94818,0.8,4.74,1.47,73,35,57.0,97.5,11.53,5.53,2025,62,,2025-11-28 17:14:16,2025-11-28 17:14:16,Los Angeles Angels,LAA,1
459,Connor Brogdon,,78000,43345,21860,48527,48527,67600,0.5,5.55,1.34,49,18,47.0,95.5,9.38,3.45,2025,43,,2025-11-28 17:14:16,2025-11-28 17:14:16,Los Angeles Angels,LAA,0
461,Jose Fermin,,90000,17941,17050,62800,62800,79600,0.8,4.46,1.4,39,23,34.1,97.0,10.22,6.03,2025,40,,2025-11-28 17:14:16,2025-11-28 17:14:16,Los Angeles Angels,LAA,0
460,Caden Dana,,74000,21804,62685,41990,41990,63799,0.8,6.4,1.48,33,18,32.1,95.0,9.19,5.01,2025,7,,2025-11-28 17:14:16,2025-11-28 17:14:16,Los Angeles Angels,LAA,1
458,Carson Fulmer,,52000,50527,39846,35600,35600,44800,0.5,5.83,1.23,26,11,29.1,92.7,7.98,3.38,2025,13,,2025-11-28 17:14:16,2025-11-28 17:14:16,Los Angeles Angels,LAA,0
456,Mitch Farris,,34000,30062,64560,37472,37472,57600,0.65,6.66,1.44,24,11,24.1,90.5,8.88,4.07,2025,5,,2025-11-28 17:14:16,2025-11-28 17:14:16,Los Angeles Angels,LAA,1
457,Hunter Strickland,,60999,42102,23157,50523,50523,26446,0.65,3.27,1.23,14,10,22.0,93.6,5.73,4.09,2025,19,,2025-11-28 17:14:16,2025-11-28 17:14:16,Los Angeles Angels,LAA,0
454,Sam Bachman,,82799,24292,17478,33531,33531,44700,0.65,6.2,1.57,18,10,20.1,96.1,7.97,4.43,2025,23,,2025-11-28 17:14:16,2025-11-28 17:14:16,Los Angeles Angels,LAA,0
136,Yoshinobu Yamamoto,,76399,69333,75466,86233,86233,82266,0.5,2.49,0.99,201,59,173.2,95.3,10.42,3.06,2025,30,,2025-11-27 13:44:50,2025-11-27 13:44:50,Los Angeles Dodgers,LAD,1
137,Clayton Kershaw,,29599,59047,65026,52450,52450,32100,0.5,3.36,1.22,84,35,112.2,88.8,6.71,2.8,2025,23,,2025-11-27 13:44:50,2025-11-27 13:44:50,Los Angeles Dodgers,LAD,1
142,Tyler Glasnow,,79600,47899,66044,80166,80166,84133,0.65,3.19,1.1,106,43,90.1,95.7,10.56,4.28,2025,18,,2025-11-27 13:44:50,2025-11-27 13:44:50,Los Angeles Dodgers,LAD,1
144,Ben Casparius,,83600,61555,32376,45265,45265,47300,0.35,4.64,1.27,71,21,77.2,96.2,8.23,2.43,2025,46,,2025-11-27 13:44:50,2025-11-27 13:44:50,Los Angeles Dodgers,LAD,1
141,Jack Dreyer,,50999,68618,22716,67700,67700,54400,0.5,2.95,1.05,74,24,76.1,92.6,8.72,2.83,2025,67,,2025-11-27 13:44:50,2025-11-27 13:44:50,Los Angeles Dodgers,LAD,1
138,Emmet Sheehan,,77200,75809,64986,86266,86266,88933,0.5,2.82,0.97,89,22,73.1,95.4,10.92,2.7,2025,15,,2025-11-27 13:44:50,2025-11-27 13:44:50,Los Angeles Dodgers,LAD,1
143,Justin Wrobleski,,82000,65634,46777,64143,64143,80133,0.35,4.32,1.23,76,17,66.2,96.0,10.26,2.3,2025,24,,2025-11-27 13:44:50,2025-11-27 13:44:50,Los Angeles Dodgers,LAD,1
146,Anthony Banda,,82000,38008,18309,62949,62949,49499,0.8,3.18,1.22,61,34,65.0,96.0,8.45,4.71,2025,71,,2025-11-27 13:44:50,2025-11-27 13:44:50,Los Angeles Dodgers,LAD,1
139,Blake Snell,,74799,43361,71090,88633,88633,84266,0.65,2.35,1.26,72,26,61.1,95.1,10.57,3.82,2025,11,,2025-11-27 13:44:50,2025-11-27 13:44:50,Los Angeles Dodgers,LAD,1
145,Alex Vesia,,52000,65833,17411,89663,89663,99727,0.5,3.02,0.99,80,22,59.2,92.7,12.07,3.32,2025,68,,2025-11-27 13:44:50,2025-11-27 13:44:50,Los Angeles Dodgers,LAD,0
147,Tanner Scott,,86000,56253,18688,55546,55546,69400,0.5,4.74,1.26,60,18,57.0,96.5,9.47,2.84,2025,61,,2025-11-27 13:44:50,2025-11-27 13:44:50,Los Angeles Dodgers,LAD,0
140,Shohei Ohtani,,91237,84800,52857,90254,90254,97909,0.2,2.87,1.04,62,9,47.0,98.2,11.87,1.72,2025,14,,2025-11-27 13:44:50,2025-11-27 13:44:50,Los Angeles Dodgers,LAD,1
149,Landon Knack,,55999,33229,59680,48991,48991,58599,0.65,4.89,1.39,42,19,42.1,93.1,8.93,4.04,2025,10,,2025-11-27 13:44:50,2025-11-27 13:44:50,Los Angeles Dodgers,LAD,1
148,Kirby Yates,,52999,40808,16440,63531,63531,92909,0.65,5.23,1.33,52,17,41.1,92.8,11.32,3.7,2025,50,,2025-11-27 13:44:50,2025-11-27 13:44:50,Los Angeles Dodgers,LAD,0
153,Roki Sasaki,,85200,20300,54880,40200,40200,34400,0.8,4.46,1.43,28,22,36.1,96.4,6.94,5.45,2025,10,,2025-11-27 13:44:50,2025-11-27 13:44:50,Los Angeles Dodgers,LAD,1
150,Tony Gonsolin,,60000,28014,67142,53846,53846,70000,0.8,5.0,1.42,38,18,36.0,93.5,9.5,4.5,2025,7,,2025-11-27 13:44:50,2025-11-27 13:44:50,Los Angeles Dodgers,LAD,1
152,Matt Sauer,,67000,51000,48933,29154,29154,37800,0.35,6.37,1.45,24,8,29.2,94.2,7.28,2.43,2025,10,,2025-11-27 13:44:50,2025-11-27 13:44:50,Los Angeles Dodgers,LAD,1
151,Blake Treinen,,75600,6931,16374,65769,65769,100000,0.8,5.4,1.84,36,19,26.2,95.2,12.15,6.41,2025,32,,2025-11-27 13:44:50,2025-11-27 13:44:50,Los Angeles Dodgers,LAD,0
34,Sandy Alcantara,,90721,54269,72387,35176,35176,38200,0.5,5.36,1.27,142,57,174.2,97.7,7.32,2.94,2025,31,,2025-11-27 13:42:05,2025-11-27 13:42:05,Miami Marlins,MIA,1
32,Edward Cabrera,,90000,53634,68215,71637,71637,74133,0.5,3.53,1.23,150,48,137.2,97.0,9.81,3.14,2025,26,,2025-11-27 13:42:05,2025-11-27 13:42:05,Miami Marlins,MIA,1
31,Janson Junk,,60999,82777,67904,39966,39966,29076,0.2,4.17,1.14,77,13,110.0,93.6,6.3,1.06,2025,21,,2025-11-27 13:42:05,2025-11-27 13:42:05,Miami Marlins,MIA,1
33,Eury Perez,,90824,65904,64040,62348,62348,75466,0.5,4.25,1.05,105,32,95.1,97.8,9.91,3.02,2025,20,,2025-11-27 13:42:05,2025-11-27 13:42:05,Miami Marlins,MIA,1
45,Valente Bellozo,,36399,56344,43791,35338,35338,27600,0.5,4.65,1.33,54,23,81.1,90.8,5.98,2.55,2025,32,,2025-11-27 13:42:05,2025-11-27 13:42:05,Miami Marlins,MIA,1
41,Tyler Phillips,,82000,63222,28592,56115,56115,27830,0.5,2.78,1.15,52,24,77.2,96.0,6.03,2.78,2025,54,,2025-11-27 13:42:05,2025-11-27 13:42:05,Miami Marlins,MIA,1
35,Ronny Henriquez,,87600,58375,21159,97709,97709,99818,0.5,2.22,1.1,98,27,73.0,96.7,12.08,3.33,2025,69,,2025-11-27 13:42:05,2025-11-27 13:42:05,Miami Marlins,MIA,0
40,Lake Bachar,,72399,46944,26792,63923,63923,70133,0.65,3.93,1.2,75,30,71.0,94.8,9.51,3.8,2025,53,,2025-11-27 13:42:05,2025-11-27 13:42:05,Miami Marlins,MIA,1
36,Max Meyer,,74799,47764,68800,55523,55523,69200,0.5,4.73,1.42,68,20,64.2,95.1,9.46,2.78,2025,12,,2025-11-27 13:42:05,2025-11-27 13:42:05,Miami Marlins,MIA,1
43,Calvin Faucher,,82000,45250,18492,65200,65200,56000,0.65,3.28,1.28,59,24,60.1,96.0,8.8,3.58,2025,65,,2025-11-27 13:42:05,2025-11-27 13:42:05,Miami Marlins,MIA,0
38,Cade Gibson,,45200,51750,24636,61600,61600,35800,0.5,2.63,1.19,43,21,54.2,91.9,7.08,3.46,2025,44,,2025-11-27 13:42:05,2025-11-27 13:42:05,Miami Marlins,MIA,1
37,Anthony Bender,,82000,55416,19607,68700,68700,40600,0.65,2.16,1.06,42,21,50.0,96.0,7.56,3.78,2025,51,,2025-11-27 13:42:05,2025-11-27 13:42:05,Miami Marlins,MIA,0
39,Ryan Weathers,,88399,55428,64100,54899,54899,53799,0.5,3.99,1.28,37,12,38.1,96.8,8.69,2.82,2025,8,,2025-11-27 13:42:05,2025-11-27 13:42:05,Miami Marlins,MIA,1
47,George Soriano,,82000,18429,30111,28400,28400,56800,0.8,8.35,1.77,36,19,36.2,96.0,8.84,4.66,2025,24,,2025-11-27 13:42:05,2025-11-27 13:42:05,Miami Marlins,MIA,0
46,Josh Simpson,,69000,7137,19483,47096,47096,84266,0.8,7.34,1.83,36,22,30.2,94.4,10.57,6.46,2025,31,,2025-11-27 13:42:05,2025-11-27 13:42:05,Miami Marlins,MIA,0
42,Adam Mazur,,71600,33965,66000,33538,33538,26307,0.65,4.8,1.5,19,12,30.0,94.7,5.7,3.6,2025,6,,2025-11-27 13:42:05,2025-11-27 13:42:05,Miami Marlins,MIA,1
44,Connor Gillispie,,42000,28237,60666,22300,22300,44600,0.65,8.65,1.65,23,11,26.0,91.5,7.96,3.81,2025,6,,2025-11-27 13:42:05,2025-11-27 13:42:05,Miami Marlins,MIA,1
93,Freddy Peralta,,71600,59333,68715,83933,83933,81866,0.5,2.7,1.08,204,66,176.2,94.7,10.39,3.36,2025,33,,2025-11-27 13:43:43,2025-11-27 13:43:43,Milwaukee Brewers,MIL,1
95,Quinn Priester,,50000,57079,69337,57050,57050,40500,0.5,3.32,1.24,132,50,157.1,,7.55,2.86,2025,29,,2025-11-27 13:43:43,2025-11-27 13:43:43,Milwaukee Brewers,MIL,1
102,Jose Quintana,,32399,46661,69733,42459,42459,28061,0.5,3.96,1.29,89,50,131.2,90.3,6.08,3.42,2025,24,,2025-11-27 13:43:43,2025-11-27 13:43:43,Milwaukee Brewers,MIL,1
94,Chad Patrick,,67000,52714,61318,69904,69904,70666,0.5,3.53,1.28,127,40,119.2,94.2,9.55,3.01,2025,27,,2025-11-27 13:43:43,2025-11-27 13:43:43,Milwaukee Brewers,MIL,1
97,Abner Uribe,,92680,63625,20026,93333,93333,86666,0.5,1.67,1.04,90,27,75.1,99.6,10.75,3.23,2025,75,,2025-11-27 13:43:43,2025-11-27 13:43:43,Milwaukee Brewers,MIL,0
105,Grant Anderson,,59000,44236,20969,73100,73100,70800,0.65,3.23,1.26,74,29,69.2,93.4,9.56,3.75,2025,66,,2025-11-27 13:43:43,2025-11-27 13:43:43,Milwaukee Brewers,MIL,0
99,Aaron Ashby,,88399,55611,30527,88466,88466,80133,0.5,2.16,1.17,76,24,66.2,96.8,10.26,3.24,2025,43,,2025-11-27 13:43:43,2025-11-27 13:43:43,Milwaukee Brewers,MIL,1
100,Jacob Misiorowski,,92164,40496,61200,72678,72678,97818,0.65,4.36,1.24,87,31,66.0,99.1,11.86,4.23,2025,15,,2025-11-27 13:43:43,2025-11-27 13:43:43,Milwaukee Brewers,MIL,1
101,Jared Koenig,,80399,62825,18333,74099,74099,65399,0.5,2.86,1.17,68,20,66.0,95.8,9.27,2.73,2025,72,,2025-11-27 13:43:43,2025-11-27 13:43:43,Milwaukee Brewers,MIL,0
96,Brandon Woodruff,,55000,88257,68800,85500,85500,95000,0.2,3.2,0.91,83,14,64.2,93.0,11.55,1.95,2025,12,,2025-11-27 13:43:43,2025-11-27 13:43:43,Milwaukee Brewers,MIL,1
104,Nick Mears,,77200,84952,17841,54150,54150,38100,0.35,3.49,0.97,46,13,56.2,95.4,7.31,2.06,2025,63,,2025-11-27 13:43:43,2025-11-27 13:43:43,Milwaukee Brewers,MIL,0
107,Tobias Myers,,60000,53008,40424,50535,50535,32500,0.5,3.55,1.36,38,15,50.2,93.5,6.75,2.66,2025,22,,2025-11-27 13:43:43,2025-11-27 13:43:43,Milwaukee Brewers,MIL,1
98,Trevor Megill,,92164,57583,18799,92327,92327,94454,0.5,2.49,1.13,60,17,47.0,99.1,11.49,3.26,2025,50,,2025-11-27 13:43:43,2025-11-27 13:43:43,Milwaukee Brewers,MIL,0
106,DL Hall,,64000,53166,35466,49592,49592,28984,0.65,3.49,1.06,27,17,38.2,93.9,6.28,3.96,2025,20,,2025-11-27 13:43:43,2025-11-27 13:43:43,Milwaukee Brewers,MIL,1
103,Logan Henderson,,55999,72475,66160,98272,98272,96545,0.5,1.78,0.99,33,8,25.1,93.1,11.72,2.84,2025,5,,2025-11-27 13:43:43,2025-11-27 13:43:43,Milwaukee Brewers,MIL,1
108,Rob Zastryzny,,44399,44880,16923,68900,68900,46800,0.65,2.45,1.18,20,10,22.0,91.8,8.18,4.09,2025,26,,2025-11-27 13:43:43,2025-11-27 13:43:43,Milwaukee Brewers,MIL,1
360,Joe Ryan,,60999,80428,70322,75533,75533,79466,0.35,3.42,1.04,194,39,171.0,93.6,10.21,2.05,2025,31,,2025-11-28 17:12:23,2025-11-28 17:12:23,Minnesota Twins,MIN,1
364,Bailey Ober,,32399,67252,69288,37476,37476,38800,0.2,5.1,1.3,120,31,146.1,90.3,7.38,1.91,2025,27,,2025-11-28 17:12:23,2025-11-28 17:12:23,Minnesota Twins,MIN,1
363,Simeon Woods Richardson,,57000,43500,64643,53785,53785,53000,0.65,4.04,1.28,107,46,111.1,93.2,8.65,3.72,2025,23,,2025-11-28 17:12:23,2025-11-28 17:12:23,Minnesota Twins,MIN,1
362,Zebby Matthews,,83600,46029,65550,52872,52872,76400,0.5,5.56,1.49,88,24,79.1,96.2,9.98,2.72,2025,16,,2025-11-28 17:12:23,2025-11-28 17:12:23,Minnesota Twins,MIN,1
361,Pablo Lopez,,71600,71158,68971,69399,69399,53599,0.35,2.74,1.11,73,20,75.2,94.7,8.68,2.38,2025,14,,2025-11-28 17:12:23,2025-11-28 17:12:23,Minnesota Twins,MIN,1
366,Cole Sands,,74799,67825,20869,45192,45192,45000,0.35,4.5,1.17,64,19,72.0,95.1,8.0,2.38,2025,69,,2025-11-28 17:12:23,2025-11-28 17:12:23,Minnesota Twins,MIN,1
365,Justin Topa,,50000,48318,22222,48535,48535,38500,0.5,3.9,1.43,49,18,60.0,,7.35,2.7,2025,54,,2025-11-28 17:12:23,2025-11-28 17:12:23,Minnesota Twins,MIN,1
368,David Festa,,65000,49875,64618,45168,45168,58799,0.5,5.4,1.28,53,19,53.1,94.0,8.94,3.21,2025,11,,2025-11-28 17:12:23,2025-11-28 17:12:23,Minnesota Twins,MIN,1
367,Kody Funderburk,,50000,29383,21025,62656,62656,55599,0.65,3.51,1.51,40,18,41.0,,8.78,3.95,2025,39,,2025-11-28 17:12:23,2025-11-28 17:12:23,Minnesota Twins,MIN,0
371,Travis Adams,,70799,21605,34592,28094,28094,47899,0.8,7.49,1.66,31,17,33.2,94.6,8.29,4.54,2025,18,,2025-11-28 17:12:23,2025-11-28 17:12:23,Minnesota Twins,MIN,1
369,Pierson Ohl,,44399,54679,38571,41076,41076,46000,0.35,5.1,1.5,27,7,30.0,91.8,8.1,2.1,2025,14,,2025-11-28 17:12:23,2025-11-28 17:12:23,Minnesota Twins,MIN,1
370,Michael Tonkin,,49200,58968,22857,37919,37919,36300,0.5,4.88,1.17,19,8,24.0,92.4,7.13,3.0,2025,21,,2025-11-28 17:12:23,2025-11-28 17:12:23,Minnesota Twins,MIN,0
14,David Peterson,,49200,41330,72133,47346,47346,45000,0.5,4.22,1.37,150,65,168.2,92.4,8.0,3.47,2025,30,,2025-11-27 13:41:47,2025-11-27 13:41:47,New York Mets,NYM,1
16,Clay Holmes,,60000,43948,66048,52121,52121,35100,0.65,3.53,1.3,129,66,165.2,93.5,7.01,3.59,2025,33,,2025-11-27 13:41:47,2025-11-27 13:41:47,New York Mets,NYM,1
18,Kodai Senga,,72399,35460,67127,66400,66400,53200,0.65,3.02,1.31,109,55,113.1,94.8,8.66,4.37,2025,22,,2025-11-27 13:41:47,2025-11-27 13:41:47,New York Mets,NYM,1
20,Griffin Canning,,67999,33142,64050,54892,54892,47500,0.65,3.77,1.38,70,35,76.1,94.3,8.25,4.13,2025,16,,2025-11-27 13:41:47,2025-11-27 13:41:47,New York Mets,NYM,1
17,Tylor Megill,,79600,32669,64914,76843,76843,96545,0.65,3.95,1.36,89,33,68.1,95.7,11.72,4.35,2025,14,,2025-11-27 13:41:47,2025-11-27 13:41:47,New York Mets,NYM,1
15,Edwin Diaz,,90412,75800,21322,100000,100000,100000,0.5,1.63,0.87,98,21,66.1,97.4,13.3,2.85,2025,62,,2025-11-27 13:41:47,2025-11-27 13:41:47,New York Mets,NYM,0
24,Huascar Brazoban,,86799,43972,24230,57200,57200,46400,0.65,3.57,1.24,57,27,63.0,96.6,8.14,3.86,2025,52,,2025-11-27 13:41:47,2025-11-27 13:41:47,New York Mets,NYM,1
25,Sean Manaea,,43600,73533,58106,59826,59826,91181,0.2,5.64,1.22,75,12,60.2,91.7,11.13,1.78,2025,15,,2025-11-27 13:41:47,2025-11-27 13:41:47,New York Mets,NYM,1
28,Ryne Stanek,,91649,18967,17230,49738,49738,66400,0.8,5.3,1.57,58,32,56.0,98.6,9.32,5.14,2025,65,,2025-11-27 13:41:47,2025-11-27 13:41:47,New York Mets,NYM,0
22,Reed Garrett,,91134,35921,19000,70352,70352,82133,0.65,3.9,1.32,64,26,55.1,98.1,10.41,4.23,2025,58,,2025-11-27 13:41:47,2025-11-27 13:41:47,New York Mets,NYM,1
19,Nolan McLean,,79600,66857,80000,92333,92333,85866,0.5,2.06,1.04,57,16,48.0,95.7,10.69,3.0,2025,8,,2025-11-27 13:41:47,2025-11-27 13:41:47,New York Mets,NYM,1
29,Frankie Montas,,78000,36146,59955,30495,30495,39500,0.5,6.28,1.6,32,14,38.2,95.5,7.45,3.26,2025,9,,2025-11-27 13:41:47,2025-11-27 13:41:47,New York Mets,NYM,1
26,Max Kranick,,80399,88333,30555,46887,46887,28061,0.2,3.65,1.05,25,5,37.0,95.8,6.08,1.22,2025,24,,2025-11-27 13:41:47,2025-11-27 13:41:47,New York Mets,NYM,0
30,Brandon Waddell,,36399,50571,47696,50084,50084,29169,0.5,3.45,1.28,22,11,31.1,90.8,6.32,3.16,2025,11,,2025-11-27 13:41:47,2025-11-27 13:41:47,New York Mets,NYM,1
21,Brooks Raley,,50000,87414,16800,73199,73199,55399,0.35,2.45,0.78,25,6,25.2,,8.77,2.1,2025,30,,2025-11-27 13:41:47,2025-11-27 13:41:47,New York Mets,NYM,0
27,Justin Hagenman,,54000,85000,44370,49730,49730,55000,0.2,4.56,1.1,23,2,23.2,92.9,8.75,0.76,2025,9,,2025-11-27 13:41:47,2025-11-27 13:41:47,New York Mets,NYM,1
23,Brandon Sproat,,86000,56031,66400,39961,39961,39000,0.5,4.79,1.21,17,7,20.2,96.5,7.4,3.05,2025,4,,2025-11-27 13:41:47,2025-11-27 13:41:47,New York Mets,NYM,1
253,Max Fried,,80399,72142,81937,68500,68500,54200,0.35,2.86,1.1,189,51,195.1,95.8,8.71,2.35,2025,32,,2025-11-28 17:10:04,2025-11-28 17:10:04,New York Yankees,NYY,1
254,Carlos Rodon,,65999,61333,78242,72600,72600,67000,0.5,3.09,1.05,203,73,195.1,94.1,9.35,3.36,2025,33,,2025-11-28 17:10:04,2025-11-28 17:10:04,New York Yankees,NYY,1
255,Will Warren,,57000,39705,65296,57953,57953,69600,0.65,4.44,1.37,171,65,162.1,93.2,9.48,3.6,2025,33,,2025-11-28 17:10:04,2025-11-28 17:10:04,New York Yankees,NYY,1
258,Clarke Schmidt,,67999,57791,71714,61050,61050,48500,0.5,3.32,1.09,73,30,78.2,94.3,8.35,3.43,2025,14,,2025-11-28 17:10:04,2025-11-28 17:10:04,New York Yankees,NYY,1
257,Cameron Schlittler,,90824,45583,67714,81133,81133,81466,0.65,2.96,1.22,84,31,73.0,97.8,10.36,3.82,2025,14,,2025-11-28 17:10:04,2025-11-28 17:10:04,New York Yankees,NYY,1
267,Tim Hill,,29966,75000,19142,50569,50569,22938,0.35,3.09,1.1,37,16,67.0,89.9,4.97,2.15,2025,70,,2025-11-28 17:10:04,2025-11-28 17:10:04,New York Yankees,NYY,0
262,Luke Weaver,,74799,71333,20062,71752,71752,76933,0.5,3.62,1.02,72,20,64.2,95.1,10.02,2.78,2025,64,,2025-11-28 17:10:04,2025-11-28 17:10:04,New York Yankees,NYY,0
264,Ryan Yarbrough,,29400,62015,52947,44919,44919,42300,0.5,4.36,1.2,55,19,64.0,88.2,7.73,2.67,2025,19,,2025-11-28 17:10:04,2025-11-28 17:10:04,New York Yankees,NYY,1
256,Devin Williams,,65999,52958,18507,70461,70461,100000,0.65,4.79,1.13,90,25,62.0,94.1,13.06,3.63,2025,67,,2025-11-28 17:10:04,2025-11-28 17:10:04,New York Yankees,NYY,0
261,Luis Gil,,75600,23866,67454,51730,51730,29861,0.8,3.32,1.4,41,33,57.0,95.2,6.47,5.21,2025,11,,2025-11-28 17:10:04,2025-11-28 17:10:04,New York Yankees,NYY,1
260,Mark Leiter Jr.,,59000,38773,16305,58809,58809,77466,0.5,4.84,1.53,54,17,48.1,93.4,10.06,3.17,2025,59,,2025-11-28 17:10:04,2025-11-28 17:10:04,New York Yankees,NYY,0
259,Fernando Cruz,,64000,41250,19591,84142,84142,100000,0.8,3.56,1.19,72,24,48.0,93.9,13.5,4.5,2025,49,,2025-11-28 17:10:04,2025-11-28 17:10:04,New York Yankees,NYY,0
268,Ian Hamilton,,77200,34541,22222,58884,58884,68999,0.8,4.28,1.25,42,22,40.0,95.4,9.45,4.95,2025,36,,2025-11-28 17:10:04,2025-11-28 17:10:04,New York Yankees,NYY,1
265,Marcus Stroman,,29866,32012,60666,24864,24864,27692,0.65,6.23,1.54,26,16,39.0,89.6,6.0,3.69,2025,9,,2025-11-28 17:10:04,2025-11-28 17:10:04,New York Yankees,NYY,1
263,Yerry De Los Santos,,74000,26583,28160,55050,55050,35700,0.65,3.28,1.51,28,17,35.2,95.0,7.07,4.29,2025,25,,2025-11-28 17:10:04,2025-11-28 17:10:04,New York Yankees,NYY,0
269,Jonathan Loaisiga,,87600,41807,19466,45015,45015,40800,0.5,4.25,1.48,25,10,29.2,96.7,7.58,3.03,2025,30,,2025-11-28 17:10:04,2025-11-28 17:10:04,New York Yankees,NYY,0
266,Brent Headrick,,62999,70571,27058,87063,87063,96727,0.5,3.13,1.04,30,7,23.0,93.8,11.74,2.74,2025,17,,2025-11-28 17:10:04,2025-11-28 17:10:04,New York Yankees,NYY,0
1,Cristopher Sanchez,,50000,80380,86250,79499,79499,68999,0.2,2.5,1.06,212,44,202.0,,9.45,1.96,2025,32,,2025-11-27 13:41:25,2025-11-27 13:41:25,Philadelphia Phillies,PHI,1
2,Jesus Luzardo,,85200,59190,74500,71200,71200,84400,0.5,3.92,1.22,216,57,183.2,96.4,10.58,2.79,2025,32,,2025-11-27 13:41:25,2025-11-27 13:41:25,Philadelphia Phillies,PHI,1
3,Ranger Suarez,,39600,68047,80846,64400,64400,52800,0.35,3.2,1.22,151,38,157.1,91.2,8.64,2.17,2025,26,,2025-11-27 13:41:25,2025-11-27 13:41:25,Philadelphia Phillies,PHI,1
4,Zack Wheeler,,82000,87528,84333,91218,91218,96636,0.2,2.71,0.94,195,33,149.2,96.0,11.73,1.98,2025,24,,2025-11-27 13:41:26,2025-11-27 13:41:26,Philadelphia Phillies,PHI,1
9,Taijuan Walker,,47600,44352,54988,41160,41160,28892,0.5,4.08,1.41,86,42,123.2,92.2,6.26,3.06,2025,34,,2025-11-27 13:41:26,2025-11-27 13:41:26,Philadelphia Phillies,PHI,1
6,Aaron Nola,,44399,53453,70705,44718,44718,65000,0.5,6.01,1.35,97,28,94.1,91.8,9.25,2.67,2025,17,,2025-11-27 13:41:26,2025-11-27 13:41:26,Philadelphia Phillies,PHI,1
7,Tanner Banks,,50000,88000,19449,62550,62550,46500,0.2,3.07,1.01,61,12,67.1,92.5,8.15,1.6,2025,69,,2025-11-27 13:41:26,2025-11-27 13:41:26,Philadelphia Phillies,PHI,1
5,Matt Strahm,,47600,66428,18818,81666,81666,78133,0.5,2.74,1.07,70,20,62.1,92.2,10.11,2.89,2025,66,,2025-11-27 13:41:26,2025-11-27 13:41:26,Philadelphia Phillies,PHI,0
8,Orion Kerkering,,90412,34330,17391,73666,73666,73333,0.65,3.3,1.37,65,27,60.0,97.4,9.75,4.05,2025,69,,2025-11-27 13:41:26,2025-11-27 13:41:26,Philadelphia Phillies,PHI,0
11,Joe Ross,,65999,39871,27567,34823,34823,33800,0.5,5.12,1.47,39,18,51.0,94.1,6.88,3.18,2025,37,,2025-11-27 13:41:26,2025-11-27 13:41:26,Philadelphia Phillies,PHI,1
13,Jordan Romano,,77200,35125,17224,37842,37842,75466,0.65,8.23,1.45,47,17,42.2,95.4,9.91,3.59,2025,49,,2025-11-27 13:41:26,2025-11-27 13:41:26,Philadelphia Phillies,PHI,0
12,Max Lazar,,67999,58428,22833,33523,33523,26123,0.5,4.79,1.28,26,12,41.1,94.3,5.66,2.61,2025,36,,2025-11-27 13:41:26,2025-11-27 13:41:26,Philadelphia Phillies,PHI,0
10,Jose Alvarado,,92680,59377,18571,75934,75934,90727,0.35,3.81,1.31,32,7,26.0,99.6,11.08,2.42,2025,28,,2025-11-27 13:41:26,2025-11-27 13:41:26,Philadelphia Phillies,PHI,0
109,Paul Skenes,,91237,87000,77000,90733,90733,81466,0.35,1.97,0.95,216,42,187.2,98.2,10.36,2.01,2025,32,,2025-11-27 13:44:02,2025-11-27 13:44:02,Pittsburgh Pirates,PIT,1
110,Mitch Keller,,65999,59682,70062,45942,45942,41600,0.5,4.19,1.26,150,51,176.1,94.1,7.66,2.6,2025,32,,2025-11-27 13:44:02,2025-11-27 13:44:02,Pittsburgh Pirates,PIT,1
111,Carmen Mlodzinski,,82799,59537,48823,57235,57235,45900,0.35,3.55,1.3,89,27,99.0,96.1,8.09,2.45,2025,34,,2025-11-27 13:44:02,2025-11-27 13:44:02,Pittsburgh Pirates,PIT,1
113,Mike Burrows,,77200,56364,59391,59614,59614,61800,0.5,3.94,1.24,97,31,96.0,95.4,9.09,2.91,2025,23,,2025-11-27 13:44:02,2025-11-27 13:44:02,Pittsburgh Pirates,PIT,1
114,Dennis Santana,,71600,85371,20028,69100,69100,41800,0.35,2.18,0.87,60,17,70.1,94.7,7.68,2.18,2025,70,,2025-11-27 13:44:02,2025-11-27 13:44:02,Pittsburgh Pirates,PIT,0
112,Braxton Ashcraft,,88399,53095,45487,74600,74600,63400,0.5,2.71,1.25,71,24,69.2,96.8,9.17,3.1,2025,26,,2025-11-27 13:44:02,2025-11-27 13:44:02,Pittsburgh Pirates,PIT,1
116,Isaac Mattson,,62000,53458,21454,70500,70500,50000,0.65,2.45,1.13,45,19,47.2,93.7,8.5,3.59,2025,44,,2025-11-27 13:44:02,2025-11-27 13:44:02,Pittsburgh Pirates,PIT,0
120,Chase Shugart,,77200,56944,25714,50307,50307,28615,0.5,3.4,1.11,31,17,45.0,95.4,6.2,3.4,2025,35,,2025-11-27 13:44:02,2025-11-27 13:44:02,Pittsburgh Pirates,PIT,0
118,Johan Oviedo,,76399,35413,61644,67699,67699,67399,0.8,3.57,1.21,42,23,40.1,95.3,9.37,5.13,2025,9,,2025-11-27 13:44:02,2025-11-27 13:44:02,Pittsburgh Pirates,PIT,1
119,Kyle Nicolas,,90618,32755,24516,43596,43596,45500,0.65,4.74,1.37,34,18,38.0,97.6,8.05,4.26,2025,31,,2025-11-27 13:44:02,2025-11-27 13:44:02,Pittsburgh Pirates,PIT,0
117,Yohan Ramirez,,83600,27185,27583,65769,65769,100000,0.65,5.4,1.47,45,16,33.1,96.2,12.15,4.32,2025,24,,2025-11-27 13:44:02,2025-11-27 13:44:02,Pittsburgh Pirates,PIT,0
115,Bubba Chandler,,91649,95200,61542,56571,56571,58000,0.2,4.02,0.93,31,4,31.1,98.6,8.9,1.15,2025,7,,2025-11-27 13:44:02,2025-11-27 13:44:02,Pittsburgh Pirates,PIT,1
121,Colin Holderman,,90103,7579,21000,21325,21325,29123,0.8,7.01,1.95,18,16,25.2,97.1,6.31,5.61,2025,24,,2025-11-27 13:44:02,2025-11-27 13:44:02,Pittsburgh Pirates,PIT,0
206,Nick Pivetta,,64000,77618,76903,75400,75400,68200,0.35,2.87,0.99,190,50,181.2,93.9,9.41,2.48,2025,31,,2025-11-27 13:48:47,2025-11-27 13:48:47,SDP,SDP,1
207,Dylan Cease,,90103,39558,68000,69671,69671,94727,0.65,4.55,1.33,215,71,168.0,97.1,11.52,3.8,2025,32,,2025-11-27 13:48:47,2025-11-27 13:48:47,SDP,SDP,1
212,Randy Vasquez,,60000,43897,64057,42257,42257,24230,0.65,3.84,1.32,78,52,133.2,93.5,5.25,3.5,2025,28,,2025-11-27 13:48:47,2025-11-27 13:48:47,SDP,SDP,1
208,Adrian Morejon,,86799,86500,19520,74700,74700,51000,0.35,2.08,0.9,70,17,73.2,96.6,8.55,2.08,2025,75,,2025-11-27 13:48:47,2025-11-27 13:48:47,SDP,SDP,0
213,Michael King,,62999,54586,64986,68900,68900,66600,0.5,3.44,1.2,76,26,73.1,93.8,9.33,3.19,2025,15,,2025-11-27 13:48:47,2025-11-27 13:48:47,SDP,SDP,1
211,Jeremiah Estrada,,90927,55041,18961,85500,85500,100000,0.5,3.45,1.16,108,27,73.0,97.9,13.32,3.33,2025,77,,2025-11-27 13:48:47,2025-11-27 13:48:47,SDP,SDP,0
215,Yu Darvish,,62999,67269,64400,40923,40923,50000,0.35,5.38,1.18,68,19,72.0,93.8,8.5,2.38,2025,15,,2025-11-27 13:48:47,2025-11-27 13:48:47,SDP,SDP,1
214,Wandy Peralta,,77200,39345,20056,60650,60650,44100,0.65,3.14,1.34,63,30,71.2,95.4,7.91,3.77,2025,71,,2025-11-27 13:48:47,2025-11-27 13:48:47,SDP,SDP,1
209,Robert Suarez,,91649,86642,19771,76566,76566,72533,0.35,2.97,0.9,75,16,69.2,98.6,9.69,2.07,2025,70,,2025-11-27 13:48:47,2025-11-27 13:48:47,SDP,SDP,0
210,Jason Adam,,71600,54222,20030,85933,85933,71866,0.5,1.93,1.15,70,25,65.1,94.7,9.64,3.44,2025,65,,2025-11-27 13:48:47,2025-11-27 13:48:47,SDP,SDP,0
218,Yuki Matsui,,46799,30118,20688,54842,54842,53400,0.8,3.98,1.36,61,33,63.1,92.1,8.67,4.69,2025,61,,2025-11-27 13:48:47,2025-11-27 13:48:47,SDP,SDP,0
216,David Morgan,,90824,40002,22975,78466,78466,70133,0.65,2.66,1.23,50,23,47.1,97.8,9.51,4.37,2025,41,,2025-11-27 13:48:47,2025-11-27 13:48:47,SDP,SDP,1
217,Kyle Hart,,44399,61857,38666,34236,34236,42400,0.5,5.86,1.19,37,13,43.0,91.8,7.74,2.72,2025,20,,2025-11-27 13:48:47,2025-11-27 13:48:47,SDP,SDP,1
220,Alek Jacob,,28500,31715,22827,32176,32176,28661,0.65,5.13,1.5,23,14,33.1,85.5,6.21,3.78,2025,29,,2025-11-27 13:48:47,2025-11-27 13:48:47,SDP,SDP,0
219,Sean Reynolds,,82000,22180,28421,40457,40457,48300,0.8,5.33,1.37,25,17,27.0,96.0,8.33,5.67,2025,19,,2025-11-27 13:48:47,2025-11-27 13:48:47,SDP,SDP,1
221,Logan Webb,,52000,69364,81764,74400,74400,73200,0.35,3.22,1.24,224,46,207.0,92.7,9.74,2.0,2025,34,,2025-11-27 13:49:07,2025-11-27 13:49:07,SFG,SFG,1
222,Robbie Ray,,60999,48888,73812,64656,64656,63599,0.65,3.65,1.21,186,73,182.1,93.6,9.18,3.6,2025,32,,2025-11-27 13:49:07,2025-11-27 13:49:07,SFG,SFG,1
223,Justin Verlander,,64000,47008,67931,53049,53049,46099,0.5,3.85,1.36,137,52,152.0,93.9,8.11,3.08,2025,29,,2025-11-27 13:49:07,2025-11-27 13:49:07,SFG,SFG,1
225,Landen Roupp,,55000,31879,64618,56813,56813,52199,0.65,3.8,1.48,102,45,106.2,93.0,8.61,3.8,2025,22,,2025-11-27 13:49:07,2025-11-27 13:49:07,SFG,SFG,1
227,Spencer Bivens,,74799,53058,30000,44257,44257,32800,0.5,4.0,1.33,61,25,81.0,95.1,6.78,2.78,2025,54,,2025-11-27 13:49:07,2025-11-27 13:49:07,SFG,SFG,0
231,Hayden Birdsong,,78799,21146,50838,53584,53584,66400,0.8,4.8,1.49,68,37,65.2,95.6,9.32,5.07,2025,21,,2025-11-27 13:49:07,2025-11-27 13:49:07,SFG,SFG,1
226,Ryan Walker,,50000,58555,17970,54285,54285,56000,0.5,4.11,1.27,60,18,61.1,,8.8,2.64,2025,68,,2025-11-27 13:49:07,2025-11-27 13:49:07,SFG,SFG,0
233,Tristan Beck,,71600,68872,34172,36895,36895,30099,0.5,4.61,1.11,41,16,56.2,94.7,6.51,2.54,2025,31,,2025-11-27 13:49:07,2025-11-27 13:49:07,SFG,SFG,1
224,Randy Rodriguez,,90515,88457,20080,99090,99090,98181,0.2,1.78,0.89,67,11,50.2,97.5,11.9,1.95,2025,50,,2025-11-27 13:49:07,2025-11-27 13:49:07,SFG,SFG,0
230,Joey Lucchesi,,52000,58206,20052,50185,50185,37800,0.5,3.76,1.23,31,12,38.1,92.7,7.28,2.82,2025,38,,2025-11-27 13:49:07,2025-11-27 13:49:07,SFG,SFG,0
235,Carson Seymour,,88399,42904,40000,35769,35769,30000,0.5,4.75,1.39,26,13,36.0,96.8,6.5,3.25,2025,16,,2025-11-27 13:49:07,2025-11-27 13:49:07,SFG,SFG,1
229,Erik Miller,,90309,14586,16666,65499,65499,30999,0.8,1.5,1.47,22,20,30.0,97.3,6.6,6.0,2025,36,,2025-11-27 13:49:07,2025-11-27 13:49:07,SFG,SFG,0
228,Kai-Wei Teng,,57000,19230,55200,59027,59027,97545,0.8,6.37,1.55,39,17,29.2,93.2,11.83,5.16,2025,8,,2025-11-27 13:49:07,2025-11-27 13:49:07,SFG,SFG,1
234,Carson Whisenhunt,,50000,25068,62960,33007,33007,28476,0.8,5.01,1.46,16,12,23.1,92.5,6.17,4.63,2025,5,,2025-11-27 13:49:07,2025-11-27 13:49:07,SFG,SFG,1
232,Joel Peguero,,92989,64416,26000,62550,62550,33500,0.5,2.42,1.03,17,8,22.1,99.9,6.85,3.22,2025,17,,2025-11-27 13:49:07,2025-11-27 13:49:07,SFG,SFG,0
387,Bryan Woo,,79600,90800,84133,75933,75933,70666,0.2,2.94,0.93,198,36,186.2,95.7,9.55,1.74,2025,30,,2025-11-28 17:13:00,2025-11-28 17:13:00,Seattle Mariners,SEA,1
388,Luis Castillo,,74799,68555,72625,57278,57278,45700,0.35,3.54,1.18,162,46,180.2,95.1,8.07,2.29,2025,32,,2025-11-28 17:13:00,2025-11-28 17:13:00,Seattle Mariners,SEA,1
389,Logan Gilbert,,78000,79952,67920,84645,84645,98090,0.35,3.44,1.03,173,31,131.0,95.5,11.89,2.13,2025,25,,2025-11-28 17:13:00,2025-11-28 17:13:00,Seattle Mariners,SEA,1
390,George Kirby,,82799,71142,69826,61856,61856,73866,0.35,4.21,1.19,137,29,126.0,96.1,9.79,2.07,2025,23,,2025-11-28 17:13:00,2025-11-28 17:13:00,Seattle Mariners,SEA,1
397,Bryce Miller,,74000,39977,66044,33368,33368,38700,0.5,5.68,1.41,74,34,90.1,95.0,7.37,3.39,2025,18,,2025-11-28 17:13:00,2025-11-28 17:13:00,Seattle Mariners,SEA,1
396,Emerson Hancock,,74000,45546,58727,34384,34384,29538,0.5,4.9,1.38,64,31,90.0,95.0,6.4,3.1,2025,22,,2025-11-28 17:13:00,2025-11-28 17:13:00,Seattle Mariners,SEA,1
398,Logan Evans,,54000,40654,66550,39226,39226,30300,0.5,4.32,1.39,59,31,81.1,92.9,6.53,3.43,2025,16,,2025-11-28 17:13:00,2025-11-28 17:13:00,Seattle Mariners,SEA,1
394,Eduard Bazardo,,74799,66904,21424,78600,78600,67600,0.5,2.52,1.02,82,27,78.2,95.1,9.38,3.09,2025,73,,2025-11-28 17:13:00,2025-11-28 17:13:00,Seattle Mariners,SEA,0
401,Carlos Vargas,,86000,53167,22000,42847,42847,29123,0.5,3.97,1.35,54,23,77.0,96.5,6.31,2.69,2025,70,,2025-11-28 17:13:00,2025-11-28 17:13:00,Seattle Mariners,SEA,0
391,Andres Munoz,,91546,54366,19406,99454,99454,98909,0.65,1.73,1.03,83,28,62.1,98.5,11.98,4.04,2025,64,,2025-11-28 17:13:00,2025-11-28 17:13:00,Seattle Mariners,SEA,0
392,Gabe Speier,,74799,92800,16315,92990,92990,98181,0.2,2.61,0.87,82,11,62.0,95.1,11.9,1.6,2025,76,,2025-11-28 17:13:00,2025-11-28 17:13:00,Seattle Mariners,SEA,0
399,Casey Legumina,,69000,26024,20500,52478,52478,76266,0.8,5.62,1.45,55,25,49.2,94.4,9.97,4.53,2025,48,,2025-11-28 17:13:00,2025-11-28 17:13:00,Seattle Mariners,SEA,1
393,Matt Brash,,80399,48916,17773,90436,90436,90272,0.5,2.47,1.25,58,18,47.1,95.8,11.03,3.42,2025,53,,2025-11-28 17:13:00,2025-11-28 17:13:00,Seattle Mariners,SEA,0
400,Trent Thornton,,70000,51966,25515,37807,37807,33000,0.5,4.68,1.3,32,14,42.1,94.5,6.8,2.98,2025,33,,2025-11-28 17:13:00,2025-11-28 17:13:00,Seattle Mariners,SEA,0
395,Collin Snider,,50999,57016,21750,38730,38730,46999,0.35,5.47,1.44,24,6,26.1,92.6,8.2,2.05,2025,24,,2025-11-28 17:13:00,2025-11-28 17:13:00,Seattle Mariners,SEA,0
122,Sonny Gray,,43600,71491,72625,62784,62784,76800,0.2,4.28,1.23,201,38,180.2,91.7,10.01,1.89,2025,32,,2025-11-27 13:44:27,2025-11-27 13:44:27,St. Louis Cardinals,STL,1
128,Andre Pallante,,70000,37713,67858,30630,30630,28338,0.5,5.31,1.44,111,62,162.2,94.5,6.14,3.43,2025,31,,2025-11-27 13:44:27,2025-11-27 13:44:27,St. Louis Cardinals,STL,1
130,Miles Mikolas,,54000,62932,66283,33368,33368,26584,0.35,4.84,1.32,100,37,156.1,92.9,5.76,2.13,2025,31,,2025-11-27 13:44:27,2025-11-27 13:44:27,St. Louis Cardinals,STL,1
123,Matthew Liberatore,,64000,60092,67710,43623,43623,37400,0.35,4.21,1.31,122,40,151.2,93.9,7.24,2.37,2025,29,,2025-11-27 13:44:27,2025-11-27 13:44:27,St. Louis Cardinals,STL,1
126,Michael McGreevy,,54000,70523,72000,35907,35907,25200,0.2,4.42,1.25,58,20,95.2,92.9,5.46,1.88,2025,17,,2025-11-27 13:44:27,2025-11-27 13:44:27,St. Louis Cardinals,STL,1
124,Kyle Leahy,,77200,57634,28387,62700,62700,46800,0.5,3.07,1.23,80,28,88.0,95.4,8.18,2.86,2025,62,,2025-11-27 13:44:27,2025-11-27 13:44:27,St. Louis Cardinals,STL,1
127,JoJo Romero,,67999,39566,18769,72349,72349,46099,0.65,2.07,1.25,55,29,61.0,94.3,8.11,4.28,2025,65,,2025-11-27 13:44:27,2025-11-27 13:44:27,St. Louis Cardinals,STL,0
125,Matt Svanson,,86799,73842,30547,89266,89266,78533,0.5,1.94,0.88,68,20,60.1,96.6,10.14,2.98,2025,39,,2025-11-27 13:44:27,2025-11-27 13:44:27,St. Louis Cardinals,STL,0
135,John King,,59000,44704,18862,33484,33484,24046,0.5,4.66,1.63,28,14,48.1,93.4,5.21,2.61,2025,51,,2025-11-27 13:44:27,2025-11-27 13:44:27,St. Louis Cardinals,STL,0
131,Riley O'Brien,,50000,46247,22857,74100,74100,49400,0.65,2.06,1.15,45,22,48.0,,8.44,4.13,2025,42,,2025-11-27 13:44:27,2025-11-27 13:44:27,St. Louis Cardinals,STL,0
129,Gordon Graceffo,,79600,46443,32051,35094,35094,48699,0.5,6.28,1.47,40,13,43.0,95.7,8.37,2.72,2025,26,,2025-11-27 13:44:27,2025-11-27 13:44:27,St. Louis Cardinals,STL,0
134,Ryan Fernandez,,76399,18995,18812,41878,41878,77866,0.8,7.71,1.71,34,16,30.1,95.3,10.09,4.75,2025,32,,2025-11-27 13:44:27,2025-11-27 13:44:27,St. Louis Cardinals,STL,0
132,Andre Granillo,,70000,46974,30000,42126,42126,42100,0.5,4.71,1.38,18,7,21.0,94.5,7.71,3.0,2025,14,,2025-11-27 13:44:27,2025-11-27 13:44:27,St. Louis Cardinals,STL,0
133,Chris Roycroft,,78799,12705,20200,17386,17386,30300,0.8,7.84,1.84,15,12,20.2,95.6,6.53,5.23,2025,20,,2025-11-27 13:44:27,2025-11-27 13:44:27,St. Louis Cardinals,STL,0
285,Ryan Pepiot,,74799,55791,69148,59457,59457,59200,0.5,3.86,1.16,167,61,167.2,95.1,8.96,3.27,2025,31,,2025-11-28 17:10:39,2025-11-28 17:10:39,TBR,TBR,1
286,Shane Baz,,89200,43808,68864,54979,54979,70266,0.5,4.87,1.33,176,64,166.1,96.9,9.52,3.46,2025,31,,2025-11-28 17:10:39,2025-11-28 17:10:39,TBR,TBR,1
284,Drew Rasmussen,,80399,79333,64709,63000,63000,41200,0.35,2.76,1.02,127,37,150.0,95.8,7.62,2.22,2025,31,,2025-11-28 17:10:39,2025-11-28 17:10:39,TBR,TBR,1
289,Edwin Uceta,,64000,56111,21714,80857,80857,100000,0.5,3.79,1.17,103,27,76.0,93.9,12.2,3.2,2025,70,,2025-11-28 17:10:39,2025-11-28 17:10:39,TBR,TBR,0
290,Garrett Cleavinger,,90103,78000,18238,96181,96181,99363,0.5,2.35,0.95,82,18,61.1,97.1,12.03,2.64,2025,67,,2025-11-28 17:10:39,2025-11-28 17:10:39,TBR,TBR,0
288,Pete Fairbanks,,90309,71285,19704,69700,69700,56000,0.5,2.83,1.04,59,18,60.1,97.3,8.8,2.69,2025,61,,2025-11-28 17:10:39,2025-11-28 17:10:39,TBR,TBR,0
287,Ian Seymour,,41200,58412,50000,72209,72209,78133,0.5,3.63,1.18,64,19,57.0,91.4,10.11,3.0,2025,19,,2025-11-28 17:10:39,2025-11-28 17:10:39,TBR,TBR,1
293,Joe Boyle,,91443,28330,58000,59984,59984,77199,0.8,4.67,1.37,58,28,52.0,98.4,10.04,4.85,2025,13,,2025-11-28 17:10:39,2025-11-28 17:10:39,TBR,TBR,1
296,Mason Montgomery,,91649,16261,16140,64072,64072,100000,0.8,5.67,1.65,63,27,46.0,98.6,12.33,5.28,2025,57,,2025-11-28 17:10:39,2025-11-28 17:10:39,TBR,TBR,0
292,Mason Englert,,64000,67888,30321,58985,58985,57399,0.35,3.83,1.21,44,11,44.2,93.9,8.87,2.22,2025,29,,2025-11-28 17:10:39,2025-11-28 17:10:39,TBR,TBR,0
295,Eric Orze,,62999,33955,24969,66200,66200,52800,0.65,3.02,1.37,40,19,41.2,93.8,8.64,4.1,2025,33,,2025-11-28 17:10:39,2025-11-28 17:10:39,TBR,TBR,0
297,Kevin Kelly,,47600,61865,19121,35018,35018,44400,0.35,5.9,1.36,35,9,39.2,92.2,7.94,2.04,2025,41,,2025-11-28 17:10:39,2025-11-28 17:10:39,TBR,TBR,0
291,Manuel Rodriguez,,89200,83533,19419,68800,68800,39200,0.2,2.08,1.05,25,6,30.1,96.9,7.42,1.78,2025,31,,2025-11-28 17:10:39,2025-11-28 17:10:39,TBR,TBR,0
294,Cole Sulser,,54000,61000,24666,77400,77400,54800,0.5,1.99,1.19,22,7,22.2,92.9,8.74,2.78,2025,18,,2025-11-28 17:10:39,2025-11-28 17:10:39,TBR,TBR,0
419,Jacob deGrom,,90618,88442,74799,76233,76233,71866,0.2,2.97,0.92,185,37,172.2,97.6,9.64,1.93,2025,30,,2025-11-28 17:13:37,2025-11-28 17:13:37,Texas Rangers,TEX,1
421,Patrick Corbin,,42000,48865,66025,43911,43911,40900,0.5,4.4,1.36,131,51,155.1,91.5,7.59,2.95,2025,31,,2025-11-28 17:13:37,2025-11-28 17:13:37,Texas Rangers,TEX,1
420,Jack Leiter,,90412,40250,67710,57656,57656,55599,0.65,3.86,1.28,148,67,151.2,97.4,8.78,3.98,2025,29,,2025-11-28 17:13:37,2025-11-28 17:13:37,Texas Rangers,TEX,1
418,Nathan Eovaldi,,69000,94500,78181,79299,79299,58599,0.2,1.73,0.85,129,21,130.0,94.4,8.93,1.45,2025,22,,2025-11-28 17:13:37,2025-11-28 17:13:37,Texas Rangers,TEX,1
422,Tyler Mahle,,48399,61047,69100,64950,64950,33500,0.5,2.18,1.13,66,29,86.2,92.3,6.85,3.01,2025,16,,2025-11-28 17:13:37,2025-11-28 17:13:37,Texas Rangers,TEX,1
424,Jacob Latz,,67999,43596,44424,64000,64000,44800,0.65,2.84,1.24,76,37,85.2,94.3,7.98,3.89,2025,33,,2025-11-28 17:13:37,2025-11-28 17:13:37,Texas Rangers,TEX,1
423,Shawn Armstrong,,60999,82400,20845,76900,76900,60000,0.35,2.31,0.81,74,20,74.0,93.6,9.0,2.43,2025,71,,2025-11-28 17:13:37,2025-11-28 17:13:37,Texas Rangers,TEX,1
425,Hoby Milner,,29333,57841,19205,49742,49742,39200,0.5,3.84,1.27,58,21,70.1,88.0,7.42,2.69,2025,73,,2025-11-28 17:13:37,2025-11-28 17:13:37,Texas Rangers,TEX,0
429,Jacob Webb,,60000,73380,23999,62050,62050,44100,0.5,3.0,1.03,58,19,66.0,93.5,7.91,2.59,2025,55,,2025-11-28 17:13:37,2025-11-28 17:13:37,Texas Rangers,TEX,0
428,Kumar Rocker,,81200,39543,62628,35340,35340,43300,0.5,5.74,1.46,56,23,64.1,95.9,7.83,3.22,2025,14,,2025-11-28 17:13:37,2025-11-28 17:13:37,Texas Rangers,TEX,1
427,Robert Garcia,,70000,53237,18028,75900,75900,70800,0.5,2.95,1.25,68,22,64.0,94.5,9.56,3.09,2025,71,,2025-11-28 17:13:37,2025-11-28 17:13:37,Texas Rangers,TEX,0
431,Caleb Boushley,,48399,41659,32986,37363,37363,50399,0.5,6.02,1.57,41,14,43.1,92.3,8.52,2.91,2025,25,,2025-11-28 17:13:37,2025-11-28 17:13:37,Texas Rangers,TEX,1
426,Chris Martin,,73200,75444,17183,71600,71600,62800,0.2,2.98,1.2,43,8,42.1,94.9,9.14,1.7,2025,49,,2025-11-28 17:13:37,2025-11-28 17:13:37,Texas Rangers,TEX,0
430,Cole Winn,,84399,63458,24969,70300,70300,40600,0.65,1.51,0.96,35,17,41.2,96.3,7.56,3.67,2025,33,,2025-11-28 17:13:37,2025-11-28 17:13:37,Texas Rangers,TEX,0
236,Kevin Gausman,,70000,75095,80625,61814,61814,56200,0.35,3.59,1.06,189,50,193.0,94.5,8.81,2.33,2025,32,,2025-11-28 17:09:46,2025-11-28 17:09:46,Toronto Blue Jays,TOR,1
237,Chris Bassitt,,41200,53487,68525,56128,56128,55399,0.5,3.96,1.33,166,52,170.1,91.4,8.77,2.75,2025,32,,2025-11-28 17:09:46,2025-11-28 17:09:46,Toronto Blue Jays,TOR,1
239,Jose Berrios,,55000,51109,68838,45328,45328,39800,0.5,4.17,1.3,138,56,166.0,93.0,7.48,3.04,2025,31,,2025-11-28 17:09:46,2025-11-28 17:09:46,Toronto Blue Jays,TOR,1
238,Eric Lauer,,42799,73158,55771,65899,65899,55399,0.35,3.18,1.11,102,26,104.2,91.6,8.77,2.24,2025,28,,2025-11-28 17:09:46,2025-11-28 17:09:46,Toronto Blue Jays,TOR,1
243,Max Scherzer,,60000,60268,66000,44184,44184,53599,0.35,5.19,1.29,82,23,85.0,93.5,8.68,2.44,2025,17,,2025-11-28 17:09:46,2025-11-28 17:09:46,Toronto Blue Jays,TOR,1
246,Yariel Rodriguez,,79600,45796,22121,62400,62400,46400,0.65,3.08,1.15,66,34,73.0,95.7,8.14,4.19,2025,66,,2025-11-28 17:09:46,2025-11-28 17:09:46,Toronto Blue Jays,TOR,1
240,Brendon Little,,77200,20819,17240,89200,89200,99000,0.8,3.03,1.36,91,45,68.1,95.4,11.99,5.93,2025,79,,2025-11-28 17:09:46,2025-11-28 17:09:46,Toronto Blue Jays,TOR,0
250,Jeff Hoffman,,85200,50375,19154,69237,69237,91090,0.65,4.37,1.19,84,27,68.0,96.4,11.12,3.57,2025,71,,2025-11-28 17:09:46,2025-11-28 17:09:46,Toronto Blue Jays,TOR,0
251,Bowden Francis,,50999,30844,62571,32450,32450,40900,0.65,6.05,1.53,54,27,64.0,92.6,7.59,3.8,2025,14,,2025-11-28 17:09:46,2025-11-28 17:09:46,Toronto Blue Jays,TOR,1
245,Mason Fluharty,,50000,47027,18981,58620,58620,70933,0.65,4.44,1.14,56,24,52.2,,9.57,4.1,2025,55,,2025-11-28 17:09:46,2025-11-28 17:09:46,Toronto Blue Jays,TOR,0
241,Braydon Fisher,,78000,62583,19230,88727,88727,91454,0.5,2.7,1.02,62,19,50.0,95.5,11.16,3.42,2025,52,,2025-11-28 17:09:46,2025-11-28 17:09:46,Toronto Blue Jays,TOR,1
252,Chad Green,,75600,47014,19200,33222,33222,37100,0.5,5.56,1.47,35,13,43.2,95.2,7.21,2.68,2025,45,,2025-11-28 17:09:46,2025-11-28 17:09:46,Toronto Blue Jays,TOR,0
244,Shane Bieber,,52000,87733,74571,57800,57800,47600,0.2,3.57,1.02,37,7,40.1,92.7,8.26,1.56,2025,7,,2025-11-28 17:09:46,2025-11-28 17:09:46,Toronto Blue Jays,TOR,1
242,Tommy Nance,,50000,83285,20800,80900,80900,61800,0.2,1.99,1.01,32,7,31.2,,9.09,1.99,2025,30,,2025-11-28 17:09:46,2025-11-28 17:09:46,Toronto Blue Jays,TOR,0
248,Paxton Schultz,,62999,45764,34820,63415,63415,79600,0.5,4.38,1.42,28,8,24.2,93.8,10.22,2.92,2025,13,,2025-11-28 17:09:46,2025-11-28 17:09:46,Toronto Blue Jays,TOR,1
249,Easton Lucas,,64000,25251,58133,33772,33772,50199,0.65,6.66,1.52,23,12,24.1,93.9,8.51,4.44,2025,6,,2025-11-28 17:09:46,2025-11-28 17:09:46,Toronto Blue Jays,TOR,1
247,Yimi Garcia,,82799,36450,19090,72923,72923,86133,0.8,3.86,1.19,25,12,21.0,96.1,10.71,5.14,2025,22,,2025-11-28 17:09:46,2025-11-28 17:09:46,Toronto Blue Jays,TOR,0
201,Jake Irvin,,50000,42604,69636,28216,28216,28615,0.5,5.7,1.43,124,62,180.0,92.5,6.2,3.1,2025,33,,2025-11-27 13:47:02,2025-11-27 13:47:02,WSN,WSN,1
193,Mitchell Parker,,55000,41604,65806,27010,27010,25984,0.5,5.68,1.43,103,58,164.2,93.0,5.63,3.17,2025,33,,2025-11-27 13:47:02,2025-11-27 13:47:02,WSN,WSN,1
189,MacKenzie Gore,,76399,40757,68453,66628,66628,82400,0.65,4.17,1.35,185,64,159.2,95.3,10.43,3.61,2025,30,,2025-11-27 13:47:02,2025-11-27 13:47:02,WSN,WSN,1
191,Brad Lord,,72399,52840,46166,43623,43623,39400,0.5,4.34,1.29,108,43,130.2,94.8,7.44,2.96,2025,48,,2025-11-27 13:47:02,2025-11-27 13:47:02,WSN,WSN,1
192,Trevor Williams,,29300,51137,64682,29027,29027,35800,0.35,6.21,1.54,65,21,82.2,87.9,7.08,2.29,2025,17,,2025-11-27 13:47:02,2025-11-27 13:47:02,WSN,WSN,1
190,Jose A. Ferrer,,89200,69269,21138,47195,47195,48699,0.2,4.48,1.27,71,16,76.1,96.9,8.37,1.89,2025,72,,2025-11-27 13:47:02,2025-11-27 13:47:02,WSN,WSN,0
202,Jackson Rutledge,,79600,42329,23206,35927,35927,44800,0.5,5.77,1.51,65,24,73.1,95.7,7.98,2.95,2025,63,,2025-11-27 13:47:02,2025-11-27 13:47:02,WSN,WSN,0
198,Cole Henry,,70000,20739,18315,53361,53361,57800,0.8,4.27,1.42,52,32,52.2,94.5,8.89,5.47,2025,57,,2025-11-27 13:47:02,2025-11-27 13:47:02,WSN,WSN,0
195,Cade Cavalli,,89200,45521,64560,44115,44115,39000,0.5,4.25,1.48,40,15,48.2,96.9,7.4,2.77,2025,10,,2025-11-27 13:47:02,2025-11-27 13:47:02,WSN,WSN,1
204,Shinnosuke Ogasawara,,38000,28431,32144,24327,24327,34800,0.65,6.98,1.55,30,17,38.2,91.0,6.98,3.96,2025,23,,2025-11-27 13:47:02,2025-11-27 13:47:02,WSN,WSN,1
205,Eduardo Salazar,,76399,7828,19333,18200,18200,36400,0.8,8.38,2.17,23,16,29.0,95.3,7.14,4.97,2025,30,,2025-11-27 13:47:02,2025-11-27 13:47:02,WSN,WSN,0
203,Konnor Pilkington,,69000,23617,17562,66743,66743,87333,0.8,4.45,1.38,34,17,28.1,94.4,10.8,5.4,2025,32,,2025-11-27 13:47:02,2025-11-27 13:47:02,WSN,WSN,0
196,Jorge Lopez,,72399,58109,18615,23471,23471,28615,0.5,6.57,1.3,17,7,24.2,94.8,6.2,2.55,2025,26,,2025-11-27 13:47:02,2025-11-27 13:47:02,WSN,WSN,0
197,PJ Poulin,,35600,24242,17285,70190,70190,74666,0.8,3.65,1.46,27,13,24.2,90.7,9.85,4.74,2025,28,,2025-11-27 13:47:02,2025-11-27 13:47:02,WSN,WSN,0
199,Orlando Ribalta,,85200,6724,21909,39154,39154,65000,0.8,7.03,1.85,25,17,24.1,96.4,9.25,6.29,2025,22,,2025-11-27 13:47:02,2025-11-27 13:47:02,WSN,WSN,0
194,Andrew Alvarez,,38000,51194,62960,67950,67950,42100,0.65,2.31,1.11,20,10,23.1,91.0,7.71,3.86,2025,5,,2025-11-27 13:47:02,2025-11-27 13:47:02,WSN,WSN,1
200,Zach Brzykcy,,72399,18750,17692,33900,33900,67800,0.8,9.0,1.74,24,12,23.0,94.8,9.39,4.7,2025,26,,2025-11-27 13:47:02,2025-11-27 13:47:02,WSN,WSN,0
