"name","id","total_runs","inf_of_runs","range_runs","arm_runs","dp_runs","catching_runs","framing_runs","throwing_runs","blocking_runs","outs_total","outs_2","outs_3","outs_4","outs_5","outs_6","outs_7","outs_8","outs_9"
"Bailey, Patrick",672275,31.491431022718242,,,,,31.491431022718242,25.0895081475731,5.235503555465639,1.1664193196794996,3089,3089,0,0,0,0,0,0,0
"Kirk, Alejandro",672386,21.93672077973892,,,,,21.93672077973892,16.416906250866752,0.30852584193036914,5.211288686941799,2896,2896,0,0,0,0,0,0,0
"Rafaela, Ceddanne",678882,21.853143966530535,21.853143966530535,19.469576722394034,2.2804070151094855,0.10316022902703567,,,,,3997,0,0,495,0,0,0,3502,0
"Crow-Armstrong, Pete",691718,21.05655283296329,21.05655283296329,18.5255433017759,2.531009531187371,,,,,,4071,0,0,0,0,0,0,4071,0
"Witt Jr., Bobby",677951,20.029542543364677,20.029542543364677,18.322438496458723,-0.006231003927419642,1.713335050833374,,,,,4020,0,0,0,0,4020,0,0,0
"Hayes, Ke'Bryan",663647,17.169088196642978,17.169088196642978,16.26747296793165,,0.9016152287113228,,,,,3849,0,0,0,3849,0,0,0,0
"Dubón, Mauricio",643289,17.12299524238086,17.12299524238086,14.690134833588184,1.6568860574821591,0.7759743513105315,,,,,2882,0,39,954,423,619,526,267,54
"Winn, Masyn",691026,16.838548325996996,16.838548325996996,15.995876794425085,-0.23496567826792947,1.077637209839853,,,,,3323,0,0,0,0,3323,0,0,0
"Young, Jacob",696285,14.688618004556583,14.688618004556583,12.876507945849777,1.8121100587068077,,,,,,2704,0,0,0,0,0,0,2704,0
"Hedges, Austin",595978,14.478182501101076,,,,,14.478182501101076,10.750095949211047,3.6592786035844784,0.06880794830555079,1448,1439,0,0,0,0,0,0,0
"Garcia, Maikel",672580,13.248257073773107,13.248257073773107,12.528881721193848,0.08890063986825573,0.6304747127110002,,,,,4010,0,0,198,3434,266,0,88,24
"Hoerner, Nico",663538,12.737282336339527,12.737282336339527,11.468676247360316,-0.03615227933430222,1.304758368313514,,,,,4089,0,0,3978,0,111,0,0,0
"Allen, Nick",669397,12.576939978764278,12.576939978764278,12.735841481102929,0.07860739731776167,-0.23750889965641298,,,,,3212,0,0,75,0,3137,0,0,0
"Scott II, Victor",687363,12.123437998635392,12.123437998635392,15.218787121762508,-3.095349123127118,,,,,,3354,0,0,0,0,0,63,3263,28
"Narváez, Carlos",665966,12.113616573350155,,,,,12.113616573350155,4.83930550680443,5.87387028288951,1.4004407836562223,2856,2856,0,0,0,0,0,0,0
"Pages, Andy",681624,12.103711710829257,12.103711710829257,8.995691462105187,3.108020248724059,,,,,,4107,0,0,0,0,0,459,2919,729
"Dingler, Dillon",693307,11.618723948208421,,,,,11.618723948208421,6.7030801721580096,2.473273501296132,2.4423702747542784,3035,3035,0,0,0,0,0,0,0
"Kwan, Steven",680757,11.533808487083522,11.533808487083522,4.778340093958432,6.755468393125094,,,,,,3987,0,0,0,0,0,3984,3,0
"Wells, Austin",669224,11.220055960585531,,,,,11.220055960585531,11.450400735806072,-0.21811950745907022,-0.01222526776146447,3003,3003,0,0,0,0,0,0,0
"Clarke, Denzel",672016,11.06272417377473,11.06272417377473,11.558567761246675,-0.49584358747194607,,,,,,1151,0,0,0,0,0,0,1151,0
"Torrens, Luis",620443,10.939734214278047,,,,,10.939734214278047,3.7733050238628905,7.523782061595763,-0.35735287118060294,1930,1922,6,0,0,0,0,0,0
"Turner, Trea",607208,10.545295785111723,10.545295785111723,12.071751487724274,0.4864391131930699,-2.0128948158056192,,,,,3649,0,0,0,0,3649,0,0,0
"Doyle, Brenton",686668,10.535905707212178,10.535905707212178,5.153424553750213,5.3824811534619625,,,,,,3272,0,0,0,0,0,0,3272,0
"Isbel, Kyle",664728,10.38035582231651,10.38035582231651,10.86756228451049,-0.48720646219401054,,,,,,3096,0,0,0,0,0,0,3096,0
"Ortiz, Joey",687401,10.254486583458297,10.254486583458297,9.062262878032184,0.06258663267914107,1.1296370727469758,,,,,3653,0,0,0,0,3653,0,0,0
"Clement, Ernie",676391,9.713175655590508,9.713175655590508,9.5685354051866,0.0007888973975342219,0.14385135300637492,,,,,3796,0,207,1270,1809,510,0,0,0
"Rodríguez, Julio",677594,9.712911259269479,9.712911259269479,8.949953994663046,0.7629572646064292,,,,,,4219,0,0,0,0,0,0,4219,0
"Tatis Jr., Fernando",665487,9.293199691221323,9.293199691221323,7.245718056374338,2.047481634846995,,,,,,3897,0,0,0,0,0,0,0,3897
"Langford, Wyatt",694671,9.207766160817073,9.207766160817073,8.795047329134652,0.4127188316824122,,,,,,3482,0,0,0,0,0,2524,958,0
"Teodosio, Bryce",669326,9.126696556631742,9.126696556631742,8.866426124608461,0.2602704320232763,,,,,,1218,0,0,0,0,0,0,1218,0
"Bellinger, Cody",641355,9.064484438376082,9.064484438376082,5.706714060857654,3.191304150561122,0.16646622695730665,,,,,3965,0,80,0,0,0,1718,919,1248
"Straw, Myles",664702,8.629493493432683,8.629493493432683,8.534175148097132,0.09531834533554591,,,,,,2101,0,0,6,0,0,363,1597,135
"Schneemann, Daniel",682177,8.48587180337767,8.48587180337767,6.342074707174583,1.185174337214064,0.9586227589890212,,,,,2800,0,0,1544,424,162,90,403,177
"Abreu, Wilyer",677800,8.42780038629082,8.42780038629082,6.986322687878078,1.4414776984127335,,,,,,2542,0,0,0,0,0,0,0,2542
"Taylor, Tyrone",621438,8.06972714724137,8.06972714724137,3.039223225577643,5.0305039216637315,,,,,,2430,0,0,0,0,0,69,2349,12
"Heineman, Tyler",623168,7.998517961490463,,,,,7.998517961490463,4.391204772114659,1.990923852246874,1.616389337128932,1284,1274,0,0,0,0,0,0,0
"Moreno, Gabriel",672515,7.865462499401692,,,,,7.865462499401692,6.029322803743269,0.5954802380460902,1.24065945761233,1794,1794,0,0,0,0,0,0,0
"Meyers, Jake",676694,7.613656103912667,7.613656103912667,8.436840331423994,-0.8231842275113315,,,,,,2532,0,0,0,0,0,0,2532,0
"Olson, Matt",621566,7.597575347557678,7.597575347557678,6.696685214976901,-0.22992411382542557,1.1308142464061999,,,,,4287,0,4287,0,0,0,0,0,0
"France, Ty",664034,7.220198736915662,7.220198736915662,7.182891364217722,,0.0373073726979372,,,,,2933,0,2930,3,0,0,0,0,0
"Edman, Tommy",669242,7.16303935302708,7.16303935302708,6.002845893686845,1.3394312251477736,-0.17923776580753772,,,,,2416,0,0,1576,303,0,0,537,0
"Robert Jr., Luis",673357,6.967333217694717,6.967333217694717,6.286070054670812,0.6812631630239055,,,,,,2597,0,0,0,0,0,0,2597,0
"Raleigh, Cal",663728,6.802161857330711,,,,,6.802161857330711,6.855702069252733,1.0488144213921529,-1.1023546333141712,3216,3216,0,0,0,0,0,0,0
"Harris II, Michael",671739,6.604229402042853,6.604229402042853,7.533031486297352,-0.9288020842545032,,,,,,4191,0,0,0,0,0,0,4191,0
"Bogaerts, Xander",593428,6.596726542624579,6.596726542624579,5.381193862265217,0.25923251898381855,0.9563001613755386,,,,,3250,0,0,0,0,3250,0,0,0
"McMahon, Ryan",641857,6.577754215212705,6.577754215212705,4.806173398451178,0.5155970973124004,1.255983719449126,,,,,3795,0,0,0,3795,0,0,0,0
"Carroll, Corbin",682998,6.559503415873569,6.559503415873569,9.174226669613248,-2.6147232537396965,,,,,,3655,0,0,0,0,0,0,87,3568
"Giménez, Andrés",665926,6.484969254094025,6.484969254094025,7.562067066790576,,-1.0770978126965478,,,,,2516,0,0,2159,0,357,0,0,0
"Frelick, Sal",686217,6.41079662180204,6.41079662180204,5.245946679881387,1.164849941920643,,,,,,3570,0,3,0,3,0,0,213,3351
"Montgomery, Colson",695657,6.3997830144508585,6.3997830144508585,4.957907192638522,-0.12687932523450152,1.5687551470468397,,,,,1794,0,0,0,286,1508,0,0,0
"Murphy, Sean",669221,6.306405367331008,,,,,6.306405367331008,1.4417949600036029,2.856009432265804,2.0086009750616,1899,1899,0,0,0,0,0,0,0
"Rojas, Johan",679032,6.28082131943057,6.28082131943057,4.915892349566643,1.3649289698639269,,,,,,1256,0,0,0,0,0,0,1256,0
"Varsho, Daulton",662139,6.241477336104383,6.241477336104383,7.99918279591763,-1.7577054598132493,,,,,,1651,0,0,0,0,0,0,1651,0
"Schuemann, Max",680474,6.177281020643363,6.177281020643363,6.170479949223749,0.30028266874799625,-0.2934815973283823,,,,,1501,0,0,606,359,386,111,33,6
"Pauley, Graham",688363,6.11823054106949,6.11823054106949,5.588090271750238,,0.5301402693192522,,,,,1343,0,95,78,1170,0,0,0,0
"Lopez, Otto",672640,6.006915076831304,6.006915076831304,7.023295127760945,0.770924272889804,-1.787304323819438,,,,,3666,0,0,796,0,2870,0,0,0
"Hill, Derek",656537,5.993223858504344,5.993223858504344,4.7313061274551895,1.2619177310491547,,,,,,990,0,0,0,0,0,0,990,0
"Peña, Jeremy",665161,5.987472712723326,5.987472712723326,6.033903771395291,0.4251583137278707,-0.47158937239984045,,,,,3185,0,0,0,0,3185,0,0,0
"Pagés, Pedro",686780,5.963441761669389,0.07546285024115751,0.07546285024115751,,,5.887978911428231,4.882134867067402,1.4810690937938467,-0.47522504943302096,2726,2705,9,12,0,0,0,0,0
"McLain, Matt",680574,5.768068465207149,5.768068465207149,4.426582927743237,0.802790616322838,0.5386949211410749,,,,,3632,0,0,3518,0,114,0,0,0
"Semien, Marcus",543760,5.743241773599149,5.743241773599149,4.889531090601942,-0.17935325884268796,1.0330639418398937,,,,,3325,0,0,3325,0,0,0,0,0
"Santana, Carlos",467793,5.629619053087381,5.629619053087381,6.243337880566367,,-0.6137188274789851,,,,,2548,0,2545,0,3,0,0,0,0
"Ramírez, José",608070,5.5805209290702305,5.5805209290702305,4.758124917251509,,0.8223960118187201,,,,,3437,0,0,0,3437,0,0,0,0
"Bader, Harrison",664056,5.119024538395052,5.119024538395052,5.436343592515944,-0.3173190541209034,,,,,,3317,0,0,0,0,0,1488,1706,123
"Triolo, Jared",669707,5.10394699088771,5.10394699088771,4.835277357300205,0.010901775924114922,0.2577678576633887,,,,,2538,0,348,240,781,1166,0,0,0
"Lukes, Nathan",664770,4.960954382484038,4.960954382484038,0.8621373792035651,4.098817003280477,,,,,,2728,0,0,0,0,0,747,642,1339
"Anderson, Tim",641313,4.925880818242262,4.925880818242262,3.726324125214899,-0.001505278347546855,1.2010619713749122,,,,,678,0,0,375,0,303,0,0,0
"Merrill, Jackson",701538,4.879428354045353,4.879428354045353,2.1731698085615774,2.706258545483777,,,,,,3004,0,0,0,0,0,0,3004,0
"Rojas, Miguel",500743,4.798735117565689,4.798735117565689,3.788119140783174,0.17152813288894536,0.8390878438935692,,,,,2238,0,9,1360,503,351,0,0,0
"Judge, Aaron",592450,4.703844459193064,4.703844459193064,2.4740441443419243,2.229800314851142,,,,,,2467,0,0,0,0,0,0,0,2467
"Misner, Kameron",670224,4.6169983549048,4.6169983549048,2.980470463850894,1.6365278910539087,,,,,,1511,0,0,0,0,0,87,1094,330
"Senger, Hayden",663584,4.5490425888536175,,,,,4.5490425888536175,2.5465264285153806,0.7629955176290187,1.239520642709216,586,586,0,0,0,0,0,0,0
"Mangum, Jake",663968,4.3701282456011565,4.3701282456011565,5.204168180844659,-0.8340399352435026,,,,,,2800,0,0,0,0,0,1299,836,665
"Jackson, Alex",656577,4.303575346553675,,,,,4.303575346553675,2.5415151255194837,1.7247070803054945,0.03735314072869192,749,746,0,0,0,0,0,0,0
"Adames, Willy",642715,4.297574475347678,4.297574475347678,3.871658505954678,0.33692343061202207,0.08899253878097688,,,,,4169,0,0,0,0,4169,0,0,0
"Meidroth, Chase",805367,4.284946781956634,4.284946781956634,1.789601918120774,0.18918080427104084,2.306164059564815,,,,,3058,0,0,1351,0,1707,0,0,0
"O'Hearn, Ryan",656811,4.261610651237006,4.261610651237006,3.398816640540238,0.4638009664331917,0.3989930442635766,,,,,2119,0,1624,0,0,0,48,0,447
"Anthony, Roman",701350,4.096617175429872,4.096617175429872,5.265011376050754,-1.1683942006208818,,,,,,1327,0,0,0,0,0,456,0,871
"Chapman, Matt",656305,4.062322837078058,4.062322837078058,3.2976887484716997,,0.7646340886063552,,,,,3349,0,0,0,3349,0,0,0,0
"Contreras, Willson",575929,4.011992293802987,4.011992293802987,4.445933878777824,,-0.4339415849748383,,,,,3035,0,3035,0,0,0,0,0,0
"Cruz, Oneil",665833,3.9634900890269775,3.9634900890269775,0.13441950374044281,3.829070585286535,,,,,,3184,0,0,0,0,0,0,3184,0
"Clemens, Kody",665019,3.916780660152244,3.916780660152244,2.9547097819352635,1.1644580096317954,-0.20238713141481512,,,,,2481,0,1193,928,0,0,165,3,189
"McGuire, Reese",624512,3.8283867605223882,,,,,3.8283867605223882,3.3405534632152984,-0.11222307668669622,0.6000563739937841,1009,1006,0,0,0,0,0,0,0
"Mitchell, Garrett",669003,3.7574066096873584,3.7574066096873584,4.24187450794304,-0.4844678982556823,,,,,,539,0,0,0,0,0,0,539,0
"Lockridge, Brandon",663604,3.729478768244455,3.729478768244455,4.186656864902574,-0.457178096658119,,,,,,1082,0,0,0,0,0,442,436,204
"White, Eli",642201,3.7119053310702106,3.7119053310702106,2.204546538232797,1.5073587928374177,,,,,,1750,0,27,0,0,0,569,99,1055
"Church, Nathan",701675,3.709720461018168,3.709720461018168,3.3319371127046793,0.3777833483134884,,,,,,493,0,0,0,0,0,39,405,49
"Sosa, Edmundo",624641,3.661259364451061,3.661259364451061,3.6757213702397453,-0.19266961445993475,0.17820760867125357,,,,,1824,0,0,697,716,378,30,3,0
"Seager, Corey",608369,3.6402118599757505,3.6402118599757505,2.8116563226615474,0.02004197917035685,0.8085135581438464,,,,,2484,0,0,0,0,2484,0,0,0
"Contreras, William",661388,3.6058119928517454,,,,,3.6058119928517454,1.2930769547557797,1.6950829300971981,0.617652107998767,3341,3335,3,0,0,0,3,0,0
"Tovar, Ezequiel",678662,3.448664014275271,3.448664014275271,2.3732297619224747,0.17850185389007986,0.8969323984627162,,,,,2402,0,0,0,0,2402,0,0,0
"Urías, Ramón",602104,3.4358317168781705,3.4358317168781705,3.4572778923018666,0.013094043672758054,-0.03454021909645501,,,,,2509,0,39,555,1915,0,0,0,0
"Betts, Mookie",605141,3.404336751919486,3.404336751919486,3.3995096312246837,0.19897788954106688,-0.1941507688462657,,,,,3837,0,0,0,0,3834,0,0,3
"Jung, Josh",673962,3.347409790696167,3.347409790696167,3.603417816771699,,-0.2560080260755317,,,,,3260,0,0,0,3260,0,0,0,0
"Barrosa, Jorge",678489,3.3335043999740765,3.3335043999740765,3.8309109027388004,-0.49740650276472437,,,,,,529,0,0,0,0,0,196,255,78
"Perdomo, Geraldo",672695,3.3116707180646823,3.3116707180646823,3.439425227883192,-0.013183143762375844,-0.11457136605613166,,,,,4275,0,0,0,0,4275,0,0,0
"Rave, John",670231,3.283302100206708,3.283302100206708,2.7220640702001635,0.5612380300065442,,,,,,1295,0,0,0,0,0,624,212,459
"Roden, Alan",702176,3.25338456629171,3.25338456629171,1.5954251140904134,1.6579594522012981,,,,,,1071,0,0,0,0,0,839,46,186
"Vargas, Ildemaro",545121,3.2498450118119098,3.2498450118119098,2.2533045373297775,0.00032830834193765595,0.9962121661401943,,,,,670,0,243,313,102,12,0,0,0
"Carter, Evan",694497,3.2266120455254312,3.2266120455254312,3.375388769765122,-0.14877672423969276,,,,,,1380,0,0,0,0,0,0,1380,0
"Escarra, J.C.",641555,3.1888773182546064,-0.2532667055334525,-0.2532667055334525,,,3.442144023788055,5.492784225375612,-1.5868717830529175,-0.46376841853464135,666,627,33,0,6,0,0,0,0
"Massey, Michael",686681,3.1613590842144665,3.1613590842144665,0.7755703310112648,0.4537891903833705,1.9319995628198305,,,,,1740,0,0,1485,0,0,255,0,0
"Karros, Kyle",691720,3.1546888447608734,3.1546888447608734,3.238741800989191,,-0.08405295622831693,,,,,1030,0,0,0,1030,0,0,0,0
"Marsee, Jakob",805300,3.049118628255773,3.049118628255773,3.689063245663159,-0.6399446174073868,,,,,,1425,0,0,0,0,0,168,1179,78
"Caballero, José",676609,3.047914355415687,3.047914355415687,3.5523484810353048,-0.9189110241371433,0.41447689851752434,,,,,2577,0,0,436,351,1017,93,45,632
"Wiemer, Joey",686894,2.998161866014699,2.998161866014699,2.467534628563106,0.5306272374515946,,,,,,447,0,0,0,0,0,24,0,423
"Lindor, Francisco",596019,2.891327695101146,2.891327695101146,3.9205730267326615,0.10181810132985575,-1.1310634329613676,,,,,4122,0,0,0,0,4122,0,0,0
"Bregman, Alex",608324,2.8811074767246643,2.8811074767246643,2.4950750494611365,,0.3860324272635376,,,,,2917,0,0,0,2917,0,0,0,0
"Edwards, Xavier",669364,2.839982815008039,2.839982815008039,1.3482821089762311,-0.02548736744006582,1.5171880734718735,,,,,3522,0,0,2443,0,1079,0,0,0
"Nuñez, Nasim",683083,2.781434593015212,2.781434593015212,2.7942866009865113,-0.0514612418169952,0.038609233845694584,,,,,672,0,0,267,0,384,0,21,0
"Pérez, Wenceel",672761,2.7792505733293154,2.7792505733293154,1.9875224155572737,0.7917281577720433,,,,,,2452,0,0,0,0,0,27,549,1876
"Kelly, Carson",608348,2.7507662554263113,,,,,2.7507662554263113,-1.902643881092813,3.262135023193909,1.3912751133252184,2592,2592,0,0,0,0,0,0,0
"Valdez, Enmanuel",665839,2.750349958868631,2.750349958868631,1.8642611755997507,,0.8860887832688804,,,,,631,0,570,60,0,0,0,0,1
"Gelof, Zack",680869,2.615874729087269,2.615874729087269,1.733992777270539,,0.881881951816729,,,,,701,0,0,701,0,0,0,0,0
"Swanson, Dansby",621020,2.580827236539947,2.580827236539947,1.1878309676988594,0.250385613189974,1.1426106556511164,,,,,4161,0,0,0,0,4161,0,0,0
"Hernández, Heriberto",681715,2.521125383837573,2.521125383837573,4.235830027660242,-1.714704643822667,,,,,,1038,0,0,0,0,0,798,0,240
"Duran, Ezequiel",677649,2.4369283283420207,2.4369283283420207,1.75852595488771,0.7319006807042994,-0.05349830724998822,,,,,1532,0,423,260,222,452,60,0,105
"Báez, Javier",595879,2.384970978498256,2.384970978498256,3.8188476013173505,-0.18591631205952477,-1.2479603107595663,,,,,3067,0,0,127,442,1283,0,1215,0
"Alexander, Blaze",677942,2.3661855105750065,2.3661855105750065,0.7463921925338647,0.9318317306219899,0.6879615874191501,,,,,1733,0,0,352,1297,0,21,63,0
"Gilbert, Drew",687551,2.364555653100868,2.364555653100868,2.2006364246036068,0.16391922849726068,,,,,,813,0,0,0,0,0,9,165,639
"Bride, Jonah",681146,2.328618306420139,2.328618306420139,2.110705149788346,,0.21791315663179278,,,,,639,0,147,21,453,0,0,0,0
"Arenado, Nolan",571448,2.2975704931749013,2.2975704931749013,2.0507361823779435,,0.24683431079695595,,,,,2642,0,0,0,2642,0,0,0,0
"Hampson, Garrett",641658,2.2910492379441956,2.2910492379441956,2.7710401481803477,-0.374276103959757,-0.10571480627639535,,,,,708,0,0,249,48,60,129,153,66
"Arcia, Orlando",606115,2.2777403509919067,2.2777403509919067,1.6253184368272289,,0.6524219141646754,,,,,1535,0,219,347,450,519,0,0,0
"Yastrzemski, Mike",573262,2.2712395577895412,2.2712395577895412,-2.2592688556247635,4.530508413414304,,,,,,3305,0,0,0,0,0,138,123,3041
"Fletcher, Dominic",666150,2.2500549492213953,2.2500549492213953,0.5901114250392773,1.659943524182119,,,,,,257,0,0,0,0,0,3,60,194
"Hernández, Enrique",571771,2.231811725201504,2.231811725201504,1.97807841893326,-0.2533704381402134,0.5071037444084573,,,,,1687,0,504,249,587,0,217,114,0
"Mauricio, Ronny",677595,2.209587768816398,2.209587768816398,2.504073347784694,,-0.294485578968297,,,,,1089,0,0,147,876,66,0,0,0
"Taylor, Michael A.",572191,2.187441128756031,2.187441128756031,2.897057489948421,-0.709616361192393,,,,,,2380,0,0,0,0,0,740,963,677
"Freeland, Alex",690976,2.1520086126047238,2.1520086126047238,2.052969004141576,0.013786882368941114,0.08525272609420659,,,,,649,0,0,262,387,0,0,0,0
"McCormick, Chas",676801,2.1054234831219625,2.1054234831219625,1.5541024702264892,0.5513210128954725,,,,,,877,0,0,0,0,0,206,537,125
"Chisholm Jr., Jazz",665862,2.0757038878196696,2.0757038878196696,3.487952979249467,-0.0005805660125628516,-1.4116685254172376,,,,,3267,0,0,2553,714,0,0,0,0
"Arias, Gabriel",672356,2.0733295123335522,2.0733295123335522,2.3326826193091934,0.7769405661273949,-1.0362936731030366,,,,,3211,0,0,514,111,2586,0,0,0
"Encarnacion, Jerar",666464,2.0731246581974343,2.0731246581974343,2.009488568511005,0.06363608968642895,,,,,,336,0,21,0,0,0,30,0,285
"Fermin, Freddy",666023,2.053301565955619,,,,,2.053301565955619,-0.6116987065394053,1.5993637664322322,1.0656365060627941,2413,2410,0,3,0,0,0,0,0
"García, Adolis",666969,2.0411260712083137,2.0411260712083137,0.9359550009262124,1.1051710702821014,,,,,,3372,0,0,0,0,0,0,0,3372
"Buxton, Byron",621439,2.0352680229706563,2.0352680229706563,2.4456277628150223,-0.4103597398443679,,,,,,2919,0,0,0,0,0,0,2919,0
"Perkins, Blake",663368,2.0180446811545902,2.0180446811545902,1.1118780418548722,0.9061666392997177,,,,,,1124,0,0,0,0,0,0,1124,0
"Meadows, Parker",678009,2.0101885953757015,2.0101885953757015,2.8040625044408145,-0.7938739090651151,,,,,,1404,0,0,0,0,0,0,1404,0
"Steer, Spencer",668715,1.9967522745942543,1.9967522745942543,1.943171306538181,0.5504311336717557,-0.4968501656156825,,,,,3248,0,3029,0,0,0,213,0,6
"Stott, Bryson",681082,1.965489744527296,1.965489744527296,5.594358681871635,0.3091912391049916,-3.9380601764493335,,,,,3573,0,0,3279,0,294,0,0,0
"Díaz, Elias",553869,1.8997646029689506,,,,,1.8997646029689506,1.5577778520778565,-0.034942202749751156,0.37692895364084517,1950,1950,0,0,0,0,0,0,0
"Walker, Christian",572233,1.8737323084592208,1.8737323084592208,1.6408160558111242,,0.2329162526480964,,,,,3948,0,3948,0,0,0,0,0,0
"Rutschman, Adley",668939,1.8517184238253803,,,,,1.8517184238253803,2.237768137805865,-0.9486468834990008,0.5625971695185161,1720,1720,0,0,0,0,0,0,0
"Westburg, Jordan",676059,1.8414207582383293,1.8414207582383293,2.0398417090182344,,-0.19842095077990424,,,,,1745,0,0,426,1319,0,0,0,0
"Paris, Kyren",677347,1.8402598234428376,1.8402598234428376,0.8942438352758576,0.4873063539475121,0.4587096342194677,,,,,1023,0,0,462,0,0,6,555,0
"Sánchez, Ali",645305,1.811723707019534,,,,,1.811723707019534,1.5434117302969879,-0.18320749885904153,0.4515194755815883,163,154,6,0,0,0,0,0,0
"Dunn, Blake",694362,1.7880980658844745,1.7880980658844745,1.6977053442755514,0.09039272160892267,,,,,,535,0,0,0,0,0,139,114,282
"Baddoo, Akil",668731,1.76970647879737,1.76970647879737,1.7058611422695598,0.06384533652781024,,,,,,135,0,0,0,0,0,96,3,36
"Ibáñez, Andy",628451,1.7606123068257509,1.7606123068257509,1.376731366659777,,0.3838809401659746,,,,,1118,0,49,93,970,3,3,0,0
"Lewis, Royce",668904,1.743968283992388,1.743968283992388,0.9091287105897735,-0.022868203162854615,0.8577077765654684,,,,,2478,0,0,0,2478,0,0,0,0
"McCarthy, Jake",664983,1.7346742353751925,1.7346742353751925,3.0117395598628907,-1.2770653244876953,,,,,,1450,0,0,0,0,0,868,327,255
"Fermín, José",665877,1.7344800067358603,1.7344800067358603,1.5901717787644387,0.1019163813717053,0.042391846599716454,,,,,426,0,0,291,63,0,48,0,24
"Goodman, Hunter",696100,1.712466106929163,,,,,1.712466106929163,1.7233861915310758,-0.7238580425066029,0.7129379579046965,2524,2524,0,0,0,0,0,0,0
"Aranda, Jonathan",666018,1.7029704091048643,1.7029704091048643,0.49815320292468496,,1.2048172061801814,,,,,2297,0,2297,0,0,0,0,0,0
"Kim, Hyeseong",808975,1.6517853301374852,1.6517853301374852,0.026203620225129322,1.1968841367726708,0.42869757313968526,,,,,1228,0,0,834,0,138,0,256,0
"Fortes, Nick",663743,1.6091964606601281,,,,,1.6091964606601281,2.087824185629305,-1.4756833735928558,0.9970556486236806,1757,1757,0,0,0,0,0,0,0
"Duran, Jarren",680776,1.5974994133618616,1.5974994133618616,-1.9536422486532055,3.5511416620150658,,,,,,4038,0,0,0,0,0,3447,582,9
"Sanoja, Javier",691594,1.5665476911710423,1.5665476911710423,0.0055653960311140005,1.1004895294438866,0.46049276569603925,,,,,2355,0,3,626,767,225,469,237,0
"Harris, Brett",695391,1.5569348459245453,1.5569348459245453,1.1938698393045104,,0.3630650066200348,,,,,602,0,51,0,551,0,0,0,0
"Mayer, Marcelo",691785,1.555906512981786,1.555906512981786,2.37112803373163,,-0.8152215207498431,,,,,926,0,0,171,746,9,0,0,0
"Fairchild, Stuart",656413,1.5403797360934217,1.5403797360934217,-0.37564669143652835,1.9160264275299501,,,,,,317,0,0,0,0,0,57,24,236
"Cowser, Colton",681297,1.474767719712609,1.474767719712609,0.2938413511956548,1.1809263685169549,,,,,,2300,0,0,0,0,0,1083,1196,21
"Alvarez Jr., Nacho",805373,1.468935569342947,1.468935569342947,1.1821286267549413,,0.286806942588006,,,,,1486,0,0,0,1486,0,0,0,0
"Butler, Lawrence",671732,1.3632151747146566,1.3632151747146566,3.2142478555527765,-1.851032680838122,,,,,,3709,0,0,0,0,0,0,1366,2343
"Osuna, Alejandro",696030,1.353956793482313,1.353956793482313,0.16680392555940232,1.1871528679229084,,,,,,1164,0,0,0,0,0,840,27,297
"Peraza, Oswald",672724,1.3412340964732956,1.3412340964732956,1.449915360706254,0.04174107009596597,-0.15042233432892455,,,,,1949,0,326,270,1148,198,0,0,0
"Solano, Donovan",456781,1.3152452278350013,1.3152452278350013,0.9503525901673144,,0.364892637667687,,,,,1173,0,1132,29,12,0,0,0,0
"Mastrobuoni, Miles",670156,1.3103949852255048,1.3103949852255048,1.4474369323427727,-0.8560804927629855,0.7190385456457176,,,,,1091,0,27,245,476,0,123,0,217
"Guillorme, Luis",641645,1.3024647665386186,1.3024647665386186,1.2144037164843868,,0.08806105005423182,,,,,174,0,0,57,117,0,0,0,0
"Chourio, Jackson",694192,1.2983448144382812,1.2983448144382812,2.558724889729224,-1.2603800752909455,,,,,,3416,0,0,0,0,0,753,2264,399
"Monasterio, Andruw",655316,1.2707233179188402,1.2707233179188402,0.9058151898569129,,0.3649081280619271,,,,,1018,0,61,204,144,603,6,0,0
"Melendez, MJ",669004,1.238563308169126,1.238563308169126,0.8913992801860372,0.3471640279830873,,,,,,402,0,0,0,0,0,318,0,84
"Keirsey Jr., DaShawn",680577,1.225376206626717,1.225376206626717,1.3550646044875982,-0.1296883978608804,,,,,,752,0,0,0,0,0,198,274,280
"Marsh, Brandon",669016,1.2011461103644157,1.2011461103644157,0.8570115326991158,0.34413457766529965,,,,,,2856,0,0,0,0,0,1014,1833,9
"Ritter, Ryan",690022,1.1948422828532828,1.1948422828532828,1.1123768683157265,0.20830898895897385,-0.12584357442141758,,,,,1520,0,0,726,0,794,0,0,0
"Gonzales, Nick",693304,1.1556177666202374,1.1556177666202374,3.0613279015104435,0.04638507135964462,-1.9520952062498507,,,,,2519,0,0,2192,0,327,0,0,0
"Turner, Justin",457759,1.1508588551366314,1.1508588551366314,1.2678724138413726,,-0.11701355870474123,,,,,759,0,654,0,105,0,0,0,0
"Pozo, Yohel",650968,1.1493905252540069,-0.00007055545108122465,-0.00007055545108122465,,,1.1494610807050876,1.9211228910497444,-1.2263238707558817,0.45466206041122614,1014,972,42,0,0,0,0,0,0
"Horwitz, Spencer",687462,1.1394850349877073,1.1394850349877073,0.587871998790812,,0.5516130361968958,,,,,2504,0,2486,18,0,0,0,0,0
"Davis, Henry",680779,1.1379263518138947,,,,,1.1379263518138947,-2.156727565010435,3.5798308872605453,-0.28517697043621576,2045,2045,0,0,0,0,0,0,0
"Millas, Drew",686452,1.1377742028930853,,,,,1.1377742028930853,1.7235382791080587,-0.1709583658261625,-0.41480571038881003,370,370,0,0,0,0,0,0,0
"House, Brady",691781,1.133102920615905,1.133102920615905,1.6031229345630502,0.02995300362929062,-0.4999730175764364,,,,,1846,0,0,0,1846,0,0,0,0
"Cortes, Carlos",666126,1.1312102918510876,1.1312102918510876,0.6423928024314565,0.48881748941963105,,,,,,576,0,0,0,3,0,153,0,420
"Berroa, Steward",672642,1.103002949283214,1.103002949283214,0.06649937890205643,1.0365035703811576,,,,,,39,0,0,0,0,0,0,39,0
"Melton, Jacob",689200,1.0275127562359931,1.0275127562359931,1.3163262487076324,-0.28881349247163896,,,,,,608,0,0,0,0,0,174,407,27
"Miller, Owen",680911,1.024644655045196,1.024644655045196,1.0449373848421581,0.023650648175900464,-0.04394337797286282,,,,,117,0,0,102,15,0,0,0,0
"Caissie, Owen",683357,1.0042421182848558,1.0042421182848558,1.2118255895423493,-0.20758347125749393,,,,,,151,0,0,0,0,0,36,0,115
"Marte, Starling",516782,0.9712772378176364,0.9712772378176364,0.29684534514166516,0.6744318926759713,,,,,,195,0,0,0,0,0,150,0,45
"Hoskins, Rhys",656555,0.9458167626350222,0.9458167626350222,0.7041696148294694,,0.24164714780555263,,,,,2012,0,2012,0,0,0,0,0,0
"McCutchen, Andrew",457705,0.9261277269993012,0.9261277269993012,1.0024534204578948,-0.07632569345859358,,,,,,185,0,0,0,0,0,26,0,159
"Maile, Luke",571912,0.9209266835733085,,,,,0.9209266835733085,2.096716172395491,-0.776440373844186,-0.39934911497799574,432,429,0,0,0,0,0,0,0
"Jiménez, Leo",677870,0.9128324810967624,0.9128324810967624,0.6449679113106065,,0.2678645697861565,,,,,252,0,0,231,0,21,0,0,0
"Stewart, Sal",701398,0.9036053357508461,0.9036053357508461,1.0003180914641692,,-0.09671275571332298,,,,,342,0,243,0,99,0,0,0,0
"DeLuca, Jonny",676356,0.8852932877763641,0.8852932877763641,0.7482610925574025,0.13703219521896198,,,,,,420,0,0,0,0,0,0,420,0
"Ahmed, Nick",605113,0.8756390592565467,0.8756390592565467,0.5756413019834697,0.0590539086757491,0.24094384859732793,,,,,84,0,0,0,0,84,0,0,0
"Machín, Vimael",605353,0.8438756336907461,0.8438756336907461,0.6709981293260804,,0.17287750436466598,,,,,84,0,0,0,84,0,0,0,0
"Helman, Michael",680737,0.8349242933788834,0.8349242933788834,1.9324936630950549,-1.0975693697161697,,,,,,782,0,0,0,0,3,0,779,0
"Seymour, Bob",676044,0.8148083283731861,0.8148083283731861,0.43871247058442175,,0.3760958577887641,,,,,573,0,573,0,0,0,0,0,0
"Del Castillo, Adrian",680728,0.7582023746229594,,,,,0.7582023746229594,0.3368825856186694,,0.42131978900429085,100,100,0,0,0,0,0,0,0
"Kaiser, Connor",663731,0.7428813294327831,0.7428813294327831,0.6127322932203373,,0.13014903621244578,,,,,142,0,0,142,0,0,0,0,0
"Fernández, Yanquiel",692585,0.7328722858074158,0.7328722858074158,-1.3730861271587693,2.1059584129661855,,,,,,441,0,0,0,0,0,36,0,405
"Crews, Dylan",686611,0.720688155583444,0.720688155583444,2.5037916555684867,-1.7831034999850455,,,,,,2139,0,0,0,0,0,0,336,1803
"Vaughn, Andrew",683734,0.7174435738690758,0.7174435738690758,0.949441280032575,,-0.23199770616349913,,,,,2304,0,2304,0,0,0,0,0,0
"Walls, Taylor",670764,0.7069100117914476,0.7069100117914476,0.6251398864111034,0.19419917969198608,-0.11242905431164091,,,,,2252,0,0,87,3,2162,0,0,0
"Maton, Nick",665155,0.6882252872663105,0.6882252872663105,0.1290517385226701,0.2276438265181944,0.331529722225446,,,,,84,0,66,9,0,0,6,0,3
"Capra, Vinny",681962,0.6825778030249069,0.6825778030249069,0.06746017895452647,,0.6151176240703808,,,,,752,0,0,53,411,279,0,0,0
"Candelario, Jeimer",600869,0.6759012821480723,0.6759012821480723,0.8477270398451373,,-0.17182575769706487,,,,,501,0,195,0,306,0,0,0,0
"Hernaiz, Darell",687231,0.6696505326063602,0.6696505326063602,0.5771928191395508,,0.09245771346680895,,,,,1316,0,0,293,425,598,0,0,0
"Amaya, Miguel",665804,0.6532375378523735,,,,,0.6532375378523735,0.007146148254343711,0.6232110985907109,0.022880291007318754,689,689,0,0,0,0,0,0,0
"Nido, Tomás",621512,0.6345102985918609,,,,,0.6345102985918609,1.4887363403685838,-0.2083686156087658,-0.6458574261679556,262,257,0,0,0,0,0,0,0
"Biggio, Cavan",624415,0.6010310895290074,0.6010310895290074,0.6179115699534142,-0.01688048042440672,,,,,,409,0,138,31,30,0,84,0,126
"Marchán, Rafael",665561,0.599520821958381,,,,,0.599520821958381,-1.7277747847086289,2.397866590658365,-0.0705709839913559,849,849,0,0,0,0,0,0,0
"Bliss, Ryan",669208,0.5887757142502072,0.5887757142502072,0.3926045592679691,,0.19617115498223803,,,,,296,0,0,296,0,0,0,0,0
"Dalbec, Bobby",666915,0.5811680957164936,0.5811680957164936,0.5128114664891992,,0.06835662922729444,,,,,117,0,60,0,24,33,0,0,0
"Lopez, Nicky",670032,0.5656539918870026,0.5656539918870026,0.47498752917351206,0.0006109001635293136,0.09005556254996122,,,,,211,0,0,3,168,33,6,0,0
"Durbin, Caleb",702332,0.5636688511072541,0.5636688511072541,1.1304384135295786,,-0.5667695624223238,,,,,3324,0,0,130,3182,12,0,0,0
"Myers, Dane",667472,0.5512054691441146,0.5512054691441146,1.391346735510728,-0.8401412663666153,,,,,,2258,0,0,0,0,0,180,1553,525
"Ramos, Bryan",682868,0.5253522745393877,0.5253522745393877,0.315659866976322,,0.20969240756306579,,,,,84,0,0,0,84,0,0,0,0
"Foscue, Justin",679822,0.4980914148305559,0.4980914148305559,0.27084868213922586,,0.22724273269133,,,,,69,0,69,0,0,0,0,0,0
"Martin, Austin",668885,0.4850735211584389,0.4850735211584389,0.6712101208871638,-0.0449254835069585,-0.14121111622176521,,,,,1098,0,0,84,0,0,786,228,0
"Collins, Isaac",686555,0.46446323821725394,0.46446323821725394,2.827561197870696,-2.363097959653443,,,,,,2640,0,0,6,4,0,2458,0,172
"Flores, Rafael",804668,0.4552168911084591,0.38041760293503457,0.4025350468041786,,-0.022117443869144073,0.0747992881734247,0.033191387324737254,,0.04160790084868744,126,27,99,0,0,0,0,0,0
"Tawa, Tim",694374,0.44613512541398104,0.44613512541398104,0.8148170563888423,-0.5104796235029931,0.14179769252813224,,,,,1477,0,367,558,45,0,183,314,10
"Smith, Cam",701358,0.4401725608300154,0.4401725608300154,0.8278538755539878,-0.38768131472397277,,,,,,3238,0,0,0,0,0,0,0,3238
"Stefanic, Michael",683021,0.42733623501811857,0.42733623501811857,0.590931434435768,,-0.16359519941764925,,,,,174,0,0,168,0,3,0,0,0
"Veen, Zac",691728,0.4262584824753951,0.4262584824753951,0.34540461007921675,0.08085387239617846,,,,,,255,0,0,0,0,0,120,0,135
"Fitzgerald, Ryan",680837,0.4245827448392532,0.4245827448392532,0.00999194264090994,,0.41459080219834304,,,,,395,0,9,143,93,144,0,0,0
"Cheng, Tsung-Che",691907,0.4042220141848208,0.4042220141848208,0.524688601869389,,-0.12046658768456829,,,,,66,0,0,18,0,48,0,0,0
"Hays, Austin",669720,0.3990568421400872,0.3990568421400872,0.8592854245790272,-0.4602285824389402,,,,,,1522,0,0,0,0,0,1522,0,0
"Brennan, Will",686823,0.39547278670479197,0.39547278670479197,-0.18811502943610606,0.5835878161408979,,,,,,102,0,0,0,0,0,0,6,96
"Sánchez, Jesús",660821,0.38462652749210646,0.38462652749210646,-0.6584762882656628,1.0431028157577693,,,,,,2933,0,0,0,0,0,573,189,2171
"Yorke, Nick",694377,0.35999869187908073,0.35999869187908073,0.06740072035058518,0.12369123012683517,0.16890674140165982,,,,,510,0,96,336,9,0,0,0,69
"Johnson, Bryce",669369,0.3560486811398582,0.3560486811398582,1.1909944351433082,-0.83494575400345,,,,,,653,0,0,0,0,0,319,241,93
"Koss, Christian",683766,0.3492934564471166,0.3492934564471166,-1.0643037290717992,,1.4135971855189153,,,,,1335,0,0,1017,210,96,0,0,0
"Hiura, Keston",669374,0.34084976298274594,0.34084976298274594,0.34084976298274594,,,,,,,165,0,165,0,0,0,0,0,0
"Slater, Austin",596103,0.3324886486251581,0.3324886486251581,1.01554057204317,-0.6830519234180125,,,,,,887,0,3,0,0,0,378,9,495
"Wallach, Chad",595453,0.3240921045459721,,,,,0.3240921045459721,0.32180639315035736,,0.002285711395614715,6,6,0,0,0,0,0,0,0
"Rosario, Eddie",592696,0.3081103586069988,0.3081103586069988,0.3081103586069988,,,,,,,24,0,0,0,0,0,0,0,24
"Martini, Nick",605361,0.30773482913814226,0.30773482913814226,-0.4993193634706311,0.8070541926087731,,,,,,330,0,0,0,0,0,36,0,294
"Canario, Alexander",672744,0.30628018255760975,0.30628018255760975,-1.953651945217295,2.2599321277749045,,,,,,1563,0,0,0,0,0,600,551,412
"Brantly, Rob",542963,0.3006974886765457,,,,,0.3006974886765457,-0.01523543467000597,0.29719299806335364,0.018739925283198254,51,51,0,0,0,0,0,0,0
"Allen, Greg",656185,0.29879886818178564,0.29879886818178564,0.05369296869059986,0.2451058994911856,,,,,,123,0,0,0,0,0,21,102,0
"Siani, Michael",672279,0.2943574148250001,0.2943574148250001,0.5974566838743539,-0.3030992690493544,,,,,,178,0,0,0,0,0,0,178,0
"Wisely, Brett",689172,0.2926753911192457,0.2926753911192457,0.23662205590626303,,0.056053335212982655,,,,,450,0,0,384,63,3,0,0,0
"Handley, Maverick",668974,0.2924100504306496,,,,,0.2924100504306496,1.2059147234113354,-1.442291011863553,0.528786338882867,362,362,0,0,0,0,0,0,0
"DeJong, Paul",657557,0.28523426506467625,0.28523426506467625,-0.5862505085634359,,0.8714847736281128,,,,,1323,0,27,297,795,204,0,0,0
"Montes, Coco",663796,0.28037750399961664,0.28037750399961664,0.3675481629817711,0.0037741079763722787,-0.0909447669585268,,,,,78,0,0,48,21,0,9,0,0
"Romo, Drew",691011,0.27314074678278066,,,,,0.27314074678278066,0.2394564117970272,,0.033684334985753454,6,6,0,0,0,0,0,0,0
"Garcia, Aramis",605244,0.2676528338171555,,,,,0.2676528338171555,0.1611489472946841,0.07341282136763197,0.03309106515483944,30,30,0,0,0,0,0,0,0
"Jung, Jace",690291,0.25581681400187356,0.25581681400187356,0.5418686061260466,,-0.2860517921241724,,,,,390,0,0,0,390,0,0,0,0
"Knizner, Andrew",668800,0.2503728031939842,,,,,0.2503728031939842,1.1331339270753353,-0.06763334727070897,-0.8151277766106427,702,702,0,0,0,0,0,0,0
"Rodgers, Brendan",663898,0.2280438741664836,0.2280438741664836,-0.1992935333253077,0.009831321435374686,0.4175060860564166,,,,,857,0,0,857,0,0,0,0,0
"Thomas, Alek",677950,0.21893554665183326,0.21893554665183326,0.14164248120369752,0.07729306544813738,,,,,,3241,0,0,0,0,0,0,3241,0
"Pederson, Joc",592626,0.21392194800510544,0.21392194800510544,0.2761183248359662,-0.062196376830860794,,,,,,66,0,57,0,0,0,0,0,9
"Harris, Dustin",687957,0.20614964649846929,0.20614964649846929,0.4186764617295381,-0.21252681523106848,,,,,,282,0,0,0,0,0,165,72,45
"Mead, Curtis",678554,0.2048897297652877,0.2048897297652877,-0.14763427012281752,,0.352523999888105,,,,,1632,0,619,326,687,0,0,0,0
"Rortvedt, Ben",666163,0.19014413800630342,,,,,0.19014413800630342,0.7362505062939961,-0.7159649908743565,0.16985862258666257,975,975,0,0,0,0,0,0,0
"Taylor, Chris",621035,0.17567545079804384,0.17567545079804384,-0.09275579499548985,-0.4205783048709551,0.6890095506644875,,,,,878,0,0,187,15,0,237,202,237
"Cameron, Daz",663662,0.17341324602057365,0.17341324602057365,0.10561661366393124,0.06779663235664234,,,,,,235,0,0,0,0,0,99,0,136
"Trejo, Alan",676701,0.15098486844750109,0.15098486844750109,-0.2558175853734279,0.15135999367667163,0.25544246014425753,,,,,342,0,0,0,0,339,0,0,0
"Hicklen, Brewer",676551,0.14532586187999727,0.14532586187999727,0.2036253190608502,-0.05829945718085294,,,,,,27,0,0,0,0,0,0,27,0
"Dean, Justin",681909,0.13990371286248085,0.13990371286248085,0.041543911242062775,0.09835980162041805,,,,,,71,0,0,0,0,0,0,71,0
"Hamilton, David",666152,0.137213895107655,0.137213895107655,0.9657240296752138,0.012315554569013013,-0.8408256891365722,,,,,1416,0,0,1205,4,207,0,0,0
"Adams, Jordyn",677941,0.12842774973364363,0.12842774973364363,0.0479495835456156,0.08047816618802803,,,,,,69,0,0,0,0,0,0,57,12
"Lipscomb, Trey",702358,0.1265441003206395,0.1265441003206395,0.1265441003206395,,,,,,,33,0,3,0,27,3,0,0,0
"Estrada, Thairo",642731,0.12556006125605385,0.12556006125605385,-0.8798095429648229,-0.035985303875427935,1.0413549080963047,,,,,1008,0,0,1008,0,0,0,0,0
"Friedl, TJ",670770,0.12038752541305048,0.12038752541305048,1.1416356147732636,-1.0212480893602154,,,,,,3885,0,0,0,0,0,0,3885,0
"Hurtubise, Jacob",674441,0.11243115974869597,0.11243115974869597,0.1342632071331692,-0.021832047384473217,,,,,,72,0,0,0,0,0,69,0,3
"Happ, Ian",664023,0.10901092448102151,0.10901092448102151,-0.3866256762616233,0.4956366007426422,,,,,,3823,0,0,0,0,0,3823,0,0
"Cook, Billy",695257,0.10881460730286348,0.10881460730286348,0.0065719882409603966,0.10224261906190309,,,,,,33,0,6,0,0,0,0,18,9
"Gurriel, Yuli",493329,0.10331291260200243,0.10331291260200243,0.10331291260200243,,,,,,,105,0,105,0,0,0,0,0,0
"Banfield, Will",677943,0.09663596476777546,,,,,0.09663596476777546,0.6092809893624096,-0.49532356732142246,-0.017321457273211847,78,78,0,0,0,0,0,0,0
"Vierling, Matt",663837,0.0955150865377222,0.0955150865377222,0.020416314646031018,0.07509877189169077,,,,,,618,0,0,0,9,0,135,435,39
"Alcántara, Kevin",682634,0.08762675155903561,0.08762675155903561,0.1011294987848192,-0.013502747225783571,,,,,,111,0,0,0,0,0,21,78,12
"Gonzalez, Oscar",660757,0.08327681925734359,0.08327681925734359,0.5172495046406574,-0.43397268538331407,,,,,,360,0,0,0,0,0,288,0,72
"Trevino, Jose",624431,0.08296081923164322,,,,,0.08296081923164322,1.8826045754124188,-1.021103791853162,-0.7785399643276161,2177,2170,0,0,0,0,0,0,0
"English, Tristin",663536,0.07717824172390833,0.07717824172390833,0.11531975065535477,,-0.038141508931446425,,,,,174,0,174,0,0,0,0,0,0
"Williamson, Ben",810938,0.06842101565521463,0.06842101565521463,0.2323845746847244,-0.0013040555126668258,-0.1626595035168429,,,,,2109,0,0,0,2109,0,0,0,0
"Blanco, Dairon",680118,0.06594070991743074,0.06594070991743074,0.09309828790531438,-0.02715757798788363,,,,,,81,0,0,0,0,0,33,48,0
"Haase, Eric",606992,0.06427024293141886,,,,,0.06427024293141886,-0.5389906753627657,0.16494112119790577,0.4383197970962784,531,531,0,0,0,0,0,0,0
"Garcia, Jhostynxon",691373,0.06407852728419564,0.06407852728419564,0.016200000000000013,0.04787852728419563,,,,,,75,0,0,0,0,0,30,0,45
"Whitcomb, Shay",694376,0.0598983109786064,0.0598983109786064,0.004632330767874698,-0.001209293103487385,0.05647527331421906,,,,,186,0,0,105,75,0,6,0,0
"Salazar, César",663967,0.05797789081071349,,,,,0.05797789081071349,0.26768048468298666,-0.22625084218903552,0.016548248316762163,105,102,0,0,0,0,0,0,0
"Rogers, Jake",668670,0.05523639671870169,,,,,0.05523639671870169,0.7376930463131022,-0.6430120212872512,-0.03944462830715113,1028,1017,0,0,0,0,0,0,0
"Sullivan, Brett",664954,0.04946327050806702,,,,,0.04946327050806702,-0.41258262461387596,0.3768971443604238,0.08514875076151912,69,69,0,0,0,0,0,0,0
"León, Sandy",506702,0.04411184560653901,,,,,0.04411184560653901,0.36518771423732305,-0.2372797921156705,-0.08379607651511359,87,87,0,0,0,0,0,0,0
"Peguero, Liover",678894,0.03334672176689407,0.03334672176689407,-0.4691725692983231,0.08746791767831036,0.4150513733869069,,,,,602,0,164,132,0,306,0,0,0
"Acuña, Luisangel",682668,0.0331828415972068,0.0331828415972068,0.3930071122808323,-0.16348751176196252,-0.19633675892166427,,,,,1453,0,0,1303,33,108,0,9,0
"Porter, Logan",682515,0.03315545459569045,,,,,0.03315545459569045,-0.1652659097102983,,0.19842136430598895,68,65,0,0,0,0,0,0,0
"Wynns, Austin",642851,0.026497117198197365,0.07849687144888617,0.07849687144888617,,,-0.05199975425068881,-0.5820244891982044,0.3670857184895245,0.16293901645799075,778,760,18,0,0,0,0,0,0
"Tucker, Kyle",663656,0.025850713465678157,0.025850713465678157,-2.074582356194664,2.1004330696603404,,,,,,3005,0,0,0,0,0,0,0,3005
"Vázquez, Luis",676679,0.022491116020664892,0.022491116020664892,-0.10996862294841894,,0.13245973896908378,,,,,418,0,3,81,150,171,0,0,0
"Espinal, Santiago",669289,0.016453865569782733,0.016453865569782733,1.1396331387265777,-0.31037125168978363,-0.8128080214670118,,,,,2152,0,48,381,1462,18,126,0,117
"Jones, Greg",675659,0.015693924075355324,0.015693924075355324,0.015693924075355324,,,,,,,6,0,0,0,0,0,0,0,6
"Noda, Ryan",676116,0.007228598478286344,0.007228598478286344,-0.22694045866451706,0.0863702492749708,0.14779880786783245,,,,,330,0,225,0,0,0,0,0,105
"Corona, Kenedy",685744,0.005400000000000005,0.005400000000000005,0.005400000000000005,,,,,,,36,0,0,0,0,0,0,36,0
"Hummel, Cooper",669450,0.0026220167768168084,0.0026220167768168084,-1.0144138434033971,1.0170358601802136,,,,,,565,0,0,0,0,0,556,0,6
"Thomas, Rhylan",689041,-0.002044377367129201,-0.002044377367129201,0.47577979398196657,-0.4778241713490957,,,,,,66,0,0,0,0,0,9,0,57
"Loftin, Nick",679845,-0.004566704800368596,-0.004566704800368596,1.466302032177751,-0.556593331648004,-0.9142754053301156,,,,,1206,0,47,274,261,0,624,0,0
"Robinson, Chuckie",642020,-0.009657088865358683,,,,,-0.009657088865358683,-0.030023623027674303,,0.020366534162315614,21,21,0,0,0,0,0,0,0
"Ornelas, Tirso",672359,-0.012206150113432793,-0.012206150113432793,0.07134065172150249,-0.08354680183493529,,,,,,99,0,0,0,0,0,93,6,0
"Ballesteros, Moisés",694208,-0.019335655839278303,,,,,-0.019335655839278303,0.08755001462819496,-0.13418864564444283,0.027302975176969526,30,18,12,0,0,0,0,0,0
"Young, Jared",676724,-0.02652501792940658,-0.02652501792940658,0.013906914936394722,-0.0404319328658013,,,,,,16,0,6,0,0,0,9,0,0
"Eldridge, Bryce",805811,-0.03032846059319602,-0.03032846059319602,0.008599576910293033,,-0.03892803750348906,,,,,102,0,102,0,0,0,0,0,0
"Cole, Zach",805904,-0.032789446948947906,-0.032789446948947906,-0.6627556464932709,0.6299661995443229,,,,,,348,0,0,0,0,0,132,75,141
"Rivas, Leo",660844,-0.038536457164580235,-0.038536457164580235,-0.4420606183482102,0.0918079324061692,0.31171622877746064,,,,,754,0,0,594,12,117,1,0,27
"Julks, Corey",667452,-0.04599708054481434,-0.04599708054481434,0.20912651387099795,-0.2551235944158123,,,,,,96,0,0,0,0,0,96,0,0
"De La Cruz, Elly",682829,-0.05146372488637874,-0.05146372488637874,-2.3696380109098367,0.09134551006877625,2.2268287759546816,,,,,4146,0,0,0,0,4146,0,0,0
"Kreidler, Ryan",668952,-0.054826249051681764,-0.054826249051681764,0.24970143400301154,-0.3045276830546934,,,,,,352,0,0,0,0,0,0,352,0
"Mesa Jr., Victor",683748,-0.06506732199860715,-0.06506732199860715,0.8308405681993758,-0.8959078901979834,,,,,,277,0,0,0,0,0,84,67,126
"Taylor, Samad",669392,-0.06763097826524399,-0.06763097826524399,0.09792385231267815,-0.16555483057792214,,,,,,60,0,0,0,0,0,0,9,51
"Vilade, Ryan",668723,-0.07387787504046191,-0.07387787504046191,-0.1741200403294464,0.10024216528898439,,,,,,102,0,0,0,0,0,15,0,87
"Tromp, Chadwick",644433,-0.07859823071891475,,,,,-0.07859823071891475,0.22361820877344507,-0.3870333901577022,0.08481695066534202,166,166,0,0,0,0,0,0,0
"Navarreto, Brian",640459,-0.0812659044492999,,,,,-0.0812659044492999,0.5543597111861736,-0.5979294214025158,-0.037696194232957274,108,108,0,0,0,0,0,0,0
"Johnson, Daniel",669288,-0.10273759503481869,-0.10273759503481869,0.5739707454493304,-0.676708340484149,,,,,,395,0,0,0,0,0,84,206,105
"Vázquez, Christian",543877,-0.1288555935063095,,,,,-0.1288555935063095,-2.702970672876697,1.2121305302654624,1.361984549104925,1557,1557,0,0,0,0,0,0,0
"Halpin, Petey",690984,-0.1660507272682623,-0.1660507272682623,-0.02813495435769554,-0.13791577291056678,,,,,,45,0,0,0,0,0,3,42,0
"Nuñez, Dom",624513,-0.16668768745397644,,,,,-0.16668768745397644,-0.022900453585578785,-0.29265988339505095,0.14887264952665352,51,51,0,0,0,0,0,0,0
"Tolbert, Tyler",686475,-0.1772315471205633,-0.1772315471205633,-0.4295232704813354,0.2592865966679142,-0.006994873307141692,,,,,507,0,0,33,30,24,90,300,30
"Chaparro, Andrés",665953,-0.1865777864280716,-0.1865777864280716,-0.04921046452725478,,-0.13736732190081682,,,,,447,0,447,0,0,0,0,0,0
"Alexander, CJ",680769,-0.1912052542992824,-0.1912052542992824,0.3934182741921518,-0.35184408102813003,-0.23277944746330426,,,,,111,0,48,0,42,0,9,0,12
"Ford, Harry",695670,-0.19578200577132132,,,,,-0.19578200577132132,-0.19014740605854222,,-0.005634599712779124,42,42,0,0,0,0,0,0,0
"Winker, Jesse",608385,-0.19642368332347726,-0.19642368332347726,0.005400000000000005,-0.20182368332347728,,,,,,15,0,0,0,0,0,15,0,0
"Barger, Addison",680718,-0.20107904646722508,-0.20107904646722508,-3.637864944359968,3.963042023031832,-0.5262561251390921,,,,,3079,0,0,0,1840,0,0,0,1239
"McCray, Grant",687529,-0.2019174786558785,-0.2019174786558785,0.12234494672594048,-0.32426242538181904,,,,,,220,0,0,0,0,0,39,6,175
"Jankowski, Travis",608671,-0.21130085903697965,-0.21130085903697965,0.5915606248434938,-0.8028614838804736,,,,,,357,0,0,0,0,0,105,36,213
"Crim, Blaine",688760,-0.2213570715694934,-0.2213570715694934,-0.5359628425290606,,0.3146057709595673,,,,,426,0,426,0,0,0,0,0,0
"Avans, Drew",682183,-0.22585216082278464,-0.22585216082278464,-0.8260567985479308,0.6002046377251461,,,,,,129,0,0,0,0,0,108,15,6
"Ruiz, Esteury",665923,-0.23598650348149375,-0.23598650348149375,0.42489596937281304,-0.6608824728543068,,,,,,181,0,0,0,0,0,127,0,54
"Rengifo, Luis",650859,-0.24417714807702479,-0.24417714807702479,-3.4457827011059545,0.9216342177256964,2.2799713353032365,,,,,3522,0,0,1756,1703,6,8,6,43
"Naylor, Bo",666310,-0.27038302257411007,,,,,-0.27038302257411007,-2.9041426383821602,1.5359700821061169,1.097789533701934,2836,2836,0,0,0,0,0,0,0
"McCoy, Mason",669200,-0.2755069251766981,-0.2755069251766981,-0.0833514714740203,,-0.19215545370267778,,,,,192,0,0,54,0,138,0,0,0
"Davis, J.D.",605204,-0.2784994153043773,-0.2784994153043773,-0.4880392796016544,,0.2095398642972771,,,,,72,0,48,0,24,0,0,0,0
"Jackson, Jeremiah",669236,-0.2959353995056567,-0.2959353995056567,-2.1567481162821194,1.90234169431748,-0.041528977541014866,,,,,1005,0,0,3,252,0,0,0,750
"LeMahieu, DJ",518934,-0.29719926049776996,-0.29719926049776996,-0.5018195265676064,,0.20462026606983585,,,,,972,0,0,972,0,0,0,0,0
"Robertson, Will",683770,-0.2979498738405687,-0.2979498738405687,0.21934673518689282,-0.5172966090274608,,,,,,524,0,0,0,0,0,416,6,102
"Turang, Brice",668930,-0.3018121192522847,-0.3018121192522847,-2.3536805529342435,0.5142486996458973,1.5376197340360622,,,,,3987,0,0,3962,0,25,0,0,0
"Huff, Sam",669087,-0.30779037791531844,,,,,-0.30779037791531844,1.1065578276842978,-0.2902920068408533,-1.1240561987587625,445,445,0,0,0,0,0,0,0
"Thomas, Lane",657041,-0.3216312420472838,-0.3216312420472838,-1.4963270114088227,1.174695769361539,,,,,,871,0,0,0,0,0,0,853,18
"Schunk, Aaron",668845,-0.32410280648786244,-0.32410280648786244,-0.1650192256117971,,-0.1590835808760655,,,,,271,0,0,69,42,160,0,0,0
"Margot, Manuel",622534,-0.3253939337206887,-0.3253939337206887,0.08249906588032792,-0.40789299960101666,,,,,,124,0,0,0,0,0,0,0,124
"Walton, Donovan",622268,-0.32675294637541064,-0.32675294637541064,-0.32675294637541064,,,,,,,54,0,0,54,0,0,0,0,0
"Fitzgerald, Tyler",666149,-0.33482985386941655,-0.33482985386941655,-0.33294492240729423,-0.0004421068005272264,-0.0014428246615958568,,,,,1748,0,0,1685,0,0,0,0,63
"Malloy, Justyn-Henry",669234,-0.3521037186071106,-0.3521037186071106,-0.3351771365525723,-0.01672956108865839,-0.00019702096587990729,,,,,267,0,6,0,0,0,18,0,243
"Yoshida, Masataka",807799,-0.3624582995159636,-0.3624582995159636,0.027000000000000024,-0.38945829951596367,,,,,,123,0,0,0,0,0,99,0,24
"Devanney, Cam",687478,-0.3799536026639072,-0.3799536026639072,-0.3799536026639072,,0,,,,,282,0,0,0,282,0,0,0,0
"Bae, Ji Hwan",678225,-0.38132169181236714,-0.38132169181236714,0.19488564208628495,-0.576207333898652,,,,,,179,0,0,0,0,0,96,59,24
"McNeil, Jeff",643446,-0.38679605128462596,-0.38679605128462596,0.8974904183903003,-0.4236746708257221,-0.860611798849205,,,,,2610,0,6,1727,0,0,178,627,72
"Brooks, Trenton",670092,-0.392048011242202,-0.392048011242202,0.056700000000000056,-0.4487480112422021,,,,,,15,0,0,0,0,0,15,0,0
"De La Cruz, Bryan",650559,-0.395101013528764,-0.395101013528764,-0.309754004581379,-0.08534700894738444,,,,,,273,0,0,0,0,0,270,0,3
"Jensen, Carter",695600,-0.40686936387210604,,,,,-0.40686936387210604,-0.19384996710865054,0.30112053327936217,-0.5141399300428178,200,200,0,0,0,0,0,0,0
"Cabrera, Oswaldo",665828,-0.4190625840505572,-0.4190625840505572,-1.0892650905922558,,0.6702025065416977,,,,,813,0,9,0,798,0,3,0,3
"Trammell, Taylor",666211,-0.43554518936181075,-0.43554518936181075,0.8661403772610465,-1.3016855666228586,,,,,,907,0,0,0,0,0,404,472,31
"Rivera, Emmanuel",656896,-0.4358243901048491,-0.4358243901048491,-0.1977028930035164,,-0.2381214971013323,,,,,806,0,132,0,671,0,0,0,0
"Stowers, Kyle",669065,-0.44511093358385084,-0.44511093358385084,-2.4238100017216184,1.978699068137757,,,,,,2571,0,0,0,0,0,1625,171,775
"Mullins, Cedric",656775,-0.4480835443231509,-0.4480835443231509,3.93115141927978,-4.379234963602936,,,,,,3193,0,0,0,0,0,0,3193,0
"Devers, Rafael",646240,-0.4495647615362367,-0.4495647615362367,-0.5694552477772922,,0.11989048624105555,,,,,774,0,747,0,27,0,0,0,0
"Beck, Jordan",687597,-0.45167115388294077,-0.45167115388294077,-1.5959273828299636,1.1442562289470235,,,,,,3478,0,0,0,0,0,3472,6,0
"Alcántara, Sergio",642727,-0.4660403468002161,-0.4660403468002161,-0.4660403468002161,,0,,,,,24,0,0,0,18,6,0,0,0
"Campero, Gustavo",672569,-0.4696649664632252,-0.4696649664632252,-1.348246047623878,0.8785810811606526,,,,,,455,0,0,0,0,0,30,12,413
"Tauchman, Mike",643565,-0.47148460619968313,-0.47148460619968313,-0.27528957281024263,-0.1961950333894381,,,,,,1713,0,0,0,0,0,0,0,1713
"Stevenson, Cal",670276,-0.4754636490368426,-0.4754636490368426,-0.5668216267174432,0.09135797768060056,,,,,,44,0,0,0,0,0,0,44,0
"Valera, George",671655,-0.47571399232157047,-0.47571399232157047,-0.43739179100589975,-0.03832220131567074,,,,,,96,0,0,0,0,0,0,0,96
"Hassell III, Robert",690987,-0.48928466923662983,-0.48928466923662983,-1.0631289783564744,0.5738443091198463,,,,,,1419,0,0,0,0,0,84,1131,204
"Barnhart, Tucker",571466,-0.5036510215672131,,,,,-0.5036510215672131,-0.1291139252014194,-0.11186137477841059,-0.26267572158738295,121,115,0,0,0,0,0,0,0
"Stubbs, Garrett",596117,-0.5177226690096112,,,,,-0.5177226690096112,-0.5466346964811147,,0.028912027471503395,18,18,0,0,0,0,0,0,0
"Sogard, Nick",686765,-0.5252593091117849,-0.5252593091117849,-0.43581413762319643,-0.014845581632916419,-0.07459958985567075,,,,,661,0,283,195,117,15,0,0,51
"Gray, Tristan",656484,-0.5361613366078175,-0.5361613366078175,-1.0119100786851163,-0.05626724683014289,0.5320159889074416,,,,,582,0,57,240,99,186,0,0,0
"Ornelas, Jonathan",680716,-0.5361789367059455,-0.5361789367059455,-0.5159538020347879,,-0.020225134671157628,,,,,78,0,0,9,21,48,0,0,0
"McCusker, Carson",676812,-0.5374636985666439,-0.5374636985666439,-0.6243597603073319,0.08689606174068808,,,,,,147,0,0,0,0,0,0,0,147
"Callihan, Tyler",682997,-0.5403902953760178,-0.5403902953760178,-0.7383111199533138,0.19792082457729598,,,,,,59,0,0,9,0,0,50,0,0
"Kingery, Scott",664068,-0.5523913152607534,-0.5523913152607534,-0.9839098600743597,,0.4315185448136061,,,,,240,0,0,159,0,39,0,27,9
"Heyward, Jason",518792,-0.5578876792668814,-0.5578876792668814,0.16371710189876068,-0.7216047811656423,,,,,,647,0,0,0,0,0,569,30,48
"Baty, Brett",683146,-0.5579773198588373,-0.5579773198588373,0.6548067156851785,-0.05266464105543059,-1.1601193944885857,,,,,2838,0,0,1119,1719,0,0,0,0
"Matthews, Brice",694728,-0.5721418699972731,-0.5721418699972731,-0.1407176403981304,,-0.4314242295991426,,,,,331,0,0,327,4,0,0,0,0
"McKinney, Billy",641856,-0.5944182995026522,-0.5944182995026522,-0.1409361221038478,-0.45348217739880403,,,,,,120,0,0,0,0,0,27,0,93
"Berti, Jon",542932,-0.636245226903599,-0.636245226903599,-1.5895375151484323,,0.9532922882448324,,,,,746,0,0,150,582,0,0,0,3
"Beavers, Dylan",687637,-0.6397241451147005,-0.6397241451147005,-0.21685057617795436,-0.422873568936746,,,,,,901,0,0,0,0,0,537,0,364
"Amaya, Jacob",676070,-0.6425824172799279,-0.6425824172799279,-0.22857623378454123,,-0.4140061834953869,,,,,634,0,0,12,0,619,0,0,0
"Dunn, Oliver",686554,-0.669205826506716,-0.669205826506716,-0.7983133824818895,,0.12910755597517318,,,,,281,0,6,0,275,0,0,0,0
"Guerrero Jr., Vladimir",665489,-0.6715844866499306,-0.6715844866499306,-1.4703989411437555,,0.7988144544938252,,,,,3380,0,3380,0,0,0,0,0,0
"Rivero, Sebastián",665861,-0.6941126481930419,,,,,-0.6941126481930419,-0.26683130295511104,-0.3433988981592322,-0.08388244707869746,256,256,0,0,0,0,0,0,0
"Flores, Wilmer",527038,-0.7014792361633096,-0.7014792361633096,-0.8270508470282162,,0.12557161086490612,,,,,651,0,624,0,27,0,0,0,0
"Stubbs, C.J.",667690,-0.7036678224590562,,,,,-0.7036678224590562,-0.7525401807039088,,0.04887235824485274,27,27,0,0,0,0,0,0,0
"Mountcastle, Ryan",663624,-0.7068272384536901,-0.7068272384536901,-0.19200730871056096,,-0.5148199297431288,,,,,1323,0,1323,0,0,0,0,0,0
"Narváez, Omar",553882,-0.7110062164773282,,,,,-0.7110062164773282,-0.19761242742210308,-0.49761656676265065,-0.015777222292574642,78,78,0,0,0,0,0,0,0
"Keaschall, Luke",807712,-0.7139218169284789,-0.7139218169284789,-1.3373600413393922,0.28830662655302464,0.33513159785788926,,,,,1080,0,0,1080,0,0,0,0,0
"Nimmo, Brandon",607043,-0.7172869505119706,-0.7172869505119706,-0.6043704782432998,-0.11291647226866858,,,,,,3851,0,0,0,0,0,3806,45,0
"Barrero, José",676480,-0.7183921948966117,-0.7183921948966117,-0.6135340256893023,-0.17628697929623668,0.07142881008892694,,,,,258,0,0,24,6,117,0,102,9
"Prieto, César",693409,-0.7231457431406941,-0.7231457431406941,-0.7231457431406941,,,,,,,27,0,0,27,0,0,0,0,0
"Villar, David",681584,-0.7442700798035178,-0.7442700798035178,-0.7442700798035178,,,,,,,159,0,156,0,3,0,0,0,0
"Harper, Bryce",547180,-0.7528189468779127,-0.7528189468779127,0.47509871735006515,,-1.2279176642279777,,,,,3398,0,3398,0,0,0,0,0,0
"Vivas, Jorbit",678391,-0.7558189709525884,-0.7558189709525884,-1.0794117399476324,,0.3235927689950442,,,,,534,0,0,306,228,0,0,0,0
"Lee, Korey",686676,-0.7690734143769046,-0.6697141660059888,-0.6767573011423783,0.00704313513638951,,-0.0993592483709158,-0.22691029695479198,-0.44118521728817583,0.5687362658720516,273,258,0,0,0,0,6,0,0
"Herrera, Jose",645444,-0.7849755774390663,,,,,-0.7849755774390663,-0.5253902137085263,-1.3307861044455467,1.071200740715005,1466,1460,0,0,0,0,0,0,0
"Seigler, Anthony",678011,-0.7868597358607057,-0.4003099646139642,-0.5019413357798451,-0.18799660569388504,0.28962797685976566,-0.38654977124674195,-0.1442078277756215,,-0.24234194347112034,397,3,3,0,388,0,0,0,0
"Eaton, Nate",681987,-0.8065022878160416,-0.8065022878160416,-1.5902504030454103,1.001789598223012,-0.2180414829936434,,,,,624,0,0,0,219,0,39,90,273
"Outman, James",681546,-0.8075207877077821,-0.8075207877077821,-0.04909273458153973,-0.7584280531262435,,,,,,1064,0,0,0,0,0,276,602,186
"Pillar, Kevin",607680,-0.8327133798483393,-0.8327133798483393,-0.43812734859145397,-0.3945860312568853,,,,,,259,0,0,0,0,0,60,159,40
"McKinstry, Zach",656716,-0.8329682170271173,-0.8329682170271173,-0.8284365164559025,0.3710556157647613,-0.3755873163359774,,,,,3443,0,6,93,1735,744,264,0,600
"Marte, Ketel",606466,-0.8510890280997909,-0.8510890280997909,0.9808928669330422,-0.0296239423879642,-1.802357952644869,,,,,2634,0,0,2634,0,0,0,0,0
"Siri, Jose",642350,-0.8552430760091546,-0.8552430760091546,-0.5793587138242425,-0.2758843621849122,,,,,,285,0,0,0,0,0,0,285,0
"Kennedy, Buddy",671083,-0.8593477046120015,-0.8593477046120015,-0.8593477046120015,,,,,,,229,0,42,15,172,0,0,0,0
"Schanuel, Nolan",694384,-0.8708264325349279,-0.8708264325349279,-1.6652916470880235,,0.7944652145530987,,,,,3393,0,3393,0,0,0,0,0,0
"Hinds, Rece",677956,-0.878937930155445,-0.878937930155445,-1.4445719641143078,0.5656340339588631,,,,,,323,0,0,0,0,0,0,0,323
"Noel, Jhonkensy",678877,-0.8901912587766578,-0.8901912587766578,-1.1294580618642067,0.03220878968431111,0.20705801340323743,,,,,1053,0,150,0,0,0,3,0,900
"Shaw, Matt",807713,-0.8916253428452707,-0.8916253428452707,-0.7727205091415803,,-0.1189048337036901,,,,,3048,0,0,18,3030,0,0,0,0
"Pereira, Everson",677592,-0.8978146190548366,-0.8978146190548366,-0.6471568983722352,-0.2506577206826012,,,,,,488,0,0,0,0,0,0,440,48
"Moore, Christian",695681,-0.9035862847602246,-0.9035862847602246,-1.6263931622809282,0.3122431766108399,0.4105637009098638,,,,,1235,0,0,1235,0,0,0,0,0
"Naylor, Josh",647304,-0.9307771485425231,-0.9307771485425231,0.4097471749052237,,-1.3405243234477477,,,,,3243,0,3243,0,0,0,0,0,0
"Refsnyder, Rob",608701,-0.932881760130619,-0.932881760130619,-1.184104270715447,0.25122251058482703,,,,,,768,0,0,0,0,0,238,0,530
"Thomas, Colby",687515,-0.9448215889507409,-0.9448215889507409,-1.109911743151188,0.1650901542004472,,,,,,809,0,0,0,0,0,123,282,404
"Peters, Tristan",671976,-0.9450291357275461,-0.9450291357275461,-0.976153316759082,0.03112418103153589,,,,,,87,0,0,0,0,0,0,87,0
"Suzuki, Seiya",673548,-0.9558763989340436,-0.9558763989340436,-0.2585191223142718,-0.6973572766197711,,,,,,1244,0,0,0,0,0,371,27,846
"Sabol, Blake",666165,-0.9591545039725667,,,,,-0.9591545039725667,-0.3194203007946864,-0.6630944556228294,0.023360252444948344,117,117,0,0,0,0,0,0,0
"Crooks, Jimmy",699625,-0.9797202106792763,,,,,-0.9797202106792763,-0.04223948009983066,-0.4670123133636133,-0.47046841721583366,316,316,0,0,0,0,0,0,0
"Black, Tyler",672012,-0.9829933212771911,-0.9829933212771911,-0.6721842106567573,-0.3108091106204338,,,,,,58,0,33,0,0,0,18,0,7
"Kieboom, Carter",666198,-0.9855756021858708,-0.9855756021858708,-0.9855756021858708,,,,,,,54,0,54,0,0,0,0,0,0
"Johnston, Troy",687859,-0.9921825490469289,-0.9921825490469289,-0.41599425090751474,-0.07683308980076903,-0.4993552083386447,,,,,738,0,324,0,0,0,198,0,216
"Soderstrom, Tyler",691016,-0.9935860778589468,-0.9935860778589468,0.6424720792055356,-1.5467815306516253,-0.08927662641285691,,,,,3785,0,1182,0,0,0,2603,0,0
"Barnes, Austin",605131,-1.0111930585887374,-0.711290363977997,-0.711289722349096,,-6.416289010554728e-7,-0.2999026946107403,0.7015659095842034,-1.7014132321758964,0.6999446279809531,312,309,3,0,0,0,0,0,0
"Jones, Nolan",666134,-1.032240664589579,-1.032240664589579,-4.8919804991140285,3.859739834524444,,,,,,2676,0,0,0,0,0,231,580,1865
"Baldwin, Drake",686948,-1.0500565417836232,,,,,-1.0500565417836232,-1.1646094530945963,-1.5602714996803884,1.6748244109913608,2279,2279,0,0,0,0,0,0,0
"Henderson, Gunnar",683002,-1.0693933153741917,-1.0693933153741917,-2.312646892933901,-0.02587255997250028,1.2691261375322078,,,,,3749,0,0,0,0,3749,0,0,0
"Newman, Kevin",621028,-1.0920695817508315,-1.0920695817508315,-1.5691304992062332,,0.4770609174554011,,,,,907,0,45,90,490,270,0,0,0
"Loperfido, Joey",694388,-1.1308086736554253,-1.1308086736554253,-0.10476576253703328,-1.026042911118393,,,,,,681,0,0,0,0,0,516,0,165
"Herrera, Iván",671056,-1.1543371309452601,0.29085235042068375,0.12521937785411305,0.16563297256657067,,-1.4451894813659438,-0.3398033214352926,-1.1264074743801644,0.021021314449512718,396,303,0,0,0,0,93,0,0
"Raley, Luke",670042,-1.1596860386211343,-1.1596860386211343,-1.4851182941993275,0.38417852335197933,-0.05874626777378553,,,,,1347,0,609,0,0,0,30,88,620
"Gorski, Matt",685301,-1.1814630041975207,-1.1814630041975207,-1.1164898687325715,-0.0649731354649492,,,,,,273,0,240,0,0,0,3,30,0
"Torkelson, Spencer",679529,-1.2107481265625322,-1.2107481265625322,-1.7513965440854389,,0.5406484175229063,,,,,3816,0,3816,0,0,0,0,0,0
"Azocar, José",640492,-1.2378405048349908,-1.2378405048349908,-1.017416806853068,-0.22042369798192246,,,,,,156,0,0,0,0,0,63,51,42
"Rice, Ben",700250,-1.2816840854967146,0.679813846965728,0.7018227047163923,,-0.022008857750664707,-1.9614979324624435,-1.2101703859686872,-0.30459942384449556,-0.4467281226492586,1799,689,1110,0,0,0,0,0,0
"Canha, Mark",592192,-1.301185261374671,-1.301185261374671,-0.006690990876815295,-1.2944942704978573,,,,,,613,0,42,0,0,0,391,0,180
"Burger, Jake",669394,-1.303230563231002,-1.303230563231002,-1.1585012102784689,-0.0028555734232632857,-0.1418737795292706,,,,,2270,0,2270,0,0,0,0,0,0
"Riley, Austin",663586,-1.3078346251467032,-1.3078346251467032,-0.8960781170961903,0.004378131207920013,-0.4161346392584326,,,,,2666,0,0,0,2666,0,0,0,0
"Basallo, Samuel",694212,-1.3159388579015192,0.0994320832188233,0.0994320832188233,,,-1.415370941120342,-1.1152554441499407,0.5881197574010788,-0.8882352543714789,590,536,54,0,0,0,0,0,0
"Frazier, Adam",624428,-1.3213699955217215,-1.3213699955217215,-0.2716654162445138,0.03771933542398767,-1.087423914701194,,,,,2742,0,0,1803,107,0,678,0,154
"Miranda, Jose",669304,-1.3355594618639515,-1.3355594618639515,-1.3656092540778375,0.00022180057677294524,0.029827991637112784,,,,,243,0,0,0,243,0,0,0,0
"Higashioka, Kyle",543309,-1.352564399938238,,,,,-1.352564399938238,3.3121279555834597,-3.898192653945607,-0.7664997015760862,1813,1813,0,0,0,0,0,0,0
"Donovan, Brendan",680977,-1.3848107929494096,-1.3848107929494096,-0.8454927340597194,0.023484905361077113,-0.5628029642507677,,,,,3006,0,0,2427,0,123,456,0,0
"Benson, Will",666181,-1.391706665587653,-1.391706665587653,-0.1808365144970794,-1.2108701510905748,,,,,,1719,0,0,0,0,0,667,258,794
"Alvarez, Yordan",670541,-1.4100619139939647,-1.4100619139939647,-0.9399049759609824,-0.4701569380329838,,,,,,348,0,0,0,0,0,348,0,0
"Bauers, Jake",641343,-1.431531573336752,-1.431531573336752,-1.1372297518127517,-0.2077248500642905,-0.08657697145971016,,,,,1224,0,662,0,0,0,457,0,90
"Mervis, Matt",670223,-1.438498818297091,-1.438498818297091,-0.9560706841258962,,-0.48242813417119507,,,,,600,0,600,0,0,0,0,0,0
"Hilliard, Sam",656541,-1.4641730987391093,-1.4641730987391093,-1.0602612782641274,-0.403911820474983,,,,,,386,0,0,0,0,0,180,137,69
"Kim, Ha-Seong",673490,-1.4816584317578492,-1.4816584317578492,-2.1021737270732688,0.46772217708725994,0.15279311822816063,,,,,1212,0,0,129,0,1083,0,0,0
"Cronenworth, Jake",630105,-1.4890542715586035,-1.4890542715586035,-0.33142011922461734,0.7480984445776507,-1.9057325969116372,,,,,3409,0,261,2911,0,237,0,0,0
"Sheets, Gavin",657757,-1.4950953480807445,-1.4950953480807445,-2.7436794952052224,1.2686085873936845,-0.020024440269208146,,,,,1735,0,298,0,0,0,1437,0,0
"Conine, Griffin",665052,-1.5352540328696318,-1.5352540328696318,-0.669443115984622,-0.8658109168850097,,,,,,531,0,0,0,0,0,339,0,192
"Solak, Nick",669256,-1.5405072918472955,-1.5405072918472955,-1.3360851760703907,-0.20441536596236742,-0.00000674981453754524,,,,,78,0,54,6,0,0,18,0,0
"Elko, Tim",671284,-1.5465215797102712,-1.5465215797102712,-1.4696122975240444,,-0.07690928218622704,,,,,471,0,471,0,0,0,0,0,0
"Workman, Gage",669398,-1.548501235987243,-1.548501235987243,-1.6499671712073654,,0.10146593522012237,,,,,138,0,0,0,117,21,0,0,0
"Smith, Pavin",656976,-1.568124310397538,-1.568124310397538,-1.370871162333525,,-0.19725314806401298,,,,,850,0,850,0,0,0,0,0,0
"MacIver, Willie",680862,-1.5924333332880674,,,,,-1.5924333332880674,-1.534454059099565,0.3695334846280025,-0.42751275881650375,753,747,0,0,0,0,0,0,0
"Mayo, Coby",691723,-1.607647130374652,-1.607647130374652,-1.5703175656998254,,-0.037329564674826315,,,,,1816,0,1759,0,57,0,0,0,0
"Kavadas, Niko",694359,-1.6299677525834637,-1.6299677525834637,-1.3259860524854672,,-0.30398170009799663,,,,,183,0,178,0,0,0,0,0,0
"Bruján, Vidal",660644,-1.6631834785461224,-1.6631834785461224,-0.25110147878215316,-0.4139727787870717,-0.9981092209768978,,,,,582,0,0,36,252,129,27,36,96
"Stevens, Chad",677060,-1.675744671958062,-1.675744671958062,-1.675744671958062,,,,,,,111,0,0,72,39,0,0,0,0
"Urshela, Gio",570482,-1.6890054315125829,-1.6890054315125829,-1.6629843642739681,,-0.02602106723861486,,,,,1309,0,45,0,1264,0,0,0,0
"Fraley, Jake",641584,-1.6951626569342377,-1.6951626569342377,0.044715659638733245,-1.739878316572968,,,,,,1446,0,0,0,0,0,122,0,1324
"Suwinski, Jack",669261,-1.698432135991851,-1.698432135991851,-1.6785741648921229,-0.019857971099730386,,,,,,1192,0,0,0,0,0,402,450,340
"Freeman, Freddie",518692,-1.7176106148239045,-1.7176106148239045,-1.8233096229379677,,0.10569900811406485,,,,,3717,0,3717,0,0,0,0,0,0
"Busch, Michael",683737,-1.7602036772442273,-1.7602036772442273,-1.0214505637758948,,-0.7387531134683327,,,,,3555,0,3555,0,0,0,0,0,0
"Saggese, Thomas",695336,-1.7621963969610204,-1.7621963969610204,-0.2621148564585245,0.005214925244899832,-1.5052964657473955,,,,,1939,0,0,867,351,721,0,0,0
"Kelenic, Jarred",672284,-1.7639703032657394,-1.7639703032657394,-0.09968856270788182,-1.6642817405578587,,,,,,487,0,0,0,0,0,7,0,480
"Locklear, Tyler",682988,-1.7657978587587004,-1.7657978587587004,-1.9938157938303844,,0.22801793507168405,,,,,769,0,769,0,0,0,0,0,0
"Casas, Triston",671213,-1.767277950414539,-1.767277950414539,-1.997706021665588,,0.23042807125104925,,,,,705,0,705,0,0,0,0,0,0
"Encarnacion-Strand, Christian",687952,-1.778155269178196,-1.778155269178196,-1.7217257061849267,,-0.056429562993268345,,,,,868,0,670,0,198,0,0,0,0
"Williams, Carson",700246,-1.7803913026042253,-1.7803913026042253,-1.4045799485002408,0.15486875683925722,-0.5306801109432416,,,,,767,0,0,0,0,767,0,0,0
"Wade, Tyler",642180,-1.7881410833145575,-1.7881410833145575,-3.0562393607510483,1.4557313416897182,-0.18763306425322923,,,,,891,0,0,132,28,12,248,438,30
"Feduccia, Hunter",676439,-1.7941886839948533,0.03056707664605976,0.03056707664605976,,,-1.824755760640912,0.43010849436719933,-2.330500748651474,0.07563649364335975,706,700,6,0,0,0,0,0,0
"Schneider, Davis",676914,-1.7963941689351173,-1.7963941689351173,-0.7143338768319701,-1.0922793892018607,0.010219097098712993,,,,,1427,0,0,383,3,0,1041,0,0
"Gonzalez, Romy",663853,-1.8088667963170717,-1.8088667963170717,-1.834713810901888,,0.02584701458481653,,,,,2005,0,1105,864,36,0,0,0,0
"Dezenzo, Zach",701305,-1.8364175145654271,-1.8364175145654271,-2.49380909749973,0.6573915829343031,,,,,,621,0,39,0,0,0,324,0,258
"Correa, Carlos",621043,-1.8386248139352008,-1.8386248139352008,0.22151001322143557,-0.22334232880857707,-1.8367924983480577,,,,,3596,0,0,0,1251,2345,0,0,0
"Clase, Jonatan",682729,-1.8452356133455319,-1.8452356133455319,-2.1363259769971865,0.2910903636516549,,,,,,763,0,0,0,0,0,547,198,18
"Nola, Austin",543592,-1.8674843214466175,0.12254643329282588,0.12254643329282588,,,-1.990030754739443,-1.9575755943522781,-0.42274161573375724,0.39028645534659195,279,267,9,0,0,0,0,0,0
"Kepler, Max",596146,-1.8801342112184005,-1.8801342112184005,-0.539541080158874,-1.3405931310595258,,,,,,3025,0,0,0,0,0,2320,18,687
"Short, Zack",670097,-1.9025548534643433,-1.9025548534643433,-1.563209433094033,,-0.3393454203703105,,,,,447,0,0,0,0,447,0,0,0
"Winkler, Jack",676466,-1.9127290747344143,-1.9127290747344143,-1.6788381609773655,,-0.23389091375704898,,,,,133,0,9,75,13,36,0,0,0
"Santander, Anthony",623993,-1.9536763809577615,-1.9536763809577615,-1.0657936191097388,-0.8878827618480241,,,,,,546,0,3,0,0,0,174,0,369
"McCann, James",543510,-1.9587388017746399,,,,,-1.9587388017746399,-1.7596417359906913,-0.5791841198389219,0.3800870540549754,953,948,5,0,0,0,0,0,0
"Reyes, Pablo",622569,-1.9654202331311768,-1.9654202331311768,-1.734023739864092,-0.15006321836578598,-0.08133327490129923,,,,,209,0,0,83,54,0,6,0,63
"Trout, Mike",545361,-1.9891542991606452,-1.9891542991606452,-1.8963242378338658,-0.0928300613267789,,,,,,555,0,0,0,0,0,0,0,555
"Amador, Adael",691182,-1.9917892756380158,-1.9917892756380158,-1.9689774141737595,,-0.022811861464256372,,,,,928,0,0,928,0,0,0,0,0
"Bouchard, Sean",656248,-2.0246627905189487,-2.0246627905189487,-1.5850326665235652,-0.4396301239953841,,,,,,333,0,18,0,0,0,51,0,264
"Rocchio, Brayan",677587,-2.058518246624666,-2.058518246624666,-1.144062358825449,0.008389913589259196,-0.9228458013884772,,,,,2833,0,0,1255,0,1578,0,0,0
"Caminero, Junior",691406,-2.058800870760811,-2.058800870760811,-2.644877140908578,-0.0012755196601322246,0.5873517898079025,,,,,3778,0,6,0,3772,0,0,0,0
"Jones, Jahmai",663330,-2.074697511001992,-2.074697511001992,-1.3157738365120881,-0.7589236744899034,,,,,,240,0,0,3,0,0,111,0,126
"Freeman, Cody",683227,-2.087853094092346,-2.087853094092346,-1.0111719434481228,-0.3747453640932405,-0.701935786550983,,,,,725,0,0,513,108,0,38,0,66
"Pereda, Jhonny",640902,-2.101274123504332,,,,,-2.101274123504332,-0.8944433030159646,-1.6332348431437116,0.4264040226553443,588,579,0,0,0,0,0,0,0
"Paredes, Isaac",670623,-2.1131748147320626,-2.1131748147320626,-2.4448975148670997,,0.33172270013503913,,,,,2300,0,0,0,2300,0,0,0,0
"Manzardo, Kyle",700932,-2.122492011569236,-2.122492011569236,-1.9715054951574627,,-0.15098651641177427,,,,,1379,0,1379,0,0,0,0,0,0
"Lee, Jung Hoo",808982,-2.1243981143038515,-2.1243981143038515,-4.604442518824423,2.4800444045205703,,,,,,3827,0,0,0,0,0,0,3827,0
"Kayfus, C.J.",692216,-2.1407467798589437,-2.1407467798589437,-2.3898516148833155,-0.049660212352906054,0.29876504737727794,,,,,951,0,336,0,0,0,0,0,615
"Taveras, Leody",665750,-2.146366938955868,-2.146366938955868,-1.0551193515228696,-1.091247587432999,,,,,,1332,0,0,0,0,0,0,690,642
"Carlson, Dylan",666185,-2.148750913474003,-2.148750913474003,-2.192603575510015,0.043852662036013686,,,,,,1736,0,0,0,0,0,1183,300,253
"Schmitt, Casey",669477,-2.151319648745438,-2.151319648745438,-2.74191945336513,0.018958775130242887,0.5716410294894515,,,,,2284,0,360,1293,604,27,0,0,0
"Kiner-Falefa, Isiah",643396,-2.171996968731092,-2.171996968731092,-0.38782741885404204,0.21174365433939055,-1.9959132042164431,,,,,3302,0,0,79,770,2451,0,0,0
"Hicks, Liam",689414,-2.174841334588991,0.09273992164814274,0.4929595891452933,,-0.40021966749715054,-2.2675812562371354,0.4063033421087523,-2.8346242501218133,0.16073965177592617,1931,1312,619,0,0,0,0,0,0
"Sosa, Lenyn",672820,-2.1762494956530185,-2.1762494956530185,-2.428900755723366,-0.002406549095811429,0.2550578091661587,,,,,3212,0,922,2236,54,0,0,0,0
"Grichuk, Randal",545341,-2.180154190101194,-2.180154190101194,-2.0209421775661416,-0.15921201253505146,,,,,,994,0,0,0,0,0,291,6,697
"Wallner, Matt",670242,-2.2062175133449355,-2.2062175133449355,-3.315669858835785,1.1094523454908456,,,,,,1963,0,0,0,0,0,0,0,1963
"Ward, Taylor",621493,-2.242339791274949,-2.242339791274949,0.03222073198544457,-2.2745605232603934,,,,,,3995,0,0,0,0,0,3995,0,0
"Yelich, Christian",592885,-2.275886711111723,-2.275886711111723,-2.6104721909568873,0.3345854798451638,,,,,,460,0,0,0,0,0,460,0,0
"Davidson, Logan",669722,-2.298341806596872,-2.298341806596872,-2.1137792079493862,-0.06334817986521717,-0.1212144187822683,,,,,319,0,232,24,60,0,0,0,0
"Wilson, Jacob",805779,-2.3313545880624393,-2.3313545880624393,-1.3075871534248569,0.24990504903146832,-1.2736724836690532,,,,,3161,0,0,0,0,3161,0,0,0
"Iglesias, Jose",578428,-2.349949589041339,-2.349949589041339,-2.147691063912481,-0.13263549372586397,-0.06962303140299445,,,,,2101,0,0,923,510,662,6,0,0
"Goldschmidt, Paul",502671,-2.3686482545117284,-2.3686482545117284,-2.3099498450369014,,-0.05869840947482663,,,,,3088,0,3087,0,0,0,0,1,0
"Bernabel, Warming",682653,-2.387556264692556,-2.387556264692556,-1.4290157708979774,,-0.9585404937945777,,,,,896,0,884,0,12,0,0,0,0
"Call, Alex",669743,-2.414566091298184,-2.414566091298184,0.3328226159093065,-2.747388707207489,,,,,,2014,0,0,0,0,0,808,81,1125
"Langeliers, Shea",669127,-2.4390346285412776,,,,,-2.4390346285412776,-2.326717641718975,-0.18586513862259732,0.07354815180029448,2784,2784,0,0,0,0,0,0,0
"Smith, Josh",669701,-2.440453941467365,-2.440453941467365,-3.9031300087142085,0.6143012362221987,0.8483748310246474,,,,,3100,0,650,66,739,1267,195,39,144
"Joe, Connor",656582,-2.444602967368629,-2.444602967368629,-2.3113130846202488,-0.13328985553283063,-2.7215550758031112e-8,,,,,515,0,84,0,0,0,158,27,246
"Waters, Drew",671221,-2.473166333383399,-2.473166333383399,-0.7978626327808525,-1.6753037006025415,,,,,,1526,0,0,0,0,0,695,440,391
"Marte, Noelvi",682622,-2.476026953703288,-2.476026953703288,-3.396040048004543,1.0657063170196588,-0.14569322271840893,,,,,2198,0,0,0,862,0,0,24,1312
"Williams, Luke",663897,-2.4898566801424096,-2.4898566801424096,-2.746455220766054,0.13181724453621485,0.12478129608742905,,,,,280,0,0,0,72,190,0,0,0
"Acosta, Maximo",691185,-2.4951268300642053,-2.4951268300642053,-2.6348315048970687,,0.1397046748328648,,,,,481,0,0,132,232,117,0,0,0
"Farmer, Kyle",571657,-2.4986334217230395,-2.4986334217230395,-3.830372841581214,0.26156349210142804,1.0701759277567462,,,,,1562,0,407,715,195,242,0,0,0
"Greene, Riley",682985,-2.509736549842499,-2.509736549842499,1.2614186852978302,-3.7711552351403284,,,,,,3439,0,0,0,0,0,3091,324,24
"Rushing, Dalton",687221,-2.5867205023159445,-0.051643958644369686,-0.13063957574876706,,0.07899561710439731,-2.5350765436715754,-2.8826289329115737,1.4140378091762986,-1.0664854199363016,1060,976,84,0,0,0,0,0,0
"Robles, Victor",645302,-2.5895212149992455,-2.5895212149992455,-0.3341299556341871,-2.2553912593650587,,,,,,745,0,0,0,0,0,0,24,721
"Gurriel Jr., Lourdes",666971,-2.6225691307639374,-2.6225691307639374,-2.9903294378610403,0.36776030709710045,,,,,,3019,0,0,0,0,0,3019,0,0
"Carpenter, Kerry",681481,-2.7021397177902764,-2.7021397177902764,-2.1272252708469646,-0.574914446943312,,,,,,1805,0,0,0,0,0,564,0,1241
"Schwarber, Kyle",656941,-2.739531234215333,-2.739531234215333,-1.9695187906311904,-0.7700124435841427,,,,,,198,0,0,0,0,0,198,0,0
"Smith, Dominic",642086,-2.8011340987486597,-2.8011340987486597,-2.5356428009385774,,-0.2654912978100815,,,,,1244,0,1241,0,0,0,0,0,3
"Brown, Seth",664913,-2.840761232018581,-2.840761232018581,-2.4599767632683998,-0.38078446875018107,,,,,,351,0,0,0,0,0,174,135,42
"Wagaman, Eric",676572,-2.9434953509411286,-2.9434953509411286,-2.0029310470947186,-0.22922184826212907,-0.7113424555842814,,,,,2957,0,2587,0,15,0,319,0,36
"Grisham, Trent",663757,-3.052136197010031,-3.052136197010031,-1.6148193585918806,-1.4373168384181436,,,,,,3399,0,0,0,0,0,0,3399,0
"Bohm, Alec",664761,-3.069726543417538,-3.069726543417538,-1.1427024654547804,,-1.9270240779627579,,,,,3172,0,344,0,2828,0,0,0,0
"Wong, Connor",657136,-3.0792363403043757,,,,,-3.0792363403043757,-0.06890098652157808,-1.5288446632317578,-1.4814906905510423,1365,1362,3,0,0,0,0,0,0
"Fulford, Braxton",690924,-3.1158354582994927,,,,,-3.1158354582994927,-2.92479563828435,0.11573082727490207,-0.3067706472900432,747,747,0,0,0,0,0,0,0
"Wilson, Will",669717,-3.1327227489096865,-3.1327227489096865,-2.5943391695021223,0.2415327407179337,-0.7799163201254985,,,,,678,0,0,321,351,0,0,0,0
"Heim, Jonah",641680,-3.1567460307563753,0.14945412585954734,,0.14945412585954734,,-3.3062001566159225,-1.989975811398369,-0.9433946221287123,-0.37282972308884355,2401,2401,0,0,0,0,0,0,0
"Haggerty, Sam",664059,-3.1698299777378103,-3.1698299777378103,-2.244260096985275,-0.9480548789394937,0.02248499818695753,,,,,828,0,0,24,0,0,420,267,117
"Torres, Gleyber",650402,-3.176034184808426,-3.176034184808426,-3.3078066952385647,0.12028169463032368,0.011490815799816506,,,,,3439,0,0,3439,0,0,0,0,0
"Keith, Colt",690993,-3.1862285273396624,-3.1862285273396624,-2.0540390029588576,-0.23691098053621554,-0.8952785438445886,,,,,1749,0,432,554,763,0,0,0,0
"Rooker, Brent",667670,-3.186493267293124,-3.186493267293124,-2.6333291183942045,-0.5531641488989187,,,,,,648,0,0,0,0,0,162,0,486
"Bart, Joey",663698,-3.2466143161730776,,,,,-3.2466143161730776,-1.9920312199078996,-0.26780635651874285,-0.9867767397464339,1976,1976,0,0,0,0,0,0,0
"Lee, Brooks",686797,-3.2626917669521984,-3.2626917669521984,-3.183476989773928,,-0.07921477717826914,,,,,3398,0,0,759,854,1785,0,0,0
"Martínez, Angel",682657,-3.2927671059343524,-3.2927671059343524,-4.179974076594708,0.43966466579043795,0.4475423048699141,,,,,3173,0,0,692,0,0,6,2439,36
"Stanton, Giancarlo",519317,-3.2990781743481694,-3.2990781743481694,-2.2058234690293967,-1.0932547053187702,,,,,,396,0,0,0,0,0,105,0,291
"Norby, Connor",681393,-3.299799338281591,-3.299799338281591,-2.9880670196842876,,-0.31173231859730294,,,,,2070,0,0,0,2070,0,0,0,0
"Suárez, Eugenio",553993,-3.303014112662338,-3.303014112662338,-3.3573812506939,,0.054367138031563976,,,,,4061,0,18,0,4043,0,0,0,0
"Wagner, Will",695238,-3.3781087779236496,-3.3781087779236496,-2.610194699227211,,-0.7679140786964395,,,,,767,0,225,36,506,0,0,0,0
"Mateo, Jorge",622761,-3.4064835065306402,-3.4064835065306402,-3.304204346872872,-0.20980559380812505,0.10752643415035712,,,,,636,0,0,147,6,207,27,246,0
"Renfroe, Hunter",592669,-3.4417797903151066,-3.4417797903151066,-1.1914481008054623,-2.250331689509645,,,,,,724,0,0,0,0,0,0,0,724
"Moore, Dylan",664238,-3.510525270077112,-3.510525270077112,-4.181294701973249,-0.02925271273567034,0.7000221446318059,,,,,1586,0,122,631,240,111,0,6,476
"Pham, Tommy",502054,-3.5194602879158006,-3.5194602879158006,-2.3724025109829063,-1.1470577769328898,,,,,,2849,0,0,0,0,0,2774,0,75
"Wilson, Weston",642215,-3.52157890992297,-3.52157890992297,-3.145288507563672,-0.11612709214595021,-0.26016331021334904,,,,,906,0,99,237,3,0,558,0,0
"Lugo, Matthew",683090,-3.5587754270633196,-3.5587754270633196,-4.5068895205079595,0.9481140934446408,,,,,,443,0,0,0,0,0,117,207,119
"Alfaro, Jorge",595751,-3.564768991943499,,,,,-3.564768991943499,-1.6379885563814405,-0.5890805856156234,-1.3376998499464354,275,275,0,0,0,0,0,0,0
"Tellez, Rowdy",642133,-3.582795073919201,-3.582795073919201,-2.928009967574211,,-0.6547851063449891,,,,,1952,0,1946,0,0,0,0,0,0
"Rodríguez, Johnathan",671286,-3.6340955644467203,-3.6340955644467203,-3.4907253042779587,-0.14337026016876314,,,,,,532,0,0,0,0,0,9,0,523
"Rodríguez, Endy",682848,-3.6993958689734345,-1.3571830046467694,-1.077894074681454,,-0.27928892996531596,-2.3422128643266644,-0.5654796304887979,-0.7291910158194199,-1.047542218018448,404,175,229,0,0,0,0,0,0
"Teel, Kyle",691019,-3.713571554587042,,,,,-3.713571554587042,-0.5648154119046592,-1.3951047901876699,-1.7536513524947088,1507,1504,0,0,0,0,3,0,0
"Díaz, Yandy",650490,-3.7162329934933704,-3.7162329934933704,-3.902275080620466,,0.1860420871270958,,,,,926,0,926,0,0,0,0,0,0
"Lowe, Nathaniel",663993,-3.726464091473745,-3.726464091473745,-3.5257283926661467,,-0.2007356988075988,,,,,3706,0,3706,0,0,0,0,0,0
"Gasper, Mickey",681508,-3.757463869271061,-0.26828700031536523,-0.4191037273215271,,0.15081672700616192,-3.489176868955695,-2.549852433988374,-0.8216601868819722,-0.11766424808535017,476,366,62,36,0,0,12,0,0
"Nootbaar, Lars",663457,-3.7640137027420866,-3.7640137027420866,-0.8077910826462128,-2.9562226200958706,,,,,,3384,0,0,0,0,0,2538,252,594
"Bell, Josh",605137,-3.7751213000395025,-3.7751213000395025,-3.250287443643669,,-0.5248338563958328,,,,,759,0,759,0,0,0,0,0,0
"Albies, Ozzie",645277,-3.816200316871082,-3.816200316871082,-3.2444667415957222,0.19789084715229516,-0.769624422427654,,,,,4161,0,0,4161,0,0,0,0,0
"Urías, Luis",649966,-3.84368939233115,-3.84368939233115,-4.316287788357316,,0.4725983960261656,,,,,2278,0,0,2134,144,0,0,0,0
"Lawlar, Jordan",691783,-3.8804692872388045,-3.8804692872388045,-3.749513107235294,,-0.1309561800035109,,,,,363,0,0,111,228,24,0,0,0
"Diaz, Yainer",673237,-3.8907742880007024,,,,,-3.8907742880007024,-4.103282209377693,0.7046434752647363,-0.4921355538877508,2970,2970,0,0,0,0,0,0,0
"Canzone, Dominic",686527,-3.9048624085660095,-3.9048624085660095,-1.7878446632986473,-2.117017745267358,,,,,,1618,0,0,0,0,0,0,0,1618
"Caratini, Victor",605170,-3.932553502707212,-0.7483638203044237,-0.4454540283355132,,-0.3029097919689105,-3.184189682402785,-1.9078127306093726,-2.3512118337903036,1.0748348819968883,1545,1254,291,0,0,0,0,0,0
"Toro, Abraham",647351,-3.936690066853876,-3.936690066853876,-2.6303808907225585,,-1.3063091761313164,,,,,1835,0,1526,0,306,0,0,0,0
"Neto, Zach",687263,-3.949184952049715,-3.949184952049715,-5.710551523515788,-0.14414610397328753,1.905512675439357,,,,,3235,0,0,0,0,3235,0,0,0
"Palacios, Richie",680700,-3.962786364550167,-3.962786364550167,-3.495251186626776,-0.1381425845007752,-0.32939259342261523,,,,,243,0,48,93,0,0,78,0,24
"Guzman, Denzer",694203,-4.018321199166889,-4.018321199166889,-3.9479252845461983,-0.10298010423103673,0.03258418961034765,,,,,330,0,0,0,0,330,0,0,0
"Pasquantino, Vinnie",686469,-4.027274177510274,-4.027274177510274,-5.128194410557538,,1.1009202330472652,,,,,3253,0,3253,0,0,0,0,0,0
"Tena, José",677588,-4.142724917764263,-4.142724917764263,-3.8235901138144586,-0.015701953036662043,-0.3034328509131421,,,,,1171,0,0,117,1054,0,0,0,0
"Vargas, Miguel",678246,-4.1583516615409915,-4.1583516615409915,-4.373592054187712,0.0000733952676354493,0.21516699737908054,,,,,3382,0,1442,0,1937,0,3,0,0
"Garver, Mitch",641598,-4.165989696910183,,,,,-4.165989696910183,-2.114899828467158,-1.6327937664986842,-0.41829610194434275,1130,1130,0,0,0,0,0,0,0
"Stallings, Jacob",607732,-4.170900528851585,,,,,-4.170900528851585,-2.1316538804787997,-1.0170982565423061,-1.0221483918304806,975,969,0,0,0,0,0,0,0
"García Jr., Luis",671277,-4.181479333670557,-4.181479333670557,-5.124582527107332,,0.9431031934367783,,,,,3280,0,48,3232,0,0,0,0,0
"Polanco, Jorge",593871,-4.209285861163472,-4.209285861163472,-3.2866082639950966,-0.0296239423879642,-0.8930536547804097,,,,,991,0,0,862,129,0,0,0,0
"Soler, Jorge",624585,-4.243483272141265,-4.243483272141265,-3.1790488293678623,-1.0644344427734027,,,,,,947,0,0,0,0,0,0,0,947
"Reynolds, Bryan",668804,-4.25355608961355,-4.25355608961355,-2.170515365850114,-2.0830407237634314,,,,,,3012,0,0,0,0,0,0,0,3012
"Thaiss, Matt",642136,-4.260859724114189,,,,,-4.260859724114189,-2.9780921972948295,-2.4084595878779322,1.1256920610585734,1244,1235,9,0,0,0,0,0,0
"Machado, Manny",592518,-4.426299376959725,-4.426299376959725,-4.882774757155385,,0.4564753801956561,,,,,3758,0,0,0,3758,0,0,0,0
"Muncy, Max",571970,-4.428078275549273,-4.428078275549273,-3.609668733014745,,-0.8184095425345261,,,,,2404,0,0,0,2404,0,0,0,0
"Sweeney, Trey",700242,-4.7398516479605535,-4.7398516479605535,-4.245890877287614,0.03756044936623419,-0.5315212200391728,,,,,2279,0,0,0,0,2279,0,0,0
"Rojas, Josh",668942,-4.756393640391938,-4.756393640391938,-4.9517171452351745,0.04323415994466468,0.15208934489857054,,,,,1498,0,0,471,955,0,72,0,0
"d'Arnaud, Travis",518595,-4.757646115978784,,,,,-4.757646115978784,-3.4617033728610958,-1.0206117565305457,-0.27533098658714694,1425,1425,0,0,0,0,0,0,0
"Kurtz, Nick",701762,-4.802626564874672,-4.802626564874672,-4.341922035046319,0.021967596975054862,-0.48267212680340693,,,,,2912,0,2912,0,0,0,0,0,0
"Palacios, Joshua",641943,-4.847026839646697,-4.847026839646697,-3.6112910867360233,-1.2357357529106714,,,,,,889,0,0,0,0,0,195,0,694
"O'Neill, Tyler",641933,-4.885831581415408,-4.885831581415408,-3.440892580021999,-1.4449390013934111,,,,,,966,0,0,0,0,0,81,0,885
"Laureano, Ramón",657656,-4.989965326870043,-4.989965326870043,-8.45703433362103,3.4670690067509784,,,,,,2925,0,0,0,0,0,1533,297,1095
"Rosario, Amed",642708,-5.03292248845177,-5.03292248845177,-5.3214497341779134,0.2063024658924872,0.082224779833658,,,,,1115,0,0,372,692,6,0,0,42
"Sánchez, Gary",596142,-5.126318527583222,,,,,-5.126318527583222,-2.645120763205598,-0.6888366350523362,-1.7923611293252881,529,526,0,0,0,0,0,0,0
"Andujar, Miguel",609280,-5.168391515653265,-5.168391515653265,-5.373054701170563,0.25214406351490987,-0.04748087799761036,,,,,1469,0,39,0,713,0,651,0,66
"Verdugo, Alex",657077,-5.174726384578733,-5.174726384578733,-4.5152663004180384,-0.6594600841606936,,,,,,1279,0,0,0,0,0,1279,0,0
"Jeffers, Ryan",680777,-5.223695265173067,,,,,-5.223695265173067,-1.205912715021747,-3.0615904659585875,-0.9561920841927303,2099,2099,0,0,0,0,0,0,0
"Simon, Ronny",682927,-5.28304858916362,-5.28304858916362,-4.644363187696041,-0.6883306714470147,0.04964526997943533,,,,,434,0,0,180,0,3,156,0,95
"Lowe, Josh",666139,-5.290252114621786,-5.290252114621786,-3.5238670111690937,-1.7663851034526925,,,,,,2563,0,0,0,0,0,0,0,2563
"Arraez, Luis",650333,-5.349460791979826,-5.349460791979826,-6.114590790026529,,0.7651299980467043,,,,,3227,0,2981,246,0,0,0,0,0
"Volpe, Anthony",683011,-5.365579514270822,-5.365579514270822,-5.220621963381386,0.3806238893629281,-0.5255814402523576,,,,,3911,0,0,0,0,3911,0,0,0
"Wade Jr., LaMonte",664774,-5.37763550142846,-5.37763550142846,-4.263481202281103,-0.7418432247566794,-0.3723110743906779,,,,,1530,0,1140,0,0,0,24,0,366
"Morel, Christopher",666624,-5.5395319339315225,-5.5395319339315225,-4.129544650340749,-1.4099872835907734,,,,,,1451,0,0,9,0,0,1406,0,36
"Maldonado, Martín",455117,-5.568538613038721,,,,,-5.568538613038721,-0.07219397192694056,-3.351512282814493,-2.1448323582972826,1335,1335,0,0,0,0,0,0,0
"Muncy, Max",691777,-5.605255492364338,-5.605255492364338,-4.914842987813061,0.005549141011876807,-0.6959616455631543,,,,,1475,0,0,555,752,168,0,0,0
"Vientos, Mark",668901,-5.6164377578797,-5.6164377578797,-5.528791035839264,,-0.08764672204043711,,,,,1737,0,69,0,1668,0,0,0,0
"Matos, Luis",682641,-5.623630730373883,-5.623630730373883,-5.090621539558226,-0.5330091908156583,,,,,,1182,0,0,0,0,0,216,198,768
"Simpson, Chandler",802415,-5.635795720207629,-5.635795720207629,-4.627042253152776,-1.0087534670548592,,,,,,2619,0,0,0,0,0,1241,1372,6
"Alvarez, Francisco",682626,-5.669309110254395,,,,,-5.669309110254395,-4.794217592459201,0.44109012195733205,-1.3161816397525343,1788,1788,0,0,0,0,0,0,0
"Gorman, Nolan",669357,-5.714356429751954,-5.714356429751954,-5.7642436158959605,,0.04988718614400508,,,,,1999,0,123,645,1231,0,0,0,0
"Stephenson, Tyler",663886,-5.88481970129894,,,,,-5.88481970129894,-8.01084687351725,-0.3961546728991423,2.522181845117453,1758,1758,0,0,0,0,0,0,0
"Realmuto, J.T.",592663,-6.127911750969921,,,,,-6.127911750969921,-9.116130039377929,4.099680673721153,-1.1114623853131345,3454,3454,0,0,0,0,0,0,0
"Julien, Edouard",666397,-6.136145145023926,-6.136145145023926,-6.037431837259877,,-0.09871330776404838,,,,,1086,0,525,558,0,3,0,0,0
"Bleday, JJ",668709,-6.175553813648676,-6.175553813648676,-7.150330239605513,0.9747764259568331,,,,,,2144,0,0,0,0,0,285,1331,528
"Altuve, Jose",514888,-6.178483879014826,-6.178483879014826,-4.330510678044702,-0.663441662184174,-1.1845315387859492,,,,,2611,0,0,1498,0,0,1113,0,0
"Holliday, Jackson",702616,-6.179578323354545,-6.179578323354545,-6.026687350321457,0.13559545247723764,-0.28848642551032394,,,,,3779,0,0,3608,0,171,0,0,0
"Wood, James",695578,-6.197204387680421,-6.197204387680421,-6.27414748650733,0.07694309882690477,,,,,,3202,0,0,0,0,0,3202,0,0
"Walker, Jordan",691023,-6.202360363024002,-6.202360363024002,-3.688020560747083,-2.5143398022769192,,,,,,2656,0,0,0,0,0,0,0,2656
"Burleson, Alec",676475,-6.366520241815226,-6.366520241815226,-3.7622346696485485,-1.9792851298529497,-0.6250004423137243,,,,,2835,0,1068,0,0,0,981,0,783
"Larnach, Trevor",663616,-6.544384669298736,-6.544384669298736,-3.879350881338394,-2.6650337879603394,,,,,,1323,0,0,0,0,0,393,0,930
"Castro, Willi",650489,-6.71287859288137,-6.71287859288137,-6.444356635434885,0.6919829533116142,-0.9605049107581024,,,,,2920,0,0,794,387,78,785,105,768
"Jansen, Danny",643376,-6.896859981720018,,,,,-6.896859981720018,-8.131728236287431,-2.1416486298667685,3.376516884434187,2218,2218,0,0,0,0,0,0,0
"Young, Cole",702284,-7.065420059811424,-7.065420059811424,-6.37647703529763,,-0.6889430245137979,,,,,1869,0,0,1863,0,6,0,0,0
"Caglianone, Jac",695506,-7.068178023013099,-7.068178023013099,-5.943412130334424,-0.6141427369401905,-0.5106231557384875,,,,,1282,0,75,0,0,0,0,0,1207
"Kjerstad, Heston",677008,-7.147942362340551,-7.147942362340551,-6.099371621923365,-1.0485707404171845,,,,,,1111,0,0,0,0,0,625,0,486
"Lux, Gavin",666158,-7.269376081827507,-7.269376081827507,-7.56686239662779,-0.007672727390363802,0.30515904219064455,,,,,1647,0,0,373,96,0,1178,0,0
"Kemp, Otto",805249,-7.301897846003955,-7.301897846003955,-5.680807295643369,-0.29061632389701025,-1.3304742264635736,,,,,1440,0,438,48,765,0,189,0,0
"Smith, Will",669257,-7.555675419936115,,,,,-7.555675419936115,-9.608676677707747,2.7731809688642612,-0.720179711092625,2596,2596,0,0,0,0,0,0,0
"Arozarena, Randy",668227,-7.627785700545238,-7.627785700545238,-5.507444461447566,-2.1203412390976757,,,,,,4225,0,0,0,0,0,4225,0,0
"Springer, George",543807,-7.653035504320977,-7.653035504320977,-5.054666763766306,-2.5983687405546756,,,,,,1310,0,0,0,0,0,255,204,851
"Story, Trevor",596115,-7.7852182159566015,-7.7852182159566015,-6.987397274545734,0.021115556656603546,-0.8189364980674714,,,,,4114,0,0,0,0,4114,0,0,0
"Profar, Jurickson",595777,-7.881503292498362,-7.881503292498362,-5.630511985609143,-2.2509913068892144,,,,,,2103,0,0,0,0,0,2103,0,0
"Toglia, Michael",669911,-7.974682331038814,-7.974682331038814,-7.745517735288914,,-0.22916459574989884,,,,,2169,0,2169,0,0,0,0,0,0
"Conforto, Michael",624424,-8.119149585786193,-8.119149585786193,-6.92626630562743,-1.192883280158768,,,,,,3030,0,0,0,0,0,3030,0,0
"Alonso, Pete",624413,-8.196575453869787,-8.196575453869787,-7.0592124429862135,,-1.1373630108835733,,,,,4209,0,4209,0,0,0,0,0,0
"Adams, Riley",656180,-8.203038435412642,,,,,-8.203038435412642,-8.947974671101123,1.2407098015803568,-0.49577356589188903,1930,1927,3,0,0,0,0,0,0
"Acuña Jr., Ronald",660670,-8.389180820417659,-8.389180820417659,-9.585664251954535,1.19648343153687,,,,,,2339,0,0,0,0,0,0,0,2339
"Perez, Salvador",521692,-8.460926397871456,-0.33156863653437996,-0.06749919368962687,,-0.2640694428447528,-8.129357761337076,-6.688803289691505,2.2778787876933313,-3.7184332593389073,3040,2285,755,0,0,0,0,0,0
"Crawford, J.P.",641487,-8.718112919740491,-8.718112919740491,-8.73656305023093,0.23848664228601413,-0.22003651179557487,,,,,4154,0,0,0,0,4154,0,0,0
"Abrams, CJ",682928,-8.74787200474297,-8.74787200474297,-7.986991321103649,-0.05739510744307305,-0.7034855761962503,,,,,3673,0,0,0,0,3673,0,0,0
"Hernández, Teoscar",606192,-8.866351734502995,-8.866351734502995,-8.009431831040876,-0.8569199034621287,,,,,,3318,0,0,0,0,0,0,0,3318
"Moncada, Yoán",660162,-9.128968670945156,-9.128968670945156,-9.775260028432069,,0.6462913574869114,,,,,1780,0,0,0,1780,0,0,0,0
"Lowe, Brandon",664040,-9.23125083317594,-9.23125083317594,-9.94466817100957,0.23796192968987417,0.47545540814375,,,,,3103,0,57,3046,0,0,0,0,0
"India, Jonathan",663697,-9.32032961348995,-9.32032961348995,-10.95274249861384,1.2031464548133541,0.4292664303105411,,,,,2659,0,0,1773,448,0,438,0,0
"Domínguez, Jasson",691176,-9.461990144147196,-9.461990144147196,-8.641898083702978,-0.8200920604442228,,,,,,2379,0,0,0,0,0,2379,0,0
"Lile, Daylen",695734,-9.602920792291108,-9.602920792291108,-7.116321492650207,-2.4865992996409134,,,,,,1873,0,0,0,0,0,537,0,1336
"Ruiz, Keibert",660688,-9.73093004369934,,,,,-9.73093004369934,-8.85840436690781,0.7429928810959103,-1.615518557887433,1671,1671,0,0,0,0,0,0,0
"Bichette, Bo",666182,-10.138123272665919,-10.138123272665919,-9.85297432878413,0.12445849318056953,-0.4096074370623553,,,,,3417,0,0,0,0,3417,0,0,0
"Benintendi, Andrew",643217,-10.253342479613867,-10.253342479613867,-7.313642474917689,-2.9397000046961725,,,,,,1693,0,0,0,0,0,1693,0,0
"Campbell, Kristian",692225,-10.32098865165933,-10.32098865165933,-6.685978203580228,-0.3003119573758888,-3.3346984907032207,,,,,1622,0,0,1415,0,0,36,171,0
"Freeman, Tyler",671289,-10.495293309825538,-10.495293309825538,-10.673628786434671,0.42073128254785414,-0.2423958059387223,,,,,1861,0,0,327,6,0,3,0,1525
"Baldwin, Brooks",681460,-10.872751225445652,-10.872751225445652,-9.043331488129622,-1.3561529331963427,-0.47326680411969213,,,,,2213,0,0,140,290,129,775,527,352
"O'Hoppe, Logan",681351,-11.156777386881284,,,,,-11.156777386881284,-7.774848199265521,-1.901572880077393,-1.4803563075383743,2607,2607,0,0,0,0,0,0,0
"Ramos, Heliot",671218,-11.271555695729559,-11.271555695729559,-8.3310134492899,-2.940542246439671,,,,,,3998,0,0,0,0,0,3998,0,0
"Moniak, Mickey",666160,-11.818553216459568,-11.818553216459568,-7.2320853187507295,-4.586467897708843,,,,,,2661,0,0,0,0,0,324,807,1530
"Castellanos, Nick",592206,-12.14166970315464,-12.14166970315464,-10.57368755121716,-1.5679821519374841,,,,,,3625,0,0,0,0,0,0,0,3625
"Soto, Juan",665742,-12.653847344261058,-12.653847344261058,-10.684334351917885,-1.969512992343177,,,,,,4122,0,0,0,0,0,0,0,4122
"Ramírez, Agustín",682663,-12.810525891475452,,,,,-12.810525891475452,0.3679248108470096,-6.246041735033701,-6.932408967288751,1817,1817,0,0,0,0,0,0,0
"Adell, Jo",666176,-12.972203871475832,-12.972203871475832,-11.011388097170851,-1.9608157743049963,,,,,,3777,0,0,0,0,0,0,2172,1605
"Quero, Edgar",700337,-14.559865050682795,,,,,-14.559865050682795,-12.630621843197808,-1.8123116155044796,-0.11693159198051309,1737,1737,0,0,0,0,0,0,0