"entity_id","entity_name","entity_code","team_id","total_pitches","total_pitches","total_pitches_empty","median_seconds_empty","total_pitches_onbase","median_seconds_empty","freq_hot","freq_warm","freq_cold"
669392,"Taylor, Samad","Bat",136,8,8,3,12.91,5,12.91,0.375,0.625,0
677941,"Adams, Jordyn","Bat",110,4,4,1,12.935,3,12.935,0.25,0.75,0
680118,"Blanco, Dairon","Bat",118,13,13,2,13.013,11,13.013,0.07692307692307693,0.9230769230769231,0
669432,"Rogers, Trevor","Bat",110,3,3,3,13.28,,13.28,1,0,0
663796,"Montes, Coco","Bat",139,12,12,8,13.298,4,13.298,0.6666666666666666,0.3333333333333333,0
689041,"Thomas, Rhylan","Bat",136,13,13,13,13.419,,13.419,0.6923076923076923,0.3076923076923077,0
686676,"Lee, Korey","Bat",145,66,66,47,13.698,19,13.698,0.5,0.5,0
690984,"Halpin, Petey","Bat",114,13,13,5,13.734,8,13.734,0.23076923076923078,0.7692307692307693,0
506702,"León, Sandy","Bat",144,14,14,6,13.807,8,13.807,0.2857142857142857,0.7142857142857143,0
691907,"Cheng, Tsung-Che","Bat",134,9,9,7,13.836,2,13.836,0.6666666666666666,0.3333333333333333,0
682515,"Porter, Logan","Bat",137,17,17,5,13.846,12,13.846,0.29411764705882354,0.7058823529411765,0
680716,"Ornelas, Jonathan","Bat",144,14,14,7,13.911,7,13.911,0.42857142857142855,0.5714285714285714,0
682997,"Callihan, Tyler","Bat",113,9,9,5,13.964,4,13.964,0.3333333333333333,0.6666666666666666,0
645305,"Sánchez, Ali","Bat",111,28,28,26,13.99,2,13.99,0.5714285714285714,0.42857142857142855,0
676551,"Hicklen, Brewer","Bat",116,7,7,3,14.103,4,14.103,0.2857142857142857,0.7142857142857143,0
671976,"Peters, Tristan","Bat",139,17,17,11,14.104,6,14.104,0.35294117647058826,0.6470588235294118,0
686823,"Brennan, Will","Bat",114,24,24,16,14.145,8,14.145,0.4166666666666667,0.5833333333333334,0
676070,"Amaya, Jacob","Bat",145,140,140,95,14.161,45,14.161,0.4642857142857143,0.5285714285714286,0.007142857142857143
605244,"Garcia, Aramis","Bat",109,5,5,2,14.228,3,14.228,0.2,0.8,0
666165,"Sabol, Blake","Bat",111,29,29,15,14.231,14,14.231,0.3448275862068966,0.6551724137931034,0
624513,"Nuñez, Dom","Bat",114,14,14,7,14.257,7,14.257,0.42857142857142855,0.5714285714285714,0
685301,"Gorski, Matt","Bat",134,78,78,39,14.259,39,14.259,0.3333333333333333,0.6410256410256411,0.02564102564102564
667452,"Julks, Corey","Bat",145,24,24,18,14.439,6,14.439,0.4583333333333333,0.5416666666666666,0
606992,"Haase, Eric","Bat",158,134,134,96,14.469,38,14.469,0.4552238805970149,0.5447761194029851,0
518792,"Heyward, Jason","Bat",135,163,163,115,14.546,48,14.546,0.4601226993865031,0.5398773006134969,0
668952,"Kreidler, Ryan","Bat",116,77,77,44,14.559,33,14.559,0.3116883116883117,0.6883116883116883,0
694376,"Whitcomb, Shay","Bat",117,56,56,30,14.56,26,14.56,0.26785714285714285,0.7321428571428571,0
664954,"Sullivan, Brett","Bat",134,14,14,12,14.617,2,14.617,0.6428571428571429,0.35714285714285715,0
672359,"Ornelas, Tirso","Bat",135,29,29,23,14.633,6,14.633,0.4827586206896552,0.5172413793103449,0
669288,"Johnson, Daniel","Bat",110,94,94,71,14.687,23,14.687,0.40425531914893614,0.5957446808510638,0
681584,"Villar, David","Bat",137,40,40,21,14.768,19,14.768,0.275,0.7,0.025
671284,"Elko, Tim","Bat",145,112,112,74,14.785,38,14.785,0.36607142857142855,0.6339285714285714,0
668723,"Vilade, Ryan","Bat",138,24,24,12,14.806,12,14.806,0.2916666666666667,0.7083333333333334,0
669304,"Miranda, Jose","Bat",142,47,47,25,14.807,22,14.807,0.2978723404255319,0.7021276595744681,0
680911,"Miller, Owen","Bat",115,27,27,16,14.814,11,14.814,0.2962962962962963,0.7037037037037037,0
683770,"Robertson, Will","Bat",145,101,101,58,14.816,43,14.816,0.33663366336633666,0.6633663366336634,0
663536,"English, Tristin","Bat",109,38,38,25,14.823,13,14.823,0.3684210526315789,0.631578947368421,0
681146,"Bride, Jonah","Bat",142,309,309,190,14.848,119,14.848,0.33980582524271846,0.656957928802589,0.003236245954692557
669003,"Mitchell, Garrett","Bat",158,131,131,92,14.849,39,14.849,0.3969465648854962,0.5954198473282443,0.007633587786259542
641943,"Palacios, Joshua","Bat",145,212,212,152,14.849,60,14.849,0.3867924528301887,0.6132075471698113,0
669208,"Bliss, Ryan","Bat",136,67,67,52,14.868,15,14.868,0.417910447761194,0.582089552238806,0
699625,"Crooks, Jimmy","Bat",138,84,84,62,14.881,22,14.881,0.39285714285714285,0.6071428571428571,0
686681,"Massey, Michael","Bat",118,407,407,274,14.888,133,14.888,0.36855036855036855,0.6314496314496314,0
493329,"Gurriel, Yuli","Bat",135,64,64,26,14.899,38,14.899,0.3125,0.6875,0
668731,"Baddoo, Akil","Bat",116,16,16,9,14.908,7,14.908,0.375,0.625,0
668974,"Handley, Maverick","Bat",110,65,65,41,14.91,24,14.91,0.4153846153846154,0.5846153846153846,0
804668,"Flores, Rafael","Bat",134,23,23,14,14.914,9,14.914,0.30434782608695654,0.6956521739130435,0
682848,"Rodríguez, Endy","Bat",134,89,89,66,14.93,23,14.93,0.38202247191011235,0.6179775280898876,0
643396,"Kiner-Falefa, Isiah","Bat",141,721,721,482,14.931,239,14.931,0.3786407766990291,0.6199722607489597,0.0013869625520110957
677943,"Banfield, Will","Bat",113,12,12,6,14.933,6,14.933,0.25,0.75,0
676724,"Young, Jared","Bat",121,87,87,71,14.948,16,14.948,0.4482758620689655,0.5517241379310345,0
656582,"Joe, Connor","Bat",113,168,168,99,14.957,69,14.957,0.31547619047619047,0.6726190476190477,0.011904761904761904
682729,"Clase, Jonatan","Bat",141,188,188,116,14.973,72,14.973,0.3351063829787234,0.6648936170212766,0
669289,"Espinal, Santiago","Bat",113,605,605,388,14.988,217,14.988,0.35206611570247937,0.6446280991735537,0.003305785123966942
644433,"Tromp, Chadwick","Bat",110,33,33,18,14.99,15,14.99,0.2727272727272727,0.7272727272727273,0
624641,"Sosa, Edmundo","Bat",143,343,343,219,14.997,124,14.997,0.36151603498542273,0.6297376093294461,0.008746355685131196
677588,"Tena, José","Bat",120,315,315,226,15.005,89,15.005,0.39365079365079364,0.6,0.006349206349206349
683734,"Vaughn, Andrew","Bat",158,783,783,437,15.014,346,15.014,0.3001277139208174,0.6973180076628352,0.002554278416347382
571912,"Maile, Luke","Bat",118,94,94,57,15.03,37,15.03,0.30851063829787234,0.6914893617021277,0
642708,"Rosario, Amed","Bat",147,238,238,165,15.035,73,15.035,0.3739495798319328,0.6218487394957983,0.004201680672268907
663538,"Hoerner, Nico","Bat",112,919,919,550,15.047,369,15.047,0.3405875952121872,0.6561479869423286,0.003264417845484222
669374,"Hiura, Keston","Bat",115,26,26,18,15.054,8,15.054,0.3076923076923077,0.6923076923076923,0
678877,"Noel, Jhonkensy","Bat",114,187,187,118,15.057,69,15.057,0.33689839572192515,0.6631016042780749,0
669004,"Melendez, MJ","Bat",118,108,108,81,15.058,27,15.058,0.37037037037037035,0.6296296296296297,0
682928,"Abrams, CJ","Bat",120,992,992,713,15.074,279,15.074,0.3790322580645161,0.6189516129032258,0.0020161290322580645
676679,"Vázquez, Luis","Bat",110,77,77,48,15.085,29,15.085,0.35064935064935066,0.6493506493506493,0
663837,"Vierling, Matt","Bat",116,195,195,129,15.088,66,15.088,0.35384615384615387,0.6410256410256411,0.005128205128205128
663898,"Rodgers, Brendan","Bat",117,208,208,116,15.089,92,15.089,0.30288461538461536,0.6971153846153846,0
676391,"Clement, Ernie","Bat",141,737,737,472,15.096,265,15.096,0.33242876526458615,0.6635006784260515,0.004070556309362279
687401,"Ortiz, Joey","Bat",158,819,819,477,15.098,342,15.098,0.304029304029304,0.6923076923076923,0.003663003663003663
666464,"Encarnacion, Jerar","Bat",137,82,82,57,15.099,25,15.099,0.34146341463414637,0.6341463414634146,0.024390243902439025
680977,"Donovan, Brendan","Bat",138,925,925,589,15.101,336,15.101,0.34054054054054056,0.6551351351351351,0.004324324324324324
679822,"Foscue, Justin","Bat",140,19,19,19,15.103,,15.103,0.47368421052631576,0.5263157894736842,0
656180,"Adams, Riley","Bat",120,492,492,312,15.109,180,15.109,0.3353658536585366,0.6626016260162602,0.0020325203252032522
686780,"Pagés, Pedro","Bat",138,564,564,322,15.11,242,15.11,0.3262411347517731,0.6613475177304965,0.012411347517730497
624431,"Trevino, Jose","Bat",113,465,465,296,15.118,169,15.118,0.32903225806451614,0.6709677419354839,0
578428,"Iglesias, Jose","Bat",135,665,665,406,15.125,259,15.125,0.3263157894736842,0.6691729323308271,0.004511278195488722
689172,"Wisely, Brett","Bat",144,103,103,62,15.133,41,15.133,0.2815533980582524,0.7087378640776699,0.009708737864077669
686668,"Doyle, Brenton","Bat",115,826,826,574,15.137,252,15.137,0.3668280871670702,0.6283292978208233,0.004842615012106538
700337,"Quero, Edgar","Bat",145,706,706,424,15.145,282,15.145,0.33994334277620397,0.6543909348441926,0.0056657223796034
670231,"Rave, John","Bat",118,362,362,241,15.15,121,15.15,0.3259668508287293,0.6685082872928176,0.0055248618784530384
805811,"Eldridge, Bryce","Bat",137,76,76,49,15.161,27,15.161,0.3157894736842105,0.6842105263157895,0
641658,"Hampson, Garrett","Bat",138,181,181,103,15.167,78,15.167,0.292817679558011,0.7016574585635359,0.0055248618784530384
664774,"Wade Jr., LaMonte","Bat",108,533,533,316,15.172,217,15.172,0.2851782363977486,0.7148217636022514,0
669261,"Suwinski, Jack","Bat",134,395,395,238,15.173,157,15.173,0.3291139240506329,0.6683544303797468,0.002531645569620253
606115,"Arcia, Orlando","Bat",115,313,313,223,15.188,90,15.188,0.3546325878594249,0.6421725239616614,0.003194888178913738
665052,"Conine, Griffin","Bat",146,154,154,94,15.192,60,15.192,0.2987012987012987,0.6948051948051948,0.006493506493506494
669397,"Allen, Nick","Bat",144,691,691,417,15.193,274,15.193,0.3068017366136035,0.6859623733719248,0.00723589001447178
664913,"Brown, Seth","Bat",133,121,121,65,15.194,56,15.194,0.2644628099173554,0.7272727272727273,0.008264462809917356
686217,"Frelick, Sal","Bat",158,1114,1114,750,15.195,364,15.195,0.34201077199281865,0.6561938958707361,0.0017953321364452424
668901,"Vientos, Mark","Bat",121,664,664,396,15.199,268,15.199,0.29066265060240964,0.7003012048192772,0.009036144578313253
605361,"Martini, Nick","Bat",115,213,213,152,15.199,61,15.199,0.30985915492957744,0.6901408450704225,0
605353,"Machín, Vimael","Bat",110,14,14,5,15.201,9,15.201,0.21428571428571427,0.7142857142857143,0.07142857142857142
663584,"Senger, Hayden","Bat",121,101,101,74,15.206,27,15.206,0.3465346534653465,0.6435643564356436,0.009900990099009901
678554,"Mead, Curtis","Bat",145,416,416,247,15.206,169,15.206,0.3269230769230769,0.6682692307692307,0.004807692307692308
663647,"Hayes, Ke'Bryan","Bat",113,1035,1035,621,15.212,414,15.212,0.30917874396135264,0.6859903381642513,0.004830917874396135
668930,"Turang, Brice","Bat",158,1293,1293,864,15.216,429,15.216,0.32791956689868523,0.6682134570765661,0.0038669760247486465
640459,"Navarreto, Brian","Bat",146,16,16,11,15.219,5,15.219,0.375,0.625,0
671218,"Ramos, Heliot","Bat",137,1185,1185,787,15.219,398,15.219,0.3265822784810127,0.6691983122362869,0.004219409282700422
502054,"Pham, Tommy","Bat",134,822,822,497,15.223,325,15.223,0.30413625304136255,0.6909975669099757,0.004866180048661801
681508,"Gasper, Mickey","Bat",142,222,222,132,15.226,90,15.226,0.30180180180180183,0.6936936936936937,0.0045045045045045045
456781,"Solano, Donovan","Bat",140,300,300,159,15.227,141,15.227,0.2866666666666667,0.71,0.0033333333333333335
669242,"Edman, Tommy","Bat",119,565,565,362,15.227,203,15.227,0.3256637168141593,0.6690265486725664,0.005309734513274336
666198,"Kieboom, Carter","Bat",108,12,12,8,15.231,4,15.231,0.25,0.75,0
694728,"Matthews, Brice","Bat",117,72,72,41,15.233,31,15.233,0.25,0.75,0
661388,"Contreras, William","Bat",158,1076,1076,658,15.236,418,15.236,0.3066914498141264,0.6877323420074349,0.0055762081784386614
666160,"Moniak, Mickey","Bat",115,598,598,370,15.237,228,15.237,0.32441471571906355,0.6755852842809364,0
679845,"Loftin, Nick","Bat",118,285,285,201,15.238,84,15.238,0.3543859649122807,0.6385964912280702,0.007017543859649123
656555,"Hoskins, Rhys","Bat",158,707,707,401,15.241,306,15.241,0.3041018387553041,0.6944837340876945,0.0014144271570014145
671739,"Harris II, Michael","Bat",144,831,831,488,15.242,343,15.242,0.3056558363417569,0.6919374247894103,0.0024067388688327317
687363,"Scott II, Victor","Bat",138,722,722,448,15.244,274,15.244,0.2922437673130194,0.7022160664819944,0.00554016620498615
805367,"Meidroth, Chase","Bat",145,1098,1098,723,15.25,375,15.25,0.3296903460837887,0.6612021857923497,0.009107468123861567
665926,"Giménez, Andrés","Bat",141,585,585,345,15.254,240,15.254,0.28888888888888886,0.6991452991452991,0.011965811965811967
666149,"Fitzgerald, Tyler","Bat",137,365,365,232,15.26,133,15.26,0.3178082191780822,0.6712328767123288,0.010958904109589041
657041,"Thomas, Lane","Bat",114,259,259,136,15.266,123,15.266,0.24324324324324326,0.749034749034749,0.007722007722007722
571448,"Arenado, Nolan","Bat",138,684,684,366,15.276,318,15.276,0.2543859649122807,0.7353801169590644,0.01023391812865497
641584,"Fraley, Jake","Bat",144,358,358,229,15.276,129,15.276,0.329608938547486,0.6675977653631285,0.002793296089385475
668942,"Rojas, Josh","Bat",145,357,357,221,15.277,136,15.277,0.31932773109243695,0.6750700280112045,0.0056022408963585435
663609,"Baker, Luken","Bat",138,78,78,43,15.281,35,15.281,0.2692307692307692,0.7307692307692307,0
688363,"Pauley, Graham","Bat",146,304,304,206,15.283,98,15.283,0.3026315789473684,0.694078947368421,0.003289473684210526
672761,"Pérez, Wenceel","Bat",116,669,669,387,15.285,282,15.285,0.3109118086696562,0.6846038863976084,0.004484304932735426
663330,"Jones, Jahmai","Bat",116,278,278,187,15.285,91,15.285,0.31654676258992803,0.6762589928057554,0.007194244604316547
655316,"Monasterio, Andruw","Bat",158,267,267,166,15.29,101,15.29,0.3295880149812734,0.6704119850187266,0
642201,"White, Eli","Bat",144,399,399,256,15.291,143,15.291,0.3132832080200501,0.6867167919799498,0
677649,"Duran, Ezequiel","Bat",140,294,294,199,15.291,95,15.291,0.336734693877551,0.6598639455782312,0.003401360544217687
690291,"Jung, Jace","Bat",116,94,94,61,15.297,33,15.297,0.3404255319148936,0.6595744680851063,0
808982,"Lee, Jung Hoo","Bat",137,1165,1165,769,15.298,396,15.298,0.30815450643776826,0.6901287553648069,0.0017167381974248926
542932,"Berti, Jon","Bat",112,168,168,105,15.299,63,15.299,0.31547619047619047,0.6845238095238095,0
624512,"McGuire, Reese","Bat",112,175,175,113,15.3,62,15.3,0.3142857142857143,0.6742857142857143,0.011428571428571429
656541,"Hilliard, Sam","Bat",115,123,123,78,15.314,45,15.314,0.2601626016260163,0.7317073170731707,0.008130081300813009
691026,"Winn, Masyn","Bat",138,1033,1033,643,15.316,390,15.316,0.30880929332042595,0.6873184898354308,0.003872216844143272
673357,"Robert Jr., Luis","Bat",145,596,596,346,15.318,250,15.318,0.29697986577181207,0.7013422818791947,0.0016778523489932886
691785,"Mayer, Marcelo","Bat",111,207,207,112,15.327,95,15.327,0.2898550724637681,0.7053140096618358,0.004830917874396135
543592,"Nola, Austin","Bat",115,66,66,44,15.332,22,15.332,0.22727272727272727,0.7575757575757576,0.015151515151515152
682622,"Marte, Noelvi","Bat",113,482,482,268,15.335,214,15.335,0.2966804979253112,0.6991701244813278,0.004149377593360996
691023,"Walker, Jordan","Bat",138,617,617,403,15.35,214,15.35,0.3387358184764992,0.6580226904376013,0.0032414910858995136
676356,"DeLuca, Jonny","Bat",139,89,89,51,15.351,38,15.351,0.19101123595505617,0.8089887640449438,0
645277,"Albies, Ozzie","Bat",144,951,951,568,15.354,383,15.354,0.29442691903259727,0.7003154574132492,0.005257623554153523
680757,"Kwan, Steven","Bat",114,1484,1484,1089,15.355,395,15.355,0.330188679245283,0.6691374663072777,0.0006738544474393531
687515,"Thomas, Colby","Bat",133,154,154,97,15.361,57,15.361,0.2792207792207792,0.7077922077922078,0.012987012987012988
663993,"Lowe, Nathaniel","Bat",111,1199,1199,656,15.362,543,15.362,0.2785654712260217,0.718932443703086,0.0025020850708924102
672724,"Peraza, Oswald","Bat",108,383,383,253,15.363,130,15.363,0.3237597911227154,0.6710182767624021,0.005221932114882507
672016,"Clarke, Denzel","Bat",133,247,247,168,15.364,79,15.364,0.31983805668016196,0.6761133603238867,0.004048582995951417
807713,"Shaw, Matt","Bat",112,737,737,436,15.365,301,15.365,0.2727272727272727,0.7177747625508819,0.009497964721845319
643217,"Benintendi, Andrew","Bat",145,704,704,417,15.369,287,15.369,0.2840909090909091,0.7116477272727273,0.004261363636363636
691781,"House, Brady","Bat",120,370,370,233,15.375,137,15.375,0.34054054054054056,0.6594594594594595,0
650333,"Arraez, Luis","Bat",135,1040,1040,665,15.378,375,15.378,0.3173076923076923,0.676923076923077,0.0057692307692307696
702176,"Roden, Alan","Bat",142,249,249,171,15.381,78,15.381,0.30120481927710846,0.6947791164658634,0.004016064257028112
686797,"Lee, Brooks","Bat",142,851,851,510,15.384,341,15.384,0.3008225616921269,0.6968272620446534,0.0023501762632197414
640902,"Pereda, Jhonny","Bat",142,165,165,106,15.393,59,15.393,0.28484848484848485,0.703030303030303,0.012121212121212121
683021,"Stefanic, Michael","Bat",141,53,53,24,15.404,29,15.404,0.20754716981132076,0.7735849056603774,0.018867924528301886
665155,"Maton, Nick","Bat",145,109,109,81,15.406,28,15.406,0.28440366972477066,0.7064220183486238,0.009174311926605505
455117,"Maldonado, Martín","Bat",135,247,247,180,15.407,67,15.407,0.3319838056680162,0.6639676113360324,0.004048582995951417
695578,"Wood, James","Bat",120,1434,1434,951,15.413,483,15.413,0.3158995815899582,0.6785216178521618,0.005578800557880056
687231,"Hernaiz, Darell","Bat",133,283,283,148,15.416,135,15.416,0.22968197879858657,0.7667844522968198,0.0035335689045936395
642731,"Estrada, Thairo","Bat",115,236,236,157,15.418,79,15.418,0.3093220338983051,0.6864406779661016,0.00423728813559322
664238,"Moore, Dylan","Bat",140,431,431,291,15.419,140,15.419,0.3294663573085847,0.665893271461717,0.004640371229698376
686527,"Canzone, Dominic","Bat",136,419,419,276,15.423,143,15.423,0.31026252983293556,0.6897374701670644,0
694497,"Carter, Evan","Bat",140,389,389,247,15.425,142,15.425,0.2827763496143959,0.7069408740359897,0.010282776349614395
664059,"Haggerty, Sam","Bat",140,262,262,167,15.427,95,15.427,0.2900763358778626,0.7022900763358778,0.007633587786259542
678662,"Tovar, Ezequiel","Bat",115,503,503,394,15.43,109,15.43,0.3558648111332008,0.6401590457256461,0.003976143141153081
669087,"Huff, Sam","Bat",137,98,98,56,15.432,42,15.432,0.24489795918367346,0.7448979591836735,0.01020408163265306
669394,"Burger, Jake","Bat",140,450,450,273,15.433,177,15.433,0.27555555555555555,0.7244444444444444,0
682657,"Martínez, Angel","Bat",114,688,688,478,15.434,210,15.434,0.3008720930232558,0.6933139534883721,0.005813953488372093
691777,"Muncy, Max","Bat",133,328,328,202,15.441,126,15.441,0.3018292682926829,0.6951219512195121,0.003048780487804878
676812,"McCusker, Carson","Bat",142,55,55,41,15.444,14,15.444,0.36363636363636365,0.6181818181818182,0.01818181818181818
595879,"Báez, Javier","Bat",116,611,611,408,15.445,203,15.445,0.3109656301145663,0.6890343698854338,0
669357,"Gorman, Nolan","Bat",138,715,715,466,15.449,249,15.449,0.2923076923076923,0.7020979020979021,0.005594405594405594
457759,"Turner, Justin","Bat",112,358,358,228,15.452,130,15.452,0.2849162011173184,0.7094972067039106,0.00558659217877095
665953,"Chaparro, Andrés","Bat",120,114,114,75,15.455,39,15.455,0.32456140350877194,0.6754385964912281,0
668800,"Knizner, Andrew","Bat",137,119,119,80,15.457,39,15.457,0.2773109243697479,0.7058823529411765,0.01680672268907563
624428,"Frazier, Adam","Bat",118,797,797,562,15.458,235,15.458,0.3099121706398996,0.6825595984943539,0.0075282308657465494
663457,"Nootbaar, Lars","Bat",138,1226,1226,836,15.458,390,15.458,0.31566068515497553,0.6835236541598695,0.0008156606851549756
669701,"Smith, Josh","Bat",140,1065,1065,750,15.46,315,15.46,0.323943661971831,0.6694835680751173,0.006572769953051643
669234,"Malloy, Justyn-Henry","Bat",116,271,271,181,15.463,90,15.463,0.30996309963099633,0.6826568265682657,0.007380073800738007
676475,"Burleson, Alec","Bat",138,839,839,478,15.467,361,15.467,0.266984505363528,0.7270560190703218,0.0059594755661501785
696285,"Young, Jacob","Bat",120,627,627,413,15.47,214,15.47,0.3078149920255183,0.6858054226475279,0.006379585326953748
686948,"Baldwin, Drake","Bat",144,747,747,408,15.47,339,15.47,0.27710843373493976,0.7202141900937081,0.002677376171352075
683083,"Nuñez, Nasim","Bat",120,201,201,131,15.472,70,15.472,0.3034825870646766,0.6915422885572139,0.004975124378109453
694362,"Dunn, Blake","Bat",113,146,146,81,15.473,65,15.473,0.2465753424657534,0.7534246575342466,0
672820,"Sosa, Lenyn","Bat",145,819,819,440,15.474,379,15.474,0.25274725274725274,0.7448107448107448,0.002442002442002442
669065,"Stowers, Kyle","Bat",146,593,593,385,15.475,208,15.475,0.30522765598650925,0.6897133220910624,0.00505902192242833
527038,"Flores, Wilmer","Bat",137,876,876,482,15.476,394,15.476,0.2557077625570776,0.7408675799086758,0.003424657534246575
687478,"Devanney, Cam","Bat",134,67,67,36,15.479,31,15.479,0.23880597014925373,0.7611940298507462,0
702332,"Durbin, Caleb","Bat",158,873,873,564,15.48,309,15.48,0.3035509736540664,0.695303550973654,0.001145475372279496
667472,"Myers, Dane","Bat",146,583,583,374,15.483,209,15.483,0.2967409948542024,0.7015437392795884,0.0017152658662092624
671056,"Herrera, Iván","Bat",138,792,792,485,15.485,307,15.485,0.2803030303030303,0.7171717171717171,0.0025252525252525255
680728,"Del Castillo, Adrian","Bat",109,244,244,136,15.486,108,15.486,0.2581967213114754,0.7336065573770492,0.00819672131147541
701675,"Church, Nathan","Bat",138,98,98,47,15.487,51,15.487,0.23469387755102042,0.7653061224489796,0
622569,"Reyes, Pablo","Bat",147,64,64,44,15.488,20,15.488,0.34375,0.640625,0.015625
681624,"Pages, Andy","Bat",119,912,912,551,15.49,361,15.49,0.27521929824561403,0.7171052631578947,0.007675438596491228
676701,"Trejo, Alan","Bat",115,56,56,41,15.49,15,15.49,0.375,0.625,0
695257,"Cook, Billy","Bat",134,7,7,7,15.491,,15.491,0.2857142857142857,0.7142857142857143,0
682868,"Ramos, Bryan","Bat",145,16,16,9,15.495,7,15.495,0.1875,0.8125,0
457705,"McCutchen, Andrew","Bat",134,1039,1039,651,15.495,388,15.495,0.2781520692974013,0.7170356111645814,0.004812319538017324
670097,"Short, Zack","Bat",117,133,133,84,15.498,49,15.498,0.24060150375939848,0.7593984962406015,0
657656,"Laureano, Ramón","Bat",135,840,840,455,15.502,385,15.502,0.2511904761904762,0.7428571428571429,0.005952380952380952
665861,"Rivero, Sebastián","Bat",108,42,42,23,15.506,19,15.506,0.23809523809523808,0.7619047619047619,0
641313,"Anderson, Tim","Bat",108,124,124,96,15.508,28,15.508,0.3387096774193548,0.6612903225806451,0
693304,"Gonzales, Nick","Bat",134,523,523,357,15.513,166,15.513,0.2925430210325048,0.6959847036328872,0.011472275334608031
642727,"Alcántara, Sergio","Bat",137,8,8,4,15.517,4,15.517,0.125,0.875,0
688760,"Crim, Blaine","Bat",115,120,120,78,15.519,42,15.519,0.31666666666666665,0.6833333333333333,0
682177,"Schneemann, Daniel","Bat",114,769,769,478,15.519,291,15.519,0.2964889466840052,0.6957087126137841,0.007802340702210663
678246,"Vargas, Miguel","Bat",145,1046,1046,624,15.521,422,15.521,0.2734225621414914,0.719885277246654,0.006692160611854685
571657,"Farmer, Kyle","Bat",115,501,501,343,15.522,158,15.522,0.31736526946107785,0.6806387225548902,0.001996007984031936
690987,"Hassell III, Robert","Bat",120,300,300,192,15.523,108,15.523,0.29333333333333333,0.7033333333333334,0.0033333333333333335
687597,"Beck, Jordan","Bat",115,1042,1042,664,15.523,378,15.523,0.2744721689059501,0.7197696737044146,0.005758157389635317
695336,"Saggese, Thomas","Bat",138,503,503,294,15.524,209,15.524,0.2664015904572565,0.7296222664015904,0.003976143141153081
641487,"Crawford, J.P.","Bat",136,1240,1240,770,15.527,470,15.527,0.2846774193548387,0.707258064516129,0.008064516129032258
647351,"Toro, Abraham","Bat",111,487,487,314,15.527,173,15.527,0.28542094455852157,0.7145790554414785,0
649966,"Urías, Luis","Bat",133,593,593,377,15.529,216,15.529,0.2765598650927487,0.7048903878583473,0.01854974704890388
663697,"India, Jonathan","Bat",118,1138,1138,800,15.533,338,15.533,0.30755711775043937,0.68804920913884,0.004393673110720563
692216,"Kayfus, C.J.","Bat",114,192,192,148,15.534,44,15.534,0.3541666666666667,0.6458333333333334,0
694208,"Ballesteros, Moisés","Bat",112,106,106,61,15.534,45,15.534,0.2358490566037736,0.7641509433962265,0
605141,"Betts, Mookie","Bat",119,1264,1264,842,15.534,422,15.534,0.30063291139240506,0.694620253164557,0.004746835443037975
657077,"Verdugo, Alex","Bat",144,455,455,271,15.534,184,15.534,0.2571428571428571,0.7428571428571429,0
553869,"Díaz, Elias","Bat",135,415,415,211,15.535,204,15.535,0.2457831325301205,0.7421686746987952,0.012048192771084338
669256,"Solak, Nick","Bat",134,14,14,11,15.536,3,15.536,0.35714285714285715,0.6428571428571429,0
672744,"Canario, Alexander","Bat",134,345,345,205,15.536,140,15.536,0.28405797101449276,0.7101449275362319,0.005797101449275362
671221,"Waters, Drew","Bat",118,302,302,201,15.545,101,15.545,0.271523178807947,0.7218543046357616,0.006622516556291391
657557,"DeJong, Paul","Bat",120,295,295,211,15.548,84,15.548,0.3288135593220339,0.6711864406779661,0
657757,"Sheets, Gavin","Bat",135,1063,1063,638,15.549,425,15.549,0.2681091251175917,0.729068673565381,0.0028222013170272815
650402,"Torres, Gleyber","Bat",116,1299,1299,884,15.549,415,15.549,0.302540415704388,0.6959199384141648,0.001539645881447267
592885,"Yelich, Christian","Bat",158,1190,1190,709,15.553,481,15.553,0.2739495798319328,0.7243697478991596,0.0016806722689075631
682985,"Greene, Riley","Bat",116,1115,1115,666,15.553,449,15.553,0.2896860986547085,0.704932735426009,0.0053811659192825115
596103,"Slater, Austin","Bat",147,264,264,154,15.557,110,15.557,0.23863636363636365,0.7537878787878788,0.007575757575757576
681807,"Fry, David","Bat",114,242,242,128,15.559,114,15.559,0.22727272727272727,0.768595041322314,0.004132231404958678
660688,"Ruiz, Keibert","Bat",120,353,353,232,15.56,121,15.56,0.28611898016997167,0.7110481586402266,0.0028328611898017
669369,"Johnson, Bryce","Bat",135,123,123,71,15.56,52,15.56,0.24390243902439024,0.7560975609756098,0
516782,"Marte, Starling","Bat",121,530,530,301,15.565,229,15.565,0.22641509433962265,0.7641509433962265,0.009433962264150943
681460,"Baldwin, Brooks","Bat",145,494,494,282,15.565,212,15.565,0.2631578947368421,0.7327935222672065,0.004048582995951417
656305,"Chapman, Matt","Bat",137,1021,1021,602,15.572,419,15.572,0.2654260528893242,0.7316356513222331,0.002938295788442703
666126,"Cortes, Carlos","Bat",133,167,167,107,15.574,60,15.574,0.25149700598802394,0.7485029940119761,0
660757,"Gonzalez, Oscar","Bat",135,61,61,40,15.578,21,15.578,0.29508196721311475,0.6885245901639344,0.01639344262295082
608671,"Jankowski, Travis","Bat",121,83,83,54,15.579,29,15.579,0.3132530120481928,0.6746987951807228,0.012048192771084338
662139,"Varsho, Daulton","Bat",141,394,394,199,15.58,195,15.58,0.22081218274111675,0.7690355329949239,0.01015228426395939
672356,"Arias, Gabriel","Bat",114,641,641,435,15.581,206,15.581,0.296411856474259,0.6973478939157566,0.0062402496099844
650490,"Díaz, Yandy","Bat",139,1209,1209,801,15.582,408,15.582,0.2870140612076096,0.7055417700578991,0.007444168734491315
676572,"Wagaman, Eric","Bat",146,883,883,551,15.582,332,15.582,0.2876557191392978,0.710079275198188,0.0022650056625141564
669450,"Hummel, Cooper","Bat",117,204,204,117,15.583,87,15.583,0.27450980392156865,0.7156862745098039,0.00980392156862745
656775,"Mullins, Cedric","Bat",121,927,927,549,15.585,378,15.585,0.26105717367853293,0.7346278317152104,0.004314994606256742
668845,"Schunk, Aaron","Bat",115,34,34,20,15.587,14,15.587,0.23529411764705882,0.7647058823529411,0
664728,"Isbel, Kyle","Bat",118,655,655,428,15.589,227,15.589,0.27938931297709924,0.7145038167938931,0.0061068702290076335
670770,"Friedl, TJ","Bat",113,1317,1317,936,15.591,381,15.591,0.29081245254365984,0.7046317388003037,0.004555808656036446
680862,"MacIver, Willie","Bat",133,140,140,96,15.595,44,15.595,0.2785714285714286,0.7214285714285714,0
672695,"Perdomo, Geraldo","Bat",109,1423,1423,896,15.597,527,15.597,0.29304286718200984,0.7027406886858749,0.004216444132115249
665804,"Amaya, Miguel","Bat",112,140,140,96,15.607,44,15.607,0.2857142857142857,0.7142857142857143,0
657136,"Wong, Connor","Bat",111,309,309,198,15.608,111,15.608,0.2588996763754045,0.7378640776699029,0.003236245954692557
670223,"Mervis, Matt","Bat",146,178,178,93,15.608,85,15.608,0.2303370786516854,0.7696629213483146,0
671277,"García Jr., Luis","Bat",120,728,728,454,15.61,274,15.61,0.28846153846153844,0.7087912087912088,0.0027472527472527475
543760,"Semien, Marcus","Bat",140,922,922,554,15.61,368,15.61,0.27765726681127983,0.7147505422993492,0.007592190889370932
543877,"Vázquez, Christian","Bat",142,393,393,227,15.613,166,15.613,0.26208651399491095,0.7379134860050891,0
689414,"Hicks, Liam","Bat",146,706,706,412,15.615,294,15.615,0.2762039660056657,0.7209631728045326,0.0028328611898017
694192,"Chourio, Jackson","Bat",158,812,812,545,15.616,267,15.616,0.29064039408866993,0.7056650246305419,0.003694581280788177
666182,"Bichette, Bo","Bat",141,949,949,590,15.618,359,15.618,0.2708113804004215,0.7228661749209695,0.006322444678609062
672580,"Garcia, Maikel","Bat",118,1268,1268,785,15.62,483,15.62,0.27287066246056785,0.7247634069400631,0.002365930599369085
641933,"O'Neill, Tyler","Bat",110,342,342,204,15.622,138,15.622,0.23684210526315788,0.7602339181286549,0.0029239766081871343
810938,"Williamson, Ben","Bat",136,546,546,333,15.623,213,15.623,0.26373626373626374,0.7326007326007326,0.003663003663003663
665561,"Marchán, Rafael","Bat",143,214,214,139,15.624,75,15.624,0.26635514018691586,0.7336448598130841,0
666969,"García, Adolis","Bat",140,802,802,483,15.625,319,15.625,0.2892768079800499,0.7032418952618454,0.007481296758104738
682641,"Matos, Luis","Bat",137,276,276,164,15.627,112,15.627,0.2536231884057971,0.7391304347826086,0.007246376811594203
605137,"Bell, Josh","Bat",120,905,905,580,15.629,325,15.629,0.3027624309392265,0.6950276243093922,0.0022099447513812156
687952,"Encarnacion-Strand, Christian","Bat",113,175,175,123,15.629,52,15.629,0.30857142857142855,0.68,0.011428571428571429
671732,"Butler, Lawrence","Bat",133,1129,1129,773,15.632,356,15.632,0.2993799822852081,0.6979627989371124,0.002657218777679362
677956,"Hinds, Rece","Bat",113,64,64,42,15.634,22,15.634,0.28125,0.71875,0
701538,"Merrill, Jackson","Bat",135,585,585,337,15.635,248,15.635,0.29743589743589743,0.7008547008547008,0.0017094017094017094
807799,"Yoshida, Masataka","Bat",111,348,348,219,15.635,129,15.635,0.2614942528735632,0.7385057471264368,0
670156,"Mastrobuoni, Miles","Bat",136,322,322,205,15.635,117,15.635,0.2422360248447205,0.7577639751552795,0
668709,"Bleday, JJ","Bat",133,587,587,383,15.64,204,15.64,0.26916524701873934,0.727427597955707,0.0034071550255536627
669326,"Teodosio, Bryce","Bat",108,155,155,117,15.64,38,15.64,0.3225806451612903,0.6774193548387096,0
677587,"Rocchio, Brayan","Bat",114,579,579,345,15.646,234,15.646,0.25734024179620035,0.7374784110535406,0.0051813471502590676
595978,"Hedges, Austin","Bat",114,273,273,179,15.646,94,15.646,0.28205128205128205,0.7032967032967034,0.014652014652014652
608070,"Ramírez, José","Bat",114,1252,1252,838,15.647,414,15.647,0.2955271565495208,0.6996805111821086,0.004792332268370607
668715,"Steer, Spencer","Bat",113,1020,1020,627,15.647,393,15.647,0.25,0.7470588235294118,0.0029411764705882353
596142,"Sánchez, Gary","Bat",110,187,187,113,15.647,74,15.647,0.2727272727272727,0.7219251336898396,0.0053475935828877
675659,"Jones, Greg","Bat",145,2,2,2,15.648,,15.648,0,1,0
686611,"Crews, Dylan","Bat",120,488,488,316,15.65,172,15.65,0.29508196721311475,0.7008196721311475,0.004098360655737705
621028,"Newman, Kevin","Bat",108,159,159,115,15.654,44,15.654,0.2893081761006289,0.6981132075471698,0.012578616352201259
553993,"Suárez, Eugenio","Bat",136,1110,1110,695,15.66,415,15.66,0.2810810810810811,0.7153153153153153,0.0036036036036036037
642715,"Adames, Willy","Bat",137,1243,1243,803,15.664,440,15.664,0.2727272727272727,0.7240547063555913,0.003218020917135961
701762,"Kurtz, Nick","Bat",133,902,902,574,15.665,328,15.665,0.2682926829268293,0.7283813747228381,0.0033259423503325942
681962,"Capra, Vinny","Bat",145,158,158,86,15.671,72,15.671,0.24050632911392406,0.759493670886076,0
624415,"Biggio, Cavan","Bat",118,181,181,117,15.672,64,15.672,0.23204419889502761,0.7679558011049724,0
596146,"Kepler, Max","Bat",143,749,749,417,15.673,332,15.673,0.2363150867823765,0.7610146862483311,0.0026702269692923898
805373,"Alvarez Jr., Nacho","Bat",144,381,381,237,15.674,144,15.674,0.24934383202099739,0.7454068241469817,0.005249343832020997
691720,"Karros, Kyle","Bat",115,271,271,187,15.683,84,15.683,0.26199261992619927,0.7343173431734318,0.0036900369003690036
668670,"Rogers, Jake","Bat",116,261,261,174,15.684,87,15.684,0.34099616858237547,0.6551724137931034,0.0038314176245210726
656716,"McKinstry, Zach","Bat",116,944,944,545,15.684,399,15.684,0.2521186440677966,0.7457627118644068,0.00211864406779661
690993,"Keith, Colt","Bat",116,827,827,523,15.687,304,15.687,0.2756952841596131,0.717049576783555,0.007255139056831923
687551,"Gilbert, Drew","Bat",137,184,184,122,15.689,62,15.689,0.27717391304347827,0.717391304347826,0.005434782608695652
682653,"Bernabel, Warming","Bat",115,192,192,134,15.699,58,15.699,0.296875,0.703125,0
681351,"O'Hoppe, Logan","Bat",108,702,702,435,15.699,267,15.699,0.292022792022792,0.7051282051282052,0.002849002849002849
656976,"Smith, Pavin","Bat",109,604,604,373,15.7,231,15.7,0.26158940397350994,0.7317880794701986,0.006622516556291391
694384,"Schanuel, Nolan","Bat",108,932,932,614,15.703,318,15.703,0.26824034334763946,0.7263948497854077,0.00536480686695279
665923,"Ruiz, Esteury","Bat",119,29,29,18,15.703,11,15.703,0.3103448275862069,0.6896551724137931,0
669743,"Call, Alex","Bat",119,619,619,363,15.706,256,15.706,0.23909531502423265,0.7560581583198708,0.004846526655896607
643565,"Tauchman, Mike","Bat",145,682,682,495,15.709,187,15.709,0.30791788856304986,0.6891495601173021,0.002932551319648094
668227,"Arozarena, Randy","Bat",136,1354,1354,835,15.71,519,15.71,0.26661742983751846,0.7259970457902511,0.007385524372230428
678009,"Meadows, Parker","Bat",116,425,425,304,15.711,121,15.711,0.3058823529411765,0.6941176470588235,0
660644,"Bruján, Vidal","Bat",144,135,135,78,15.712,57,15.712,0.22962962962962963,0.762962962962963,0.007407407407407408
691718,"Crow-Armstrong, Pete","Bat",112,793,793,463,15.712,330,15.712,0.2484237074401009,0.7465321563682219,0.005044136191677175
666023,"Fermin, Freddy","Bat",135,549,549,371,15.714,178,15.714,0.302367941712204,0.6958105646630237,0.0018214936247723133
656811,"O'Hearn, Ryan","Bat",135,956,956,565,15.716,391,15.716,0.24267782426778242,0.7531380753138075,0.0041841004184100415
596019,"Lindor, Francisco","Bat",121,1265,1265,923,15.716,342,15.716,0.29802371541501976,0.6996047430830039,0.0023715415019762848
682998,"Carroll, Corbin","Bat",109,1040,1040,657,15.716,383,15.716,0.2567307692307692,0.739423076923077,0.0038461538461538464
669127,"Langeliers, Shea","Bat",133,751,751,460,15.718,291,15.718,0.2569906790945406,0.7363515312916112,0.006657789613848202
664983,"McCarthy, Jake","Bat",109,350,350,243,15.718,107,15.718,0.28,0.7171428571428572,0.002857142857142857
664056,"Bader, Harrison","Bat",143,875,875,558,15.718,317,15.718,0.29028571428571426,0.7051428571428572,0.004571428571428572
696030,"Osuna, Alejandro","Bat",140,339,339,235,15.722,104,15.722,0.30383480825958703,0.6932153392330384,0.0029498525073746312
695681,"Moore, Christian","Bat",108,354,354,244,15.723,110,15.723,0.2740112994350282,0.7231638418079096,0.002824858757062147
694374,"Tawa, Tim","Bat",109,367,367,226,15.724,141,15.724,0.25885558583106266,0.7356948228882834,0.005449591280653951
622761,"Mateo, Jorge","Bat",110,131,131,81,15.724,50,15.724,0.2748091603053435,0.7251908396946565,0
678489,"Barrosa, Jorge","Bat",109,119,119,62,15.724,57,15.724,0.24369747899159663,0.7478991596638656,0.008403361344537815
687957,"Harris, Dustin","Bat",140,72,72,47,15.725,25,15.725,0.3055555555555556,0.6944444444444444,0
677870,"Jiménez, Leo","Bat",141,74,74,47,15.725,27,15.725,0.2702702702702703,0.7297297297297297,0
573262,"Yastrzemski, Mike","Bat",118,1125,1125,744,15.726,381,15.726,0.2604444444444444,0.736,0.0035555555555555557
682634,"Alcántara, Kevin","Bat",112,19,19,11,15.726,8,15.726,0.21052631578947367,0.7894736842105263,0
521692,"Perez, Salvador","Bat",118,810,810,522,15.728,288,15.728,0.2679012345679012,0.7209876543209877,0.011111111111111112
650489,"Castro, Willi","Bat",112,660,660,370,15.729,290,15.729,0.2409090909090909,0.7545454545454545,0.004545454545454545
666310,"Naylor, Bo","Bat",114,740,740,454,15.73,286,15.73,0.25675675675675674,0.7364864864864865,0.006756756756756757
650968,"Pozo, Yohel","Bat",138,210,210,137,15.73,73,15.73,0.2857142857142857,0.7,0.014285714285714285
682663,"Ramírez, Agustín","Bat",146,873,873,566,15.732,307,15.732,0.284077892325315,0.713631156930126,0.002290950744558992
691182,"Amador, Adael","Bat",115,147,147,101,15.738,46,15.738,0.30612244897959184,0.6938775510204082,0
641645,"Guillorme, Luis","Bat",117,39,39,24,15.738,15,15.738,0.15384615384615385,0.8461538461538461,0
695657,"Montgomery, Colson","Bat",145,409,409,234,15.738,175,15.738,0.2371638141809291,0.7603911980440098,0.0024449877750611247
687462,"Horwitz, Spencer","Bat",134,763,763,476,15.74,287,15.74,0.2804718217562254,0.7155963302752294,0.003931847968545216
518692,"Freeman, Freddie","Bat",119,977,977,599,15.74,378,15.74,0.2569089048106448,0.7359263050153532,0.007164790174002047
681393,"Norby, Connor","Bat",146,466,466,288,15.741,178,15.741,0.2553648068669528,0.740343347639485,0.004291845493562232
673490,"Kim, Ha-Seong","Bat",144,395,395,255,15.746,140,15.746,0.2810126582278481,0.7164556962025317,0.002531645569620253
621493,"Ward, Taylor","Bat",108,1489,1489,833,15.747,656,15.747,0.24244459368703827,0.7528542646071189,0.0047011417058428475
687859,"Johnston, Troy","Bat",146,177,177,108,15.748,69,15.748,0.24293785310734464,0.751412429378531,0.005649717514124294
663743,"Fortes, Nick","Bat",139,363,363,238,15.748,125,15.748,0.26721763085399447,0.7245179063360881,0.008264462809917356
677592,"Pereira, Everson","Bat",139,133,133,81,15.749,52,15.749,0.2857142857142857,0.706766917293233,0.007518796992481203
691594,"Sanoja, Javier","Bat",146,535,535,335,15.749,200,15.749,0.2560747663551402,0.7401869158878505,0.003738317757009346
695391,"Harris, Brett","Bat",133,156,156,96,15.752,60,15.752,0.26282051282051283,0.7243589743589743,0.01282051282051282
624424,"Conforto, Michael","Bat",119,879,879,582,15.752,297,15.752,0.2616609783845279,0.7372013651877133,0.0011376564277588168
680779,"Davis, Henry","Bat",134,379,379,220,15.755,159,15.755,0.24538258575197888,0.7440633245382586,0.010554089709762533
641598,"Garver, Mitch","Bat",136,564,564,321,15.755,243,15.755,0.23404255319148937,0.7606382978723404,0.005319148936170213
621438,"Taylor, Tyrone","Bat",121,549,549,321,15.755,228,15.755,0.24225865209471767,0.7486338797814208,0.009107468123861567
545341,"Grichuk, Randal","Bat",118,488,488,317,15.757,171,15.757,0.3012295081967213,0.6926229508196722,0.006147540983606557
663897,"Williams, Luke","Bat",144,40,40,15,15.759,25,15.759,0.075,0.925,0
656537,"Hill, Derek","Bat",145,197,197,110,15.764,87,15.764,0.2436548223350254,0.7258883248730964,0.030456852791878174
680718,"Barger, Addison","Bat",141,804,804,465,15.768,339,15.768,0.2599502487562189,0.7338308457711443,0.006218905472636816
607208,"Turner, Trea","Bat",143,1000,1000,685,15.772,315,15.772,0.3,0.695,0.005
663886,"Stephenson, Tyler","Bat",113,612,612,367,15.775,245,15.775,0.24836601307189543,0.75,0.0016339869281045752
680837,"Fitzgerald, Ryan","Bat",142,90,90,61,15.78,29,15.78,0.24444444444444444,0.7555555555555555,0
686555,"Collins, Isaac","Bat",158,849,849,475,15.782,374,15.782,0.21790341578327443,0.7726737338044759,0.009422850412249705
665487,"Tatis Jr., Fernando","Bat",135,1216,1216,851,15.783,365,15.783,0.29276315789473684,0.7006578947368421,0.006578947368421052
664770,"Lukes, Nathan","Bat",141,733,733,449,15.784,284,15.784,0.2660300136425648,0.7285129604365621,0.005457025920873124
676480,"Barrero, José","Bat",138,50,50,32,15.785,18,15.785,0.22,0.76,0.02
666158,"Lux, Gavin","Bat",113,911,911,557,15.79,354,15.79,0.24039517014270034,0.7541163556531284,0.005488474204171241
608348,"Kelly, Carson","Bat",112,699,699,404,15.791,295,15.791,0.2017167381974249,0.7939914163090128,0.004291845493562232
683766,"Koss, Christian","Bat",137,233,233,140,15.795,93,15.795,0.24034334763948498,0.7553648068669528,0.004291845493562232
600869,"Candelario, Jeimer","Bat",113,163,163,109,15.8,54,15.8,0.27607361963190186,0.7055214723926381,0.018404907975460124
694388,"Loperfido, Joey","Bat",141,142,142,87,15.803,55,15.803,0.24647887323943662,0.7535211267605634,0
682183,"Avans, Drew","Bat",158,26,26,17,15.813,9,15.813,0.2692307692307692,0.7307692307692307,0
680574,"McLain, Matt","Bat",113,1122,1122,689,15.813,433,15.813,0.24688057040998218,0.749554367201426,0.0035650623885918
570482,"Urshela, Gio","Bat",133,281,281,181,15.813,100,15.813,0.2846975088967972,0.7153024911032029,0
518595,"d'Arnaud, Travis","Bat",108,324,324,223,15.813,101,15.813,0.26851851851851855,0.7253086419753086,0.006172839506172839
663853,"Gonzalez, Romy","Bat",111,490,490,279,15.814,211,15.814,0.24285714285714285,0.7489795918367347,0.00816326530612245
621566,"Olson, Matt","Bat",144,1438,1438,851,15.814,587,15.814,0.25312934631432543,0.7406119610570236,0.006258692628650904
502671,"Goldschmidt, Paul","Bat",147,939,939,603,15.816,336,15.816,0.23322683706070288,0.7625133120340788,0.004259850905218318
669707,"Triolo, Jared","Bat",134,632,632,419,15.816,213,15.816,0.2674050632911392,0.7294303797468354,0.0031645569620253164
672640,"Lopez, Otto","Bat",146,941,941,577,15.817,364,15.817,0.24760892667375134,0.7481402763018066,0.004250797024442083
664034,"France, Ty","Bat",141,766,766,475,15.818,291,15.818,0.25326370757180156,0.7389033942558747,0.007832898172323759
663604,"Lockridge, Brandon","Bat",158,235,235,152,15.819,83,15.819,0.2553191489361702,0.7361702127659574,0.00851063829787234
671655,"Valera, George","Bat",114,91,91,52,15.82,39,15.82,0.18681318681318682,0.7912087912087912,0.02197802197802198
694377,"Yorke, Nick","Bat",134,123,123,79,15.822,44,15.822,0.25203252032520324,0.7479674796747967,0
679529,"Torkelson, Spencer","Bat",116,1154,1154,727,15.823,427,15.823,0.2608318890814558,0.729636048526863,0.009532062391681109
666134,"Jones, Nolan","Bat",114,733,733,468,15.824,265,15.824,0.22373806275579808,0.772169167803547,0.004092769440654843
679032,"Rojas, Johan","Bat",143,209,209,118,15.833,91,15.833,0.24880382775119617,0.7368421052631579,0.014354066985645933
686469,"Pasquantino, Vinnie","Bat",118,1106,1106,630,15.833,476,15.833,0.22332730560578662,0.7721518987341772,0.0045207956600361665
672515,"Moreno, Gabriel","Bat",109,621,621,341,15.836,280,15.836,0.22061191626409019,0.7665056360708534,0.01288244766505636
606192,"Hernández, Teoscar","Bat",119,918,918,549,15.837,369,15.837,0.24727668845315903,0.7516339869281046,0.0010893246187363835
664068,"Kingery, Scott","Bat",108,39,39,25,15.839,14,15.839,0.28205128205128205,0.6923076923076923,0.02564102564102564
620443,"Torrens, Luis","Bat",121,437,437,266,15.842,171,15.842,0.2288329519450801,0.7688787185354691,0.002288329519450801
691406,"Caminero, Junior","Bat",139,1037,1037,605,15.845,432,15.845,0.2381870781099325,0.7560270009643202,0.0057859209257473485
606466,"Marte, Ketel","Bat",109,948,948,621,15.846,327,15.846,0.2689873417721519,0.7278481012658228,0.0031645569620253164
671289,"Freeman, Tyler","Bat",115,760,760,515,15.846,245,15.846,0.28289473684210525,0.7171052631578947,0
666181,"Benson, Will","Bat",113,370,370,209,15.847,161,15.847,0.25675675675675674,0.7324324324324324,0.010810810810810811
673962,"Jung, Josh","Bat",140,773,773,491,15.848,282,15.848,0.2742561448900388,0.7192755498059509,0.00646830530401035
664023,"Happ, Ian","Bat",112,1278,1278,855,15.848,423,15.848,0.2347417840375587,0.7582159624413145,0.007042253521126761
670623,"Paredes, Isaac","Bat",117,869,869,527,15.852,342,15.852,0.22324510932105868,0.7698504027617952,0.006904487917146145
686765,"Sogard, Nick","Bat",111,194,194,109,15.852,85,15.852,0.24742268041237114,0.7422680412371134,0.010309278350515464
670276,"Stevenson, Cal","Bat",143,12,12,5,15.853,7,15.853,0.25,0.75,0
805249,"Kemp, Otto","Bat",143,312,312,209,15.853,103,15.853,0.2692307692307692,0.7307692307692307,0
696100,"Goodman, Hunter","Bat",115,790,790,493,15.86,297,15.86,0.24050632911392406,0.7544303797468355,0.005063291139240506
683090,"Lugo, Matthew","Bat",108,100,100,59,15.866,41,15.866,0.23,0.77,0
630105,"Cronenworth, Jake","Bat",135,1020,1020,590,15.866,430,15.866,0.22941176470588234,0.7666666666666667,0.00392156862745098
676694,"Meyers, Jake","Bat",117,566,566,348,15.867,218,15.867,0.2332155477031802,0.7632508833922261,0.0035335689045936395
687221,"Rushing, Dalton","Bat",119,251,251,153,15.867,98,15.867,0.250996015936255,0.7450199203187251,0.00398406374501992
545361,"Trout, Mike","Bat",108,1221,1221,787,15.869,434,15.869,0.25307125307125306,0.7436527436527437,0.003276003276003276
592669,"Renfroe, Hunter","Bat",118,186,186,107,15.871,79,15.871,0.24193548387096775,0.7526881720430108,0.005376344086021506
692585,"Fernández, Yanquiel","Bat",115,239,239,150,15.875,89,15.875,0.24267782426778242,0.7489539748953975,0.008368200836820083
663616,"Larnach, Trevor","Bat",142,1024,1024,628,15.881,396,15.881,0.240234375,0.7548828125,0.0048828125
682626,"Alvarez, Francisco","Bat",121,474,474,303,15.883,171,15.883,0.25738396624472576,0.740506329113924,0.002109704641350211
672284,"Kelenic, Jarred","Bat",144,109,109,67,15.883,42,15.883,0.2018348623853211,0.7981651376146789,0
690924,"Fulford, Braxton","Bat",115,187,187,112,15.887,75,15.887,0.25133689839572193,0.7486631016042781,0
676059,"Westburg, Jordan","Bat",110,560,560,390,15.889,170,15.889,0.2375,0.7535714285714286,0.008928571428571428
690022,"Ritter, Ryan","Bat",115,273,273,150,15.89,123,15.89,0.19047619047619047,0.8058608058608059,0.003663003663003663
593428,"Bogaerts, Xander","Bat",135,1028,1028,617,15.896,411,15.896,0.22178988326848248,0.7704280155642024,0.007782101167315175
669221,"Murphy, Sean","Bat",144,579,579,337,15.897,242,15.897,0.229706390328152,0.7651122625215889,0.0051813471502590676
808975,"Kim, Hyeseong","Bat",119,280,280,176,15.898,104,15.898,0.2571428571428571,0.7392857142857143,0.0035714285714285713
572191,"Taylor, Michael A.","Bat",145,500,500,312,15.899,188,15.899,0.256,0.74,0.004
624585,"Soler, Jorge","Bat",108,614,614,401,15.901,213,15.901,0.26547231270358307,0.7263843648208469,0.008143322475570033
672569,"Campero, Gustavo","Bat",108,116,116,69,15.903,47,15.903,0.22413793103448276,0.7672413793103449,0.008620689655172414
660162,"Moncada, Yoán","Bat",108,518,518,314,15.904,204,15.904,0.2471042471042471,0.747104247104247,0.005791505791505791
608701,"Refsnyder, Rob","Bat",111,410,410,211,15.906,199,15.906,0.1975609756097561,0.7975609756097561,0.004878048780487805
542303,"Ozuna, Marcell","Bat",144,1303,1303,769,15.909,534,15.909,0.25940138142747504,0.7329240214888718,0.007674597083653108
695734,"Lile, Daylen","Bat",120,526,526,305,15.91,221,15.91,0.279467680608365,0.720532319391635,0
683227,"Freeman, Cody","Bat",140,199,199,132,15.911,67,15.911,0.21105527638190955,0.7839195979899497,0.005025125628140704
680869,"Gelof, Zack","Bat",133,168,168,110,15.911,58,15.911,0.24404761904761904,0.7559523809523809,0
691019,"Teel, Kyle","Bat",145,533,533,362,15.912,171,15.912,0.24390243902439024,0.7504690431519699,0.005628517823639775
660271,"Ohtani, Shohei","Bat",119,1255,1255,913,15.915,342,15.915,0.3043824701195219,0.6884462151394423,0.007171314741035857
660670,"Acuña Jr., Ronald","Bat",144,778,778,515,15.918,263,15.918,0.2802056555269923,0.7146529562982005,0.005141388174807198
665019,"Clemens, Kody","Bat",142,650,650,419,15.92,231,15.92,0.25384615384615383,0.7446153846153846,0.0015384615384615385
642215,"Wilson, Weston","Bat",143,244,244,162,15.921,82,15.921,0.24180327868852458,0.7581967213114754,0
663698,"Bart, Joey","Bat",134,610,610,324,15.921,286,15.921,0.1901639344262295,0.7967213114754098,0.013114754098360656
663586,"Riley, Austin","Bat",144,771,771,460,15.927,311,15.927,0.25551232166018156,0.7431906614785992,0.0012970168612191958
543309,"Higashioka, Kyle","Bat",140,600,600,362,15.928,238,15.928,0.24,0.7583333333333333,0.0016666666666666668
666185,"Carlson, Dylan","Bat",110,461,461,295,15.93,166,15.93,0.23427331887201736,0.7570498915401301,0.008676789587852495
593871,"Polanco, Jorge","Bat",136,900,900,583,15.931,317,15.931,0.26222222222222225,0.7311111111111112,0.006666666666666667
678882,"Rafaela, Ceddanne","Bat",111,714,714,437,15.934,277,15.934,0.24929971988795518,0.7408963585434174,0.00980392156862745
690976,"Freeland, Alex","Bat",119,207,207,136,15.934,71,15.934,0.24154589371980675,0.748792270531401,0.00966183574879227
677800,"Abreu, Wilyer","Bat",111,637,637,389,15.936,248,15.936,0.23233908948194662,0.7613814756671899,0.006279434850863423
683146,"Baty, Brett","Bat",121,766,766,451,15.936,315,15.936,0.21671018276762402,0.779373368146214,0.0039164490861618795
677595,"Mauricio, Ronny","Bat",121,279,279,175,15.937,104,15.937,0.23655913978494625,0.7562724014336918,0.007168458781362007
665161,"Peña, Jeremy","Bat",117,711,711,504,15.937,207,15.937,0.2770745428973277,0.7158931082981715,0.007032348804500703
595777,"Profar, Jurickson","Bat",144,751,751,540,15.942,211,15.942,0.2769640479360852,0.7203728362183754,0.002663115845539281
665877,"Fermín, José","Bat",138,138,138,94,15.942,44,15.942,0.2898550724637681,0.6884057971014492,0.021739130434782608
669911,"Toglia, Michael","Bat",115,590,590,390,15.944,200,15.944,0.2711864406779661,0.7271186440677966,0.001694915254237288
621035,"Taylor, Chris","Bat",108,184,184,118,15.944,66,15.944,0.21739130434782608,0.782608695652174,0
694203,"Guzman, Denzer","Bat",108,71,71,55,15.944,16,15.944,0.36619718309859156,0.6197183098591549,0.014084507042253521
608369,"Seager, Corey","Bat",140,692,692,417,15.946,275,15.946,0.25,0.7471098265895953,0.002890173410404624
669134,"Campusano, Luis","Bat",135,60,60,33,15.947,27,15.947,0.26666666666666666,0.7333333333333333,0
645444,"Herrera, Jose","Bat",109,370,370,249,15.947,121,15.947,0.27837837837837837,0.7189189189189189,0.002702702702702703
666397,"Julien, Edouard","Bat",142,395,395,252,15.949,143,15.949,0.22025316455696203,0.7772151898734178,0.002531645569620253
642136,"Thaiss, Matt","Bat",139,282,282,172,15.951,110,15.951,0.17375886524822695,0.8226950354609929,0.0035460992907801418
665839,"Valdez, Enmanuel","Bat",134,173,173,105,15.951,68,15.951,0.24277456647398843,0.7572254335260116,0
645302,"Robles, Victor","Bat",136,119,119,79,15.955,40,15.955,0.23529411764705882,0.7647058823529411,0
592206,"Castellanos, Nick","Bat",143,702,702,423,15.961,279,15.961,0.22507122507122507,0.7706552706552706,0.004273504273504274
672386,"Kirk, Alejandro","Bat",141,856,856,524,15.962,332,15.962,0.22780373831775702,0.7686915887850467,0.0035046728971962616
670092,"Brooks, Trenton","Bat",135,58,58,36,15.964,22,15.964,0.22413793103448276,0.7758620689655172,0
595751,"Alfaro, Jorge","Bat",120,33,33,21,15.964,12,15.964,0.30303030303030304,0.696969696969697,0
668885,"Martin, Austin","Bat",142,359,359,224,15.966,135,15.966,0.2618384401114206,0.7298050139275766,0.008356545961002786
667690,"Stubbs, C.J.","Bat",120,7,7,7,15.97,,15.97,0.42857142857142855,0.5714285714285714,0
805779,"Wilson, Jacob","Bat",133,771,771,461,15.973,310,15.973,0.22827496757457846,0.7704280155642024,0.0012970168612191958
671286,"Rodríguez, Johnathan","Bat",114,134,134,85,15.973,49,15.973,0.291044776119403,0.6940298507462687,0.014925373134328358
545121,"Vargas, Ildemaro","Bat",109,164,164,98,15.974,66,15.974,0.21341463414634146,0.7865853658536586,0
680777,"Jeffers, Ryan","Bat",142,957,957,596,15.975,361,15.975,0.23824451410658307,0.7575757575757576,0.0041797283176593526
621512,"Nido, Tomás","Bat",116,39,39,27,15.976,12,15.976,0.3076923076923077,0.6666666666666666,0.02564102564102564
575929,"Contreras, Willson","Bat",138,880,880,487,15.976,393,15.976,0.20113636363636364,0.7920454545454545,0.006818181818181818
628451,"Ibáñez, Andy","Bat",116,290,290,156,15.978,134,15.978,0.3103448275862069,0.6793103448275862,0.010344827586206896
641343,"Bauers, Jake","Bat",158,379,379,195,15.979,184,15.979,0.23218997361477572,0.762532981530343,0.005277044854881266
669717,"Wilson, Will","Bat",114,136,136,77,15.983,59,15.983,0.20588235294117646,0.7867647058823529,0.007352941176470588
676914,"Schneider, Davis","Bat",141,453,453,273,15.984,180,15.984,0.23399558498896247,0.7549668874172185,0.011037527593818985
665489,"Guerrero Jr., Vladimir","Bat",141,1192,1192,732,15.984,460,15.984,0.25,0.7399328859060402,0.010067114093959731
624413,"Alonso, Pete","Bat",121,1213,1213,676,15.985,537,15.985,0.2201154163231657,0.7716405605935697,0.008244023083264633
677950,"Thomas, Alek","Bat",109,690,690,431,15.985,259,15.985,0.24057971014492754,0.755072463768116,0.004347826086956522
683748,"Mesa Jr., Victor","Bat",146,44,44,16,15.986,28,15.986,0.13636363636363635,0.8409090909090909,0.022727272727272728
682668,"Acuña, Luisangel","Bat",121,293,293,178,15.989,115,15.989,0.23890784982935154,0.7542662116040956,0.006825938566552901
695506,"Caglianone, Jac","Bat",118,350,350,244,15.99,106,15.99,0.32,0.6771428571428572,0.002857142857142857
802415,"Simpson, Chandler","Bat",139,700,700,510,15.993,190,15.993,0.25,0.7471428571428571,0.002857142857142857
680776,"Duran, Jarren","Bat",111,1160,1160,746,15.997,414,15.997,0.22241379310344828,0.7758620689655172,0.0017241379310344827
669257,"Smith, Will","Bat",119,981,981,596,16,385,16,0.23343527013251783,0.762487257900102,0.004077471967380225
702284,"Young, Cole","Bat",136,491,491,308,16.002,183,16.002,0.22606924643584522,0.769857433808554,0.004073319755600814
682927,"Simon, Ronny","Bat",134,158,158,92,16.005,66,16.005,0.23417721518987342,0.7658227848101266,0
668904,"Lewis, Royce","Bat",142,625,625,364,16.005,261,16.005,0.2192,0.7792,0.0016
623993,"Santander, Anthony","Bat",141,384,384,201,16.007,183,16.007,0.171875,0.8177083333333334,0.010416666666666666
669200,"McCoy, Mason","Bat",135,47,47,31,16.007,16,16.007,0.23404255319148937,0.7659574468085106,0
805300,"Marsee, Jakob","Bat",146,399,399,255,16.009,144,16.009,0.21804511278195488,0.7744360902255639,0.007518796992481203
683011,"Volpe, Anthony","Bat",147,1108,1108,671,16.011,437,16.011,0.23826714801444043,0.7518050541516246,0.009927797833935019
642133,"Tellez, Rowdy","Bat",140,583,583,354,16.011,229,16.011,0.22641509433962265,0.7667238421955404,0.00686106346483705
592518,"Machado, Manny","Bat",135,1115,1115,655,16.014,460,16.014,0.23228699551569507,0.758744394618834,0.008968609865470852
700932,"Manzardo, Kyle","Bat",114,840,840,528,16.017,312,16.017,0.20595238095238094,0.7869047619047619,0.007142857142857143
641680,"Heim, Jonah","Bat",140,717,717,474,16.021,243,16.021,0.22733612273361228,0.7670850767085077,0.005578800557880056
664040,"Lowe, Brandon","Bat",139,773,773,465,16.026,308,16.026,0.2056921086675291,0.7891332470892626,0.00517464424320828
642851,"Wynns, Austin","Bat",133,173,173,97,16.032,76,16.032,0.2543352601156069,0.7341040462427746,0.011560693641618497
663368,"Perkins, Blake","Bat",158,364,364,208,16.037,156,16.037,0.20054945054945056,0.7939560439560439,0.005494505494505495
677594,"Rodríguez, Julio","Bat",136,924,924,583,16.037,341,16.037,0.23917748917748918,0.7554112554112554,0.005411255411255411
670032,"Lopez, Nicky","Bat",112,51,51,29,16.047,22,16.047,0.19607843137254902,0.7450980392156863,0.058823529411764705
680474,"Schuemann, Max","Bat",133,361,361,217,16.05,144,16.05,0.19667590027700832,0.7922437673130194,0.0110803324099723
519317,"Stanton, Giancarlo","Bat",147,624,624,345,16.05,279,16.05,0.23397435897435898,0.7612179487179487,0.004807692307692308
682829,"De La Cruz, Elly","Bat",113,1192,1192,707,16.051,485,16.051,0.2181208053691275,0.7785234899328859,0.003355704697986577
683002,"Henderson, Gunnar","Bat",110,1099,1099,704,16.053,395,16.053,0.25113739763421294,0.7443130118289354,0.004549590536851683
676439,"Feduccia, Hunter","Bat",139,219,219,122,16.061,97,16.061,0.2146118721461187,0.7853881278538812,0
700242,"Sweeney, Trey","Bat",116,478,478,278,16.061,200,16.061,0.2489539748953975,0.7468619246861925,0.0041841004184100415
663968,"Mangum, Jake","Bat",139,435,435,303,16.064,132,16.064,0.22528735632183908,0.7724137931034483,0.0022988505747126436
665750,"Taveras, Leody","Bat",136,281,281,183,16.066,98,16.066,0.2526690391459075,0.7366548042704626,0.010676156583629894
641355,"Bellinger, Cody","Bat",147,1100,1100,594,16.066,506,16.066,0.22454545454545455,0.7709090909090909,0.004545454545454545
695238,"Wagner, Will","Bat",135,276,276,158,16.07,118,16.07,0.213768115942029,0.782608695652174,0.0036231884057971015
650859,"Rengifo, Luis","Bat",108,813,813,551,16.07,262,16.07,0.25338253382533826,0.7343173431734318,0.012300123001230012
689200,"Melton, Jacob","Bat",117,138,138,81,16.072,57,16.072,0.2246376811594203,0.7753623188405797,0
643289,"Dubón, Mauricio","Bat",117,508,508,315,16.075,193,16.075,0.2125984251968504,0.7834645669291339,0.003937007874015748
693307,"Dingler, Dillon","Bat",116,769,769,424,16.08,345,16.08,0.19635890767230169,0.7984395318595578,0.005201560468140442
683737,"Busch, Michael","Bat",112,946,946,662,16.084,284,16.084,0.2632135306553911,0.7346723044397463,0.0021141649048625794
643376,"Jansen, Danny","Bat",158,623,623,370,16.086,253,16.086,0.19743178170144463,0.8025682182985554,0
666176,"Adell, Jo","Bat",108,837,837,501,16.09,336,16.09,0.2031063321385902,0.7921146953405018,0.0047789725209080045
666152,"Hamilton, David","Bat",111,337,337,191,16.097,146,16.097,0.2166172106824926,0.7744807121661721,0.008902077151335312
666971,"Gurriel Jr., Lourdes","Bat",109,767,767,447,16.099,320,16.099,0.18513689700130379,0.7979139504563233,0.01694915254237288
678894,"Peguero, Liover","Bat",134,163,163,93,16.104,70,16.104,0.2147239263803681,0.7852760736196319,0
677347,"Paris, Kyren","Bat",108,228,228,152,16.105,76,16.105,0.17543859649122806,0.8157894736842105,0.008771929824561403
691728,"Veen, Zac","Bat",115,44,44,28,16.108,16,16.108,0.20454545454545456,0.7954545454545454,0
656484,"Gray, Tristan","Bat",139,111,111,73,16.109,38,16.109,0.1891891891891892,0.7927927927927928,0.018018018018018018
607043,"Nimmo, Brandon","Bat",121,1169,1169,747,16.111,422,16.111,0.21385799828913601,0.7792985457656116,0.006843455945252352
660844,"Rivas, Leo","Bat",136,267,267,136,16.112,131,16.112,0.18726591760299627,0.8052434456928839,0.00749063670411985
608324,"Bregman, Alex","Bat",111,962,962,561,16.116,401,16.116,0.23076923076923078,0.7681912681912682,0.0010395010395010396
665833,"Cruz, Oneil","Bat",134,1077,1077,696,16.117,381,16.117,0.24512534818941503,0.7511606313834726,0.003714020427112349
666163,"Rortvedt, Ben","Bat",119,217,217,132,16.12,85,16.12,0.2119815668202765,0.7741935483870968,0.013824884792626729
691176,"Domínguez, Jasson","Bat",147,683,683,437,16.12,246,16.12,0.26500732064421667,0.7320644216691069,0.0029282576866764276
621020,"Swanson, Dansby","Bat",112,994,994,645,16.125,349,16.125,0.21227364185110664,0.7766599597585513,0.011066398390342052
605204,"Davis, J.D.","Bat",108,11,11,9,16.127,2,16.127,0.2727272727272727,0.7272727272727273,0
670042,"Raley, Luke","Bat",136,304,304,180,16.127,124,16.127,0.25,0.75,0
670242,"Wallner, Matt","Bat",142,589,589,392,16.131,197,16.131,0.25127334465195245,0.7436332767402377,0.0050933786078098476
670764,"Walls, Taylor","Bat",139,568,568,372,16.133,196,16.133,0.272887323943662,0.7235915492957746,0.0035211267605633804
664702,"Straw, Myles","Bat",141,513,513,296,16.136,217,16.136,0.2202729044834308,0.7758284600389863,0.003898635477582846
691016,"Soderstrom, Tyler","Bat",133,935,935,552,16.145,383,16.145,0.2374331550802139,0.758288770053476,0.0042780748663101605
673548,"Suzuki, Seiya","Bat",112,1356,1356,799,16.147,557,16.147,0.221976401179941,0.7706489675516224,0.007374631268436578
678391,"Vivas, Jorbit","Bat",147,102,102,64,16.147,38,16.147,0.19607843137254902,0.803921568627451,0
702616,"Holliday, Jackson","Bat",110,1053,1053,757,16.149,296,16.149,0.2526115859449193,0.7426400759734093,0.004748338081671415
671083,"Kennedy, Buddy","Bat",119,58,58,33,16.153,25,16.153,0.20689655172413793,0.7931034482758621,0
700246,"Williams, Carson","Bat",139,167,167,115,16.153,52,16.153,0.25149700598802394,0.7485029940119761,0
642180,"Wade, Tyler","Bat",135,234,234,143,16.155,91,16.155,0.23931623931623933,0.7564102564102564,0.004273504273504274
681481,"Carpenter, Kerry","Bat",116,655,655,425,16.157,230,16.157,0.21374045801526717,0.7801526717557252,0.0061068702290076335
692225,"Campbell, Kristian","Bat",111,490,490,273,16.161,217,16.161,0.22653061224489796,0.7653061224489796,0.00816326530612245
623168,"Heineman, Tyler","Bat",141,234,234,153,16.17,81,16.17,0.24358974358974358,0.7435897435897436,0.01282051282051282
701358,"Smith, Cam","Bat",117,851,851,528,16.171,323,16.171,0.21974148061104584,0.7720329024676851,0.008225616921269096
664761,"Bohm, Alec","Bat",143,809,809,501,16.176,308,16.176,0.20024721878862795,0.7935723114956736,0.006180469715698393
609280,"Andujar, Miguel","Bat",113,482,482,302,16.181,180,16.181,0.2033195020746888,0.7946058091286307,0.002074688796680498
681715,"Hernández, Heriberto","Bat",146,490,490,277,16.181,213,16.181,0.19183673469387755,0.8020408163265306,0.006122448979591836
669236,"Jackson, Jeremiah","Bat",110,285,285,177,16.195,108,16.195,0.23157894736842105,0.7649122807017544,0.0035087719298245615
660821,"Sánchez, Jesús","Bat",117,774,774,469,16.196,305,16.196,0.20671834625322996,0.7842377260981912,0.00904392764857881
680577,"Keirsey Jr., DaShawn","Bat",142,145,145,75,16.199,70,16.199,0.25517241379310346,0.7448275862068966,0
807712,"Keaschall, Luke","Bat",142,346,346,204,16.202,142,16.202,0.17341040462427745,0.8208092485549133,0.005780346820809248
669722,"Davidson, Logan","Bat",108,79,79,51,16.207,28,16.207,0.27848101265822783,0.7215189873417721,0
691723,"Mayo, Coby","Bat",110,483,483,303,16.209,180,16.209,0.19047619047619047,0.8053830227743272,0.004140786749482402
518934,"LeMahieu, DJ","Bat",147,249,249,150,16.211,99,16.211,0.1606425702811245,0.8273092369477911,0.012048192771084338
667670,"Rooker, Brent","Bat",133,1077,1077,636,16.216,441,16.216,0.20984215413184773,0.7855153203342619,0.004642525533890436
656248,"Bouchard, Sean","Bat",115,131,131,79,16.221,52,16.221,0.24427480916030533,0.7404580152671756,0.015267175572519083
805904,"Cole, Zach","Bat",117,101,101,63,16.223,38,16.223,0.21782178217821782,0.7821782178217822,0
500743,"Rojas, Miguel","Bat",119,528,528,328,16.225,200,16.225,0.21022727272727273,0.7859848484848485,0.003787878787878788
467793,"Santana, Carlos","Bat",112,897,897,559,16.231,338,16.231,0.2229654403567447,0.7736900780379041,0.0033444816053511705
641857,"McMahon, Ryan","Bat",147,1092,1092,684,16.232,408,16.232,0.21520146520146521,0.782051282051282,0.0027472527472527475
666150,"Fletcher, Dominic","Bat",145,55,55,49,16.233,6,16.233,0.3090909090909091,0.6909090909090909,0
605131,"Barnes, Austin","Bat",119,83,83,57,16.234,26,16.234,0.24096385542168675,0.7349397590361446,0.024096385542168676
668804,"Reynolds, Bryan","Bat",134,1044,1044,636,16.24,408,16.24,0.19827586206896552,0.7969348659003831,0.004789272030651341
640492,"Azocar, José","Bat",144,27,27,21,16.249,6,16.249,0.25925925925925924,0.7407407407407407,0
592192,"Canha, Mark","Bat",118,231,231,139,16.258,92,16.258,0.19047619047619047,0.7965367965367965,0.012987012987012988
665828,"Cabrera, Oswaldo","Bat",147,185,185,101,16.261,84,16.261,0.17297297297297298,0.8216216216216217,0.005405405405405406
694671,"Langford, Wyatt","Bat",140,1077,1077,767,16.269,310,16.269,0.23676880222841226,0.7595171773444754,0.003714020427112349
669364,"Edwards, Xavier","Bat",146,932,932,636,16.272,296,16.272,0.21244635193133046,0.7832618025751072,0.004291845493562232
621439,"Buxton, Byron","Bat",142,830,830,617,16.276,213,16.276,0.23132530120481928,0.7602409638554217,0.008433734939759036
621043,"Correa, Carlos","Bat",117,1015,1015,593,16.278,422,16.278,0.1921182266009852,0.8,0.007881773399014778
641555,"Escarra, J.C.","Bat",147,187,187,116,16.279,71,16.279,0.2192513368983957,0.7807486631016043,0
666018,"Aranda, Jonathan","Bat",139,684,684,434,16.281,250,16.281,0.2222222222222222,0.77046783625731,0.007309941520467836
547180,"Harper, Bryce","Bat",143,789,789,468,16.282,321,16.282,0.18250950570342206,0.8149556400506971,0.0025348542458808617
678011,"Seigler, Anthony","Bat",158,122,122,68,16.283,54,16.283,0.18032786885245902,0.7950819672131147,0.02459016393442623
592626,"Pederson, Joc","Bat",140,571,571,347,16.285,224,16.285,0.20490367775831875,0.7915936952714536,0.0035026269702276708
694359,"Kavadas, Niko","Bat",108,61,61,49,16.292,12,16.292,0.21311475409836064,0.7868852459016393,0
665862,"Chisholm Jr., Jazz","Bat",147,899,899,562,16.295,337,16.295,0.22135706340378197,0.7719688542825361,0.006674082313681869
666139,"Lowe, Josh","Bat",139,724,724,498,16.296,226,16.296,0.2513812154696133,0.7486187845303868,0
681297,"Cowser, Colton","Bat",110,720,720,485,16.303,235,16.303,0.2,0.7888888888888889,0.011111111111111112
663662,"Cameron, Daz","Bat",158,65,65,47,16.304,18,16.304,0.27692307692307694,0.7230769230769231,0
605170,"Caratini, Victor","Bat",117,527,527,314,16.305,213,16.305,0.20113851992409867,0.7855787476280834,0.013282732447817837
666211,"Trammell, Taylor","Bat",117,230,230,162,16.31,68,16.31,0.2391304347826087,0.7608695652173914,0
571466,"Barnhart, Tucker","Bat",140,23,23,11,16.31,12,16.31,0.2608695652173913,0.6956521739130435,0.043478260869565216
650559,"De La Cruz, Bryan","Bat",144,72,72,47,16.313,25,16.313,0.2361111111111111,0.7638888888888888,0
656896,"Rivera, Emmanuel","Bat",110,200,200,124,16.313,76,16.313,0.185,0.8,0.015
666624,"Morel, Christopher","Bat",139,425,425,273,16.315,152,16.315,0.2376470588235294,0.76,0.002352941176470588
642086,"Smith, Dominic","Bat",137,337,337,218,16.318,119,16.318,0.26409495548961426,0.7359050445103857,0
571771,"Hernández, Enrique","Bat",119,428,428,254,16.32,174,16.32,0.205607476635514,0.7873831775700935,0.007009345794392523
686894,"Wiemer, Joey","Bat",146,67,67,27,16.322,40,16.322,0.16417910447761194,0.835820895522388,0
672275,"Bailey, Patrick","Bat",137,724,724,415,16.326,309,16.326,0.17679558011049723,0.8121546961325967,0.011049723756906077
669016,"Marsh, Brandon","Bat",143,732,732,461,16.327,271,16.327,0.21174863387978143,0.7814207650273224,0.006830601092896175
695600,"Jensen, Carter","Bat",118,128,128,88,16.333,40,16.333,0.2734375,0.7265625,0
681082,"Stott, Bryson","Bat",143,1242,1242,737,16.337,505,16.337,0.18518518518518517,0.8083735909822867,0.00644122383252818
682988,"Locklear, Tyler","Bat",109,201,201,110,16.347,91,16.347,0.13432835820895522,0.8557213930348259,0.009950248756218905
669720,"Hays, Austin","Bat",113,598,598,370,16.349,228,16.349,0.1939799331103679,0.8043478260869565,0.0016722408026755853
608385,"Winker, Jesse","Bat",121,143,143,88,16.35,55,16.35,0.18181818181818182,0.8111888111888111,0.006993006993006993
681987,"Eaton, Nate","Bat",111,147,147,98,16.355,49,16.355,0.23129251700680273,0.7619047619047619,0.006802721088435374
687263,"Neto, Zach","Bat",108,885,885,648,16.356,237,16.356,0.24858757062146894,0.7412429378531074,0.010169491525423728
680737,"Helman, Michael","Bat",140,153,153,107,16.358,46,16.358,0.19607843137254902,0.7908496732026143,0.013071895424836602
680700,"Palacios, Richie","Bat",139,91,91,64,16.359,27,16.359,0.15384615384615385,0.8351648351648352,0.01098901098901099
602104,"Urías, Ramón","Bat",117,615,615,389,16.36,226,16.36,0.1967479674796748,0.7967479674796748,0.0065040650406504065
646240,"Devers, Rafael","Bat",137,1293,1293,810,16.36,483,16.36,0.20108275328692962,0.7935034802784223,0.005413766434648105
691783,"Lawlar, Jordan","Bat",109,123,123,82,16.36,41,16.36,0.2032520325203252,0.7886178861788617,0.008130081300813009
694212,"Basallo, Samuel","Bat",110,158,158,98,16.366,60,16.366,0.21518987341772153,0.7784810126582279,0.006329113924050633
642350,"Siri, Jose","Bat",121,72,72,44,16.368,28,16.368,0.16666666666666666,0.8333333333333334,0
676609,"Caballero, José","Bat",147,665,665,442,16.377,223,16.377,0.21804511278195488,0.7654135338345864,0.016541353383458645
656413,"Fairchild, Stuart","Bat",144,74,74,39,16.39,35,16.39,0.14864864864864866,0.8378378378378378,0.013513513513513514
543807,"Springer, George","Bat",141,1039,1039,669,16.411,370,16.411,0.2030798845043311,0.7940327237728585,0.0028873917228103944
607680,"Pillar, Kevin","Bat",140,59,59,45,16.416,14,16.416,0.23728813559322035,0.7627118644067796,0
669477,"Schmitt, Casey","Bat",137,535,535,319,16.419,216,16.419,0.18317757009345795,0.8130841121495327,0.003738317757009346
677951,"Witt Jr., Bobby","Bat",118,1003,1003,610,16.421,393,16.421,0.17647058823529413,0.8185443668993021,0.004985044865403789
643446,"McNeil, Jeff","Bat",121,670,670,442,16.43,228,16.43,0.18208955223880596,0.8074626865671641,0.010447761194029851
676044,"Seymour, Bob","Bat",139,106,106,76,16.437,30,16.437,0.19811320754716982,0.7924528301886793,0.009433962264150943
663731,"Kaiser, Connor","Bat",109,32,32,21,16.445,11,16.445,0.125,0.875,0
670224,"Misner, Kameron","Bat",139,406,406,235,16.448,171,16.448,0.16009852216748768,0.8374384236453202,0.0024630541871921183
571970,"Muncy, Max","Bat",119,803,803,441,16.454,362,16.454,0.16936488169364883,0.825653798256538,0.0049813200498132005
656185,"Allen, Greg","Bat",110,20,20,17,16.457,3,16.457,0.2,0.8,0
677942,"Alexander, Blaze","Bat",109,413,413,252,16.459,161,16.459,0.18886198547215496,0.801452784503632,0.009685230024213076
677008,"Kjerstad, Heston","Bat",110,234,234,166,16.462,68,16.462,0.20085470085470086,0.7991452991452992,0
592450,"Judge, Aaron","Bat",147,1198,1198,756,16.468,442,16.468,0.18614357262103506,0.8038397328881469,0.01001669449081803
686475,"Tolbert, Tyler","Bat",118,62,62,37,16.474,25,16.474,0.1935483870967742,0.8064516129032258,0
673237,"Diaz, Yainer","Bat",117,655,655,438,16.478,217,16.478,0.19389312977099238,0.8015267175572519,0.004580152671755725
693409,"Prieto, César","Bat",138,8,8,5,16.479,3,16.479,0.25,0.75,0
572233,"Walker, Christian","Bat",117,990,990,571,16.479,419,16.479,0.16363636363636364,0.8292929292929293,0.007070707070707071
691185,"Acosta, Maximo","Bat",146,117,117,72,16.48,45,16.48,0.17094017094017094,0.8034188034188035,0.02564102564102564
701350,"Anthony, Roman","Bat",111,636,636,401,16.488,235,16.488,0.22327044025157233,0.7704402515723271,0.006289308176100629
676116,"Noda, Ryan","Bat",110,121,121,82,16.493,39,16.493,0.18181818181818182,0.8099173553719008,0.008264462809917356
669224,"Wells, Austin","Bat",147,719,719,435,16.498,284,16.498,0.1808066759388039,0.8122392211404729,0.006954102920723227
665966,"Narváez, Carlos","Bat",111,756,756,446,16.501,310,16.501,0.2037037037037037,0.7936507936507936,0.0026455026455026454
668939,"Rutschman, Adley","Bat",110,706,706,458,16.51,248,16.51,0.1671388101983003,0.8201133144475921,0.012747875354107648
663728,"Raleigh, Cal","Bat",136,1034,1034,637,16.516,397,16.516,0.18085106382978725,0.8123791102514507,0.006769825918762089
656577,"Jackson, Alex","Bat",110,159,159,95,16.525,64,16.525,0.22641509433962265,0.7672955974842768,0.006289308176100629
681546,"Outman, James","Bat",142,249,249,154,16.557,95,16.557,0.17269076305220885,0.8273092369477911,0
622268,"Walton, Donovan","Bat",143,10,10,3,16.566,7,16.566,0.1,0.9,0
700250,"Rice, Ben","Bat",147,983,983,607,16.578,376,16.578,0.1617497456765005,0.8341810783316378,0.004069175991861648
607732,"Stallings, Jacob","Bat",110,174,174,86,16.586,88,16.586,0.13793103448275862,0.8563218390804598,0.005747126436781609
596115,"Story, Trevor","Bat",111,924,924,581,16.625,343,16.625,0.19047619047619047,0.801948051948052,0.007575757575757576
647304,"Naylor, Josh","Bat",136,712,712,422,16.633,290,16.633,0.15589887640449437,0.8202247191011236,0.023876404494382022
656941,"Schwarber, Kyle","Bat",143,1425,1425,828,16.635,597,16.635,0.18105263157894738,0.8056140350877193,0.013333333333333334
670541,"Alvarez, Yordan","Bat",117,396,396,273,16.66,123,16.66,0.17929292929292928,0.8207070707070707,0
672012,"Black, Tyler","Bat",158,19,19,9,16.664,10,16.664,0.21052631578947367,0.7894736842105263,0
543510,"McCann, James","Bat",109,210,210,143,16.668,67,16.668,0.2,0.780952380952381,0.01904761904761905
592663,"Realmuto, J.T.","Bat",143,942,942,556,16.678,386,16.678,0.13694267515923567,0.8609341825902336,0.0021231422505307855
701305,"Dezenzo, Zach","Bat",117,212,212,129,16.68,83,16.68,0.18396226415094338,0.8113207547169812,0.0047169811320754715
686452,"Millas, Drew","Bat",120,88,88,48,16.68,40,16.68,0.23863636363636365,0.7613636363636364,0
687637,"Beavers, Dylan","Bat",110,303,303,209,16.681,94,16.681,0.18151815181518152,0.8151815181518152,0.0033003300330033004
686554,"Dunn, Oliver","Bat",158,71,71,54,16.718,17,16.718,0.16901408450704225,0.8309859154929577,0
596117,"Stubbs, Garrett","Bat",143,1,1,1,16.724,,16.724,0,1,0
678225,"Bae, Ji Hwan","Bat",134,42,42,29,16.727,13,16.727,0.19047619047619047,0.8095238095238095,0
663624,"Mountcastle, Ryan","Bat",110,490,490,292,16.738,198,16.738,0.14081632653061224,0.8408163265306122,0.018367346938775512
641856,"McKinney, Billy","Bat",140,42,42,35,16.741,7,16.741,0.047619047619047616,0.9523809523809523,0
592178,"Bryant, Kris","Bat",115,70,70,46,16.794,24,16.794,0.15714285714285714,0.8285714285714286,0.014285714285714285
514888,"Altuve, Jose","Bat",117,971,971,567,16.795,404,16.795,0.12873326467559218,0.8661174047373842,0.005149330587023687
683357,"Caissie, Owen","Bat",112,35,35,23,16.796,12,16.796,0.14285714285714285,0.8571428571428571,0
605113,"Ahmed, Nick","Bat",140,10,10,5,16.805,5,16.805,0.2,0.8,0
680769,"Alexander, CJ","Bat",133,24,24,18,16.81,6,16.81,0.20833333333333334,0.7916666666666666,0
701398,"Stewart, Sal","Bat",113,82,82,56,16.823,26,16.823,0.15853658536585366,0.8292682926829268,0.012195121951219513
665742,"Soto, Juan","Bat",121,1441,1441,888,16.83,553,16.83,0.16863289382373353,0.8216516308119362,0.009715475364330326
672279,"Siani, Michael","Bat",138,31,31,24,16.894,7,16.894,0.1935483870967742,0.8064516129032258,0
572138,"Singleton, Jon","Bat",117,9,9,5,16.897,4,16.897,0.1111111111111111,0.8888888888888888,0
663967,"Salazar, César","Bat",117,17,17,11,16.904,6,16.904,0.11764705882352941,0.8823529411764706,0
676801,"McCormick, Chas","Bat",117,141,141,80,16.918,61,16.918,0.16312056737588654,0.8368794326241135,0
674441,"Hurtubise, Jacob","Bat",113,29,29,13,16.919,16,16.919,0.10344827586206896,0.896551724137931,0
666915,"Dalbec, Bobby","Bat",145,42,42,26,16.994,16,16.994,0.21428571428571427,0.7857142857142857,0
677060,"Stevens, Chad","Bat",108,18,18,12,16.994,6,16.994,0.2222222222222222,0.7777777777777778,0
663757,"Grisham, Trent","Bat",147,1154,1154,801,17.014,353,17.014,0.14471403812824957,0.8483535528596187,0.006932409012131715
622534,"Margot, Manuel","Bat",116,29,29,20,17.125,9,17.125,0.27586206896551724,0.7241379310344828,0
671213,"Casas, Triston","Bat",111,169,169,115,17.127,54,17.127,0.14201183431952663,0.8520710059171598,0.005917159763313609
702358,"Lipscomb, Trey","Bat",120,7,7,5,17.161,2,17.161,0.14285714285714285,0.8571428571428571,0
687529,"McCray, Grant","Bat",137,39,39,22,17.207,17,17.207,0.1794871794871795,0.8205128205128205,0
675915,"Bañuelos, David","Bat",110,3,3,3,17.244,,17.244,0,1,0
676466,"Winkler, Jack","Bat",146,34,34,24,17.375,10,17.375,0.23529411764705882,0.7352941176470589,0.029411764705882353
663656,"Tucker, Kyle","Bat",112,1045,1045,679,17.407,366,17.407,0.0660287081339713,0.9282296650717703,0.005741626794258373
691011,"Romo, Drew","Bat",115,4,4,3,17.584,1,17.584,0,1,0
553882,"Narváez, Omar","Bat",145,19,19,5,17.605,14,17.605,0.10526315789473684,0.8421052631578947,0.05263157894736842
685744,"Corona, Kenedy","Bat",117,11,11,9,17.61,2,17.61,0.09090909090909091,0.9090909090909091,0
672642,"Berroa, Steward","Bat",158,14,14,12,17.647,2,17.647,0.07142857142857142,0.9285714285714286,0
669398,"Workman, Gage","Bat",145,17,17,11,18.067,6,18.067,0.23529411764705882,0.7647058823529411,0
691373,"Garcia, Jhostynxon","Bat",111,20,20,16,18.205,4,18.205,0.1,0.9,0
592696,"Rosario, Eddie","Bat",144,7,7,5,18.771,2,18.771,0.14285714285714285,0.8571428571428571,0
695670,"Ford, Harry","Bat",136,12,12,7,19.559,5,19.559,0.08333333333333333,0.9166666666666666,0
681909,"Dean, Justin","Bat",119,5,5,4,20.039,1,20.039,0,1,0
669194,"Nelson, Ryne","Bat",109,2,2,,,2,,0,1,0
542963,"Brantly, Rob","Bat",146,4,4,,,4,,0.25,0.75,0
641302,"Alexander, Tyler","Bat",145,1,1,,,1,,0,1,0
829272,"Ogasawara, Shinnosuke","Bat",120,2,2,,,2,,0,1,0
607067,"Rea, Colin","Bat",112,1,1,,,1,,1,0,0
679631,"Vavra, Terrin","Bat",110,1,1,,,1,,0,1,0
683004,"Leiter, Jack","Bat",140,2,2,,,2,,0.5,0.5,0
642020,"Robinson, Chuckie","Bat",119,1,1,,,1,,0,1,0