"pitcher","pitcher_name","pitch_hand","n_pitches","team_id","ball_angle","relative_release_ball_x","release_ball_z","relative_shoulder_x","shoulder_z"
434378,,"R",2608,137,"55.2",-1.2552690968938744,7.100084355828221,0.160509351898177,5.057793650074363
445276,,"R",867,108,"52.6",-1.1475166653666427,6.340911188004614,0.33895733788115223,4.397376129913011
445926,,"R",171,144,"21.1",-2.125787446250982,5.010350877192982,-0.14328041352638876,4.2440294706612045
448179,,"L",171,118,"35.5",2.3052994357261034,5.383918128654971,0.43362091086301613,4.03749546079995
450203,,"R",2512,9999,"21.1",-2.6282574963473464,5.355453821656051,-0.29067004765716364,4.451435468964656
453286,,"R",1390,141,"33.1",-2.1957902932491704,5.626553956834532,-0.29345009797509586,4.383412255799638
455119,,"R",638,140,"41.4",-1.93723093394603,6.161347962382445,-0.10757021342877421,4.544759579149414
458677,,"L",816,111,"51.6",1.2670792807502105,6.369387254901961,-0.17186934330327497,4.555379567080843
471911,,"R",778,9999,"34.5",-2.0855681412953024,5.881375321336761,-0.17851955675001946,4.56853271941401
472610,,"R",896,9999,"44.0",-1.7268751009577317,6.211897321428571,-0.12292083393016298,4.665614009183219
476594,,"R",59,111,"5.5",-2.56126900246043,4.5530508474576274,-0.5010861627239495,4.358541072237832
477132,,"L",1768,119,"55.7",1.137604738152653,6.059485294117647,-0.11104481034392366,4.226807536840322
489119,,"L",205,113,"49.6",1.5829275158590954,6.172439024390244,0.11615206295378462,4.447391710360419
489446,,"R",762,119,"19.0",-2.3542686994135504,5.1489107611548555,-0.3821551324968069,4.469794442923913
493603,,"R",42,147,"24.7",-2.6925092496716054,5.3880952380952385,-0.5006418109668109,4.379316687887276
500779,,"L",2174,158,"41.6",1.8917294286296595,5.734392824287029,0.2061587727346521,4.238435241560035
502043,,"R",280,110,"44.0",-1.716346343851325,6.266607142857143,-0.01654354882862235,4.6223161888846445
502085,,"R",304,143,"43.3",-1.4649904963421407,5.911875,0.027419126149263506,4.507871000152454
506433,,"R",1157,135,"30.8",-2.052461424738924,5.333949870354365,-0.30885095689725567,4.303245658681481
518397,,"L",313,9999,"35.3",1.964054859285997,5.594057507987221,0.18281496956028997,4.331533971741471
518489,,"R",404,112,"38.5",-1.8745147707595735,5.683762376237624,-0.21020810014825012,4.360978378426078
518585,,"R",792,147,"48.7",-1.4769021783793044,6.018863636363636,-0.01655219102792632,4.353802078269324
518876,,"R",2832,9999,"23.8",-2.295629784385351,5.478255649717514,-0.2608682371446267,4.579793028112632
518886,,"R",230,9999,"23.3",-2.230058010840146,4.8593913043478265,-0.35597677671859257,4.0529172560644815
519008,,"L",272,133,"13.8",2.9154586409397325,5.379926470588235,0.6424319322113873,4.8217929878368455
519141,,"L",800,112,"39.3",1.899044975207991,6.2173375,0.03840499364973262,4.692659704545455
519151,,"R",661,112,"55.7",-1.1393723721921767,5.897413010590015,0.17513827871129198,3.968252863645802
519242,,"L",2031,144,"8.3",3.2805820360899385,4.8675529295913345,0.9098423813686435,4.519881097840864
519326,,"R",332,108,"34.8",-2.0732010280880595,5.960722891566265,-0.14872772131305972,4.619523998400017
521230,,"R",232,111,"47.1",-1.7076262392503827,5.840172413793104,-0.20699476611961398,4.225900179789784
527048,,"L",902,145,"46.5",1.5709766081043806,5.680465631929047,-0.007411607894518423,4.014827392484912
534910,,"R",79,136,"25.2",-2.447748460087477,5.672911392405063,-0.3828633340102439,4.699410195401521
541640,,"R",158,142,"32.5",-2.087947361833901,5.255506329113924,-0.31515917552291345,4.12225986202306
542881,,"L",2333,108,"54.6",1.0876391762643187,6.291513073296185,-0.20769946757099753,4.459138449266626
542888,,"R",1116,140,"41.0",-1.9182162016665505,5.779928315412186,-0.18471751241063386,4.272666281968962
543056,,"L",719,9999,"57.1",0.8911410073854291,6.087607788595271,-0.2946586308970421,4.250021891540786
543101,,"R",634,109,"34.8",-1.738845192032483,5.475299684542587,0.012338762040520243,4.2581548670973985
543135,,"R",1916,140,"32.4",-2.615676117828511,5.401221294363257,-0.6128347492175842,4.126951921198352
543243,,"R",2718,138,"47.6",-1.2920980886415414,5.5599521707137605,0.14742550462421908,3.983655176259413
543294,,"R",2571,108,"42.6",-1.7834868251679208,6.084558537534034,-0.008179262076458173,4.449326292057787
543391,,"R",24,109,"52.5",-1.247367244440287,6.5408333333333335,0.18660998960190137,4.668302365567439
543518,,"R",297,9999,"45.9",-1.448913825763598,5.946363636363636,0.030343030723155497,4.42091715701279
543859,,"R",397,142,"14.3",-2.9354844759845955,5.312468513853904,-0.6020319753319234,4.717480720151583
544150,,"R",173,110,"40.7",-1.7532468988590553,6.294104046242775,0.039721977167114876,4.751760788950367
547001,,"R",68,110,"36.8",-1.8695422791695415,6.156617647058823,-0.08832699748348537,4.823189772727273
547179,,"R",2318,118,"41.1",-1.6999019796699855,5.761345987920621,0.04774226521418827,4.232532277425834
547184,,"R",658,133,"34.8",-1.9040405069431128,6.133723404255319,-0.007338740254322232,4.813015712687396
547973,,"L",917,111,"52.4",1.3020081041431482,6.194362050163577,-0.17797075987924663,4.271201429718314
548384,,"L",367,121,"30.7",2.277310820316867,5.552397820163487,0.27166678687823903,4.360458600348735
552640,,"R",768,9999,"40.9",-1.675205838008747,5.875611979166667,0.00691670693608883,4.421200322387477
554340,,"R",358,141,"27.1",-2.4815752033770444,5.2074301675977654,-0.2783752803254364,4.080909784502933
554430,,"R",2389,143,"23.2",-2.7022149100472044,5.162699874424446,-0.4378716164924054,4.190970747461814
554431,,"L",127,147,"45.4",1.6724657095721631,5.968110236220473,-0.011180000561427136,4.2547595597007595
570632,,"R",934,9999,"29.5",-2.322577055609869,5.670182012847966,-0.22443448806620175,4.485157941424575
571510,,"L",2744,112,"25.2",2.5794445768627154,5.458483965014577,0.3463481128490357,4.408286328654839
571578,,"L",2584,140,"36.6",1.8981499122382437,6.171184210526316,0.021672665118679046,4.776591958121554
571760,,"L",2076,9999,"24.6",2.481160598657254,4.805370905587669,0.41086161770716345,3.8550176238756144
571771,,"R",51,119,"64.7",-1.0143111153532394,6.792745098039216,-0.028013765684526886,4.708037050435148
571912,,"R",2,118,"29.4",-2.311184504476606,6.025,-0.3141856060606061,4.901206060606061
571927,,"L",1159,9999,"34.5",2.005212071920747,5.709637618636756,0.09816965690503984,4.39937297089045
571945,,"R",2480,138,"42.8",-1.971728160742249,6.504350806451613,-0.11477579901242023,4.784091844344776
571946,,"R",704,9999,"43.9",-1.5985269704543388,5.367542613636363,0.012976207639564093,3.8153452407176713
571948,,"L",1157,140,"-6.0",2.9165420529656907,4.1706395851339675,0.703979466534787,4.403394221409786
572955,,"R",968,144,"39.2",-1.9055946107238169,6.203729338842975,-0.15377008653010416,4.771146719719067
573009,,"L",191,109,"15.8",2.81471488951686,5.218795811518325,0.4842561511325139,4.559642072869129
573124,,"L",893,9999,"29.4",1.8934755843621864,5.6357222844344905,-0.17004827884935914,4.472564928249626
573186,,"R",704,147,"33.2",-1.8945069521829092,5.252428977272728,-0.18165915433580457,4.132878217291565
573204,,"L",839,112,"55.6",0.8933933966914784,6.148164481525626,-0.4105166483951908,4.244517096471268
573262,,"L",9,137,"52.3",1.4164375786667636,6.26,0.15789448405624873,4.627749574173103
579328,,"L",3094,108,"36.5",1.8951155329191645,5.383448610213316,0.13133432432619283,4.080591543375886
592094,,"R",1086,135,"37.6",-1.9607060886585532,6.391648250460405,-0.04031304735689687,4.911827985411476
592155,,"L",571,145,"36.4",1.9675649878640509,5.756287215411558,0.2137408104429481,4.466311270685635
592254,,"R",101,111,"26.0",-2.3424048084833884,4.718712871287129,-0.3434352499955878,3.744530295970774
592332,,"R",3030,141,"36.6",-2.034580733679949,5.735277227722772,-0.11835839816334574,4.309230247142361
592351,,"R",210,140,"28.1",-2.221027904722266,5.388904761904762,-0.18516267040149392,4.301316247347424
592426,,"R",782,9999,"51.1",-1.2853804363577184,6.324872122762148,0.1924642850955774,4.4920435025370296
592454,,"R",1035,116,"32.6",-2.0173605541467583,5.535101449275363,-0.076846233003522,4.294147377095766
592662,,"L",3069,137,"45.7",1.6443389627911822,6.1754610622352555,0.03857949630280147,4.53125368511752
592773,,"R",1063,121,"49.5",-1.2100959434842968,6.498099717779868,0.362788576289149,4.657149636702368
592779,,"R",610,9999,"25.3",-2.316916119213613,5.3254590163934425,-0.1700413940270594,4.31216757999474
592791,,"R",1979,112,"46.4",-1.5281296346621112,6.15543708943911,0.06442090510971259,4.476874241433447
592836,,"R",2061,143,"40.8",-1.9383719218747801,6.494687045123726,-0.1300896496863489,4.933270419539171
592866,,"R",1448,120,"16.3",-2.7420821613939244,4.947203038674033,-0.4924476285441349,4.287036445315193
593423,,"R",708,121,"47.0",-1.4682135862603083,6.067118644067796,0.13335100179260198,4.348497467320262
593576,,"R",547,9999,"38.7",-1.7659559316277713,6.0326691042047536,0.054587371401942864,4.575576312050497
593833,,"R",142,144,"36.0",-2.576897710545029,5.805281690140845,-0.7798342384072707,4.500770325249178
593958,,"L",2588,109,"40.3",1.9317556425846087,5.909617465224112,0.12998096610711166,4.38319407242945
593974,,"L",1137,135,"45.1",1.495877542922247,6.082656112576957,-0.1507637617052098,4.427998124344485
594580,,"L",332,113,"13.3",2.2511981891789703,4.882560240963856,0.09662092729205592,4.370830217662093
594798,,"R",2613,140,"31.2",-2.1429133730760084,5.4926406429391506,-0.05274008252989815,4.2238567192830585
594902,,"R",668,114,"36.9",-1.7808834726659954,5.11812874251497,-0.10195970612251433,3.855937409672633
595014,,"R",511,119,"32.9",-2.1890079631274455,6.27187866927593,-0.0806124332422882,4.906744653104081
595345,,"L",1049,117,"34.7",2.402291507790581,5.91,0.44175067511882127,4.548802378804022
595897,,"R",83,111,"14.4",-2.6861904407034927,5.222168674698795,-0.30542124863088715,4.609063676094753
595928,,"R",545,109,"41.7",-1.7633538595215459,6.345981651376147,-0.09569549886343195,4.860102035519796
596001,,"R",1032,114,"27.5",-2.297717074277017,5.580077519379845,-0.2629331456666528,4.521326459188327
596112,,"R",147,108,"48.6",-1.4360716057920189,6.13795918367347,0.12900571258806554,4.358540241551166
596133,,"R",1049,147,"47.1",-1.3818518636017612,5.586939942802669,0.15689534902096725,3.9297125343889183
596271,,"R",276,9999,"19.6",-2.6235314477618794,5.1165942028985505,-0.5149311713684156,4.365100866400579
596295,,"L",999,115,"53.2",1.0658016964696297,6.605875875875876,-0.32967202469849527,4.739223483197993
600917,,"R",228,133,"38.8",-1.48506702097938,5.873640350877193,0.29304277175782595,4.444728156174751
601713,,"R",2850,135,"56.2",-1.0154707553294051,6.784098245614035,0.2849311597085405,4.840509872220658
605130,,"R",1272,113,"22.6",-2.475614011402755,5.201194968553459,-0.33042058977679123,4.307045517466563
605135,,"R",2829,141,"32.0",-2.256179404968115,5.4469247083775185,-0.06211663884809041,4.074209031428375
605154,,"R",459,9999,"38.7",-1.723200164018667,5.722047930283225,0.01100315127437388,4.330398360187806
605177,,"L",614,9999,"51.7",1.4810974377678001,6.568876221498371,0.04609541070796101,4.745869061180883
605182,,"R",114,145,"41.0",-1.7760677275031542,5.604298245614035,-0.0198030045032367,4.076408454514182
605218,,"R",65,9999,"56.6",-0.8733778653870644,6.553384615384616,0.35502185931715347,4.693021010558069
605242,,"R",90,9999,"41.7",-1.6899770372294516,6.024666666666667,0.01159040701128936,4.511413222420281
605280,,"R",2671,121,"43.6",-1.7729182748978425,6.464193186072632,0.03223820322724236,4.746152938840694
605288,,"R",1864,9999,"36.5",-2.039569987689464,5.723540772532189,-0.13309740280232266,4.311609873922257
605347,,"R",386,120,"40.1",-1.632391146786728,5.948367875647668,0.10370651316579388,4.485047783611797
605400,,"R",1568,143,"19.7",-2.3965203753300024,5.05344387755102,-0.22950912813989233,4.2758933562629595
605447,,"R",701,143,"49.9",-1.42820727030753,6.113281027104137,0.11167596634296308,4.285708638792049
605452,,"R",862,143,"34.6",-2.000221273880533,5.8208584686774945,-0.14257262625573325,4.540322219499485
605463,,"R",536,9999,"12.9",-2.855099998910499,4.717574626865671,-0.6496438600779525,4.2138433303070215
605483,,"L",1028,119,"56.0",1.1402111626039582,6.516284046692607,-0.20292376627340006,4.528401990001873
605488,,"L",2847,133,"43.2",1.6005944590760475,6.075767474534598,-0.015857445464375352,4.556783508424604
605507,,"R",60,144,"47.8",-1.5766868588200713,6.649333333333333,0.09321535947712419,4.806399284016637
605513,,"R",125,141,"24.0",-2.6109206287311477,5.60768,-0.3585902638146167,4.6046510452762925
605540,,"R",964,158,"43.9",-1.5825540391872892,5.953744813278008,0.036002080143637996,4.398387335337756
606160,,"R",1088,9999,"34.0",-1.9323403336471419,5.023005514705883,-0.03589091269529202,3.742429818240799
606303,,"R",449,9999,"30.2",-1.9860795139115965,5.6319153674832965,0.06997031132760859,4.434023504797748
606930,,"R",146,141,"42.2",-1.5986603780591764,5.641849315068494,0.18131015554416038,4.025996466681318
606965,,"R",262,121,"37.7",-1.8765470778497062,6.260458015267176,-0.026330605788463874,4.831183426882204
606996,,"L",691,135,"34.6",2.077291525599019,5.5654558610709115,0.10752832057701386,4.207025450469623
607067,,"R",2533,112,"30.4",-2.0784298843964715,5.570505329648638,-0.15512401614200574,4.4414554800695
607074,,"L",3210,147,"44.4",1.800911662174558,6.350417445482866,0.06804086472198623,4.654143873590217
607179,,"R",98,117,"49.2",-1.006592770497136,6.042040816326531,0.5440314107461166,4.242548409363746
607192,,"R",1480,119,"56.1",-1.1491685852154245,5.968324324324325,0.18335245989304813,3.9805824629040805
607200,,"R",2369,9999,"34.9",-1.9214445156264217,5.823993246095399,0.008885838207265715,4.474031290683509
607259,,"R",2576,113,"57.8",-0.8769047581448076,6.180151397515528,0.3221687823844953,4.273989776706137
607455,,"L",1065,119,"34.6",2.0317670731263062,5.521286384976526,0.05053408936088307,4.151095658323082
607481,,"L",932,144,"10.7",2.5358652758526046,5.239077253218884,0.26346398560204415,4.810274663862814
607536,,"L",2477,115,"28.3",2.120763647112423,5.735111021396851,0.11356351204701796,4.654319809592278
607625,,"R",2380,118,"31.6",-2.253212180765103,5.5731134453781515,-0.19463728280082085,4.302167883094414
607732,,"R",9,115,"32.0",-2.2634260697259365,6.365555555555556,-0.5006960685284214,5.22134605862547
608032,,"R",1043,118,"41.5",-1.6355618823497855,5.969060402684564,0.21224141402747798,4.336124753171555
608331,,"L",3109,147,"46.1",1.5894061802947044,6.017266001929881,-0.09988009805928277,4.265398647133932
608334,,"R",456,108,"35.0",-2.138198421214791,5.552719298245614,-0.32237795016730775,4.282036998858555
608337,,"R",2365,111,"52.1",-1.4697333247488364,6.2975771670190275,0.024789555158600055,4.377825190406742
608371,,"R",279,120,"40.0",-1.5727394175353464,5.719032258064516,0.13008902880800416,4.291087330611619
608372,,"R",2564,110,"40.9",-1.872912126249429,5.994656786271451,-0.16520427804010557,4.516294674966143
608379,,"R",2659,118,"50.9",-1.262355206845343,6.5181948100789775,0.18547963382693158,4.733458887717965
608566,,"R",2085,115,"40.6",-1.8390911863342372,6.156470023980815,-0.07663212206705224,4.643610724725033
608650,,"L",741,9999,"48.9",1.2059268252913544,6.300377867746289,-0.25440587657956076,4.627413047959952
608665,,"R",324,109,"42.0",-1.695996802244331,5.744753086419753,0.011173052694703027,4.209571245406131
608671,,"R",4,121,"67.1",-0.8468533763603255,7.5975,0.06980102495543672,5.431012121212121
608717,,"R",411,9999,"36.6",-1.8962465784823224,5.9145985401459855,0.0259243148531255,4.484854789847812
608718,,"L",1114,113,"51.0",1.3383298064406013,6.086149012567325,0.03699513788214812,4.477006227498344
612434,,"R",105,145,"11.5",-2.8716193967465333,4.953619047619048,-0.44193448858331214,4.4571835073423305
614179,,"R",302,9999,"45.2",-1.5874831470390662,6.364370860927152,0.08475621879094805,4.679035879047586
615698,,"R",2002,9999,"44.6",-1.57148041671127,6.328111888111888,0.16221573471092188,4.620476495563261
620443,,"R",1,121,"35.5",-2.2495277342604627,6.42,-0.4275,5.120963636363636
620454,,"L",543,9999,"39.3",1.9705603822960929,5.9998342541436465,0.08127929982306,4.45066954481441
621028,,"R",5,108,"24.5",-2.3315169521019357,5.984,-0.43790007130124775,5.124797575757576
621051,,"R",974,145,"47.7",-1.6221451627732557,5.866457905544148,-0.13553112832028463,4.232352381436054
621053,,"R",990,133,"27.7",-2.70450264695096,5.919808080808081,-0.5900902205657286,4.809262170276742
621057,,"R",83,121,"45.5",-1.4569364345938387,5.696385542168675,0.053004400489659174,4.158641474990873
621107,,"R",1125,110,"23.8",-2.7327032692463162,5.555591111111111,-0.4756929620122797,4.559148209308774
621111,,"R",2188,9999,"42.6",-1.6457124792178688,5.485786106032907,-0.13071399800239192,4.091710927128039
621112,,"R",666,9999,"41.7",-1.8136159039837898,5.859174174174174,-0.08109856019120726,4.312769978133214
621114,,"R",39,141,"58.5",-1.0288364631376323,6.326666666666667,0.17366790301202067,4.361682586041409
621121,,"R",1147,117,"24.8",-2.474049784882574,5.117253705318221,-0.40677339980138844,4.16058728854782
621139,,"R",381,9999,"45.6",-1.4475290630822495,6.096062992125984,0.08496068278898293,4.5284629214797345
621199,,"R",446,110,"30.2",-1.9166010786619212,5.575201793721973,-0.2045857619321679,4.576463926524544
621237,,"L",457,143,"59.1",0.8697960767987974,6.505733041575493,-0.4244683819141343,4.341094380151105
621242,,"R",1067,121,"19.2",-2.817543388132431,4.934367385192128,-0.7362137385208833,4.206977382569284
621244,,"R",2584,141,"38.7",-2.2064635001286974,5.649655572755418,-0.38531114237209096,4.190301211624532
621345,,"L",185,121,"41.4",1.7309264863242355,5.642648648648649,0.13897248398130752,4.241305024329142
621363,,"L",244,9999,"55.7",1.2084458297854836,6.161516393442623,-0.019786275240349493,4.365006556281231
621366,,"L",594,9999,"28.1",2.2532272689731685,5.631077441077441,0.1714422020262038,4.51855060453015
621381,,"L",993,143,"30.8",2.158988788946287,5.36877139979859,0.045086662340483204,4.109133922394372
621383,,"L",1083,143,"48.2",1.7560271342640832,6.40258541089566,0.16347138510738804,4.620125187264531
621512,,"R",9,116,"44.7",-1.5078393345538048,6.724444444444444,0.0010024361259655368,5.229841760744702
622253,,"R",139,141,"20.6",-2.4383514464912754,5.155179856115108,-0.31087445401967195,4.355586529706716
622379,,"R",168,136,"12.6",-3.061728279259778,4.839166666666666,-0.6827189781215517,4.308603777268483
622491,,"R",2884,136,"15.0",-2.4731698823192914,5.053075589459085,-0.1496611326613611,4.429314794916201
622503,,"R",534,109,"35.7",-2.1437818802200757,5.681441947565543,-0.3128222233905479,4.3668539556169765
622554,,"R",1101,9999,"31.6",-2.0019236816808013,5.597093551316984,-0.05166594661149077,4.400118109286486
622608,,"R",2283,115,"42.9",-1.9534058028112693,6.105532194480946,-0.2342693237546681,4.509485699344844
622663,,"R",2731,133,"39.5",-1.5791208572175388,5.936034419626511,0.07143776221516868,4.574834578983886
622780,,"L",72,133,"40.2",1.747795612786704,6.356944444444444,-0.1513627463359081,4.749045845712022
622786,,"R",304,146,"21.0",-2.4270241433218356,5.1401315789473685,-0.24771456838118022,4.3038315106365514
623149,,"R",317,9999,"15.8",-2.674866333944339,4.435268138801262,-0.655076946867075,3.860568890894471
623167,,"R",673,112,"64.9",-0.611685195065457,6.816166419019316,0.3631384244066396,4.73246659608055
623211,,"R",1011,121,"36.4",-2.1461008302207767,5.856913946587537,-0.04011943990436747,4.301571178092674
623352,,"L",847,117,"28.6",2.3391255318188033,5.5648760330578515,0.2538069595531676,4.428567088202674
623433,,"R",241,115,"46.3",-1.4118793592205887,6.41253112033195,0.1860248215619707,4.742071469515758
623437,,"R",979,142,"10.4",-2.8426950525250314,4.987671092951992,-0.49982722402174723,4.556037463926048
623465,,"R",92,119,"26.7",-2.156436085631113,5.51304347826087,-0.12365775691699606,4.489761859645044
623474,,"R",1281,115,"4.7",-2.9042826692567565,5.08536299765808,-0.5965430114619121,4.891463659949822
624133,,"L",2430,143,"36.9",1.890081026244005,5.805061728395062,0.06746454728842528,4.433989431130477
624431,,"R",12,113,"47.8",-1.6597411527096926,6.59,-0.2931393345216875,5.0856349747474745
624512,,"R",17,112,"61.1",-1.190308986080096,7.647647058823529,-0.03553522596204256,5.5471955594002305
625643,,"R",94,144,"40.6",-1.7432717970943985,5.728297872340425,-0.1829182330185459,4.391894264611067
628317,,"R",170,116,"40.5",-1.8626587100147523,5.7471764705882356,-0.13815413022963197,4.275145600293594
628452,,"R",963,144,"30.7",-2.401546764301873,5.466552440290758,-0.3528199839701764,4.249451721262469
640448,,"R",846,9999,"50.0",-1.0517316518410613,5.685862884160756,0.3527716160351955,4.00779445129223
640451,,"R",167,118,"43.7",-1.413456213877247,5.815029940119761,0.20606541889483065,4.2685540026898074
640454,,"L",71,133,"27.6",2.372442614350251,6.005211267605634,0.22917594336069896,4.883650356506239
640455,,"L",1095,121,"15.8",3.236799133888225,5.130109589041096,0.9502427205170154,4.481760006592924
640462,,"L",156,109,"26.5",2.3828496591462973,5.5532051282051285,0.11244243566890626,4.420498223182046
640902,,"R",9,133,"33.5",-1.9778458132873031,5.958888888888889,-0.15537595563477913,4.754735026737968
641154,,"R",1258,142,"35.4",-2.2013121953481654,5.51956279809221,-0.23147933142327606,4.1200541985836105
641302,,"L",1585,9999,"32.6",2.180624561827637,5.429943217665615,0.22536157115785804,4.176510961498451
641312,,"R",216,108,"44.9",-1.654783112778801,6.069351851851852,-0.15548493307255562,4.575146178286129
641329,,"R",1102,9999,"54.3",-1.1400758380372855,6.587994555353902,0.3372282228713957,4.530646170631262
641343,,"L",3,158,"54.5",1.0314419103979449,6.8933333333333335,-0.2622140819964349,5.0836696969696975
641386,,"L",187,133,"33.4",2.039205067334134,6.045187165775401,-0.04627644771082959,4.6688151095732415
641401,,"R",839,108,"30.6",-2.095791282901201,5.704648390941597,-0.06708857002330676,4.506657281820519
641482,,"L",598,9999,"51.2",1.4998377248860881,5.720886287625418,0.2240654777660532,4.135047853510513
641540,,"R",371,9999,"39.2",-1.8483984200648271,5.71099730458221,-0.029643584809567053,4.224589894105155
641585,,"R",76,117,"40.4",-1.4321503461169136,5.3921052631578945,0.04527542569659442,4.133303343418707
641656,,"R",641,147,"36.2",-1.8054782359710737,5.883447737909516,0.01736604152936171,4.54595438875309
641658,,"R",3,138,"58.2",-1.613729687161502,6.68,-0.5040067736185384,4.890592632204397
641672,,"R",585,9999,"42.1",-1.6771884704746276,5.719418803418804,0.03461163078751314,4.171322017612018
641745,,"R",1113,112,"47.0",-1.4844976254378246,6.352066486972148,0.15054206781626314,4.59906862168538
641755,,"R",1225,9999,"45.8",-1.4242280871836446,6.51614693877551,0.15805758223289315,4.885044452981193
641778,,"L",1682,141,"38.6",1.5977007545069184,6.084964328180737,-0.24978672422271253,4.604150753919555
641793,,"R",2787,9999,"39.3",-2.0115855248864563,6.122034445640473,-0.2610318489459913,4.686458920107169
641816,,"R",1381,140,"41.1",-1.892631728145067,5.618877624909486,-0.23517343273429442,4.1723585118768725
641835,,"L",301,9999,"40.3",2.0356520433322842,6.1881063122923585,0.17880099756604545,4.611879745471127
641927,,"R",2354,142,"31.5",-2.359747975721502,5.932812234494477,-0.2361724407350026,4.627110922736284
641941,,"R",1066,113,"42.5",-1.5436632040012226,5.600975609756097,0.15151491975265288,4.048056738252183
642016,,"R",255,143,"34.6",-2.058734616365833,6.107882352941177,-0.12916431966726086,4.777350522526301
642048,,"L",203,136,"25.4",2.4787965825627776,5.503300492610838,0.24932554507696494,4.443271824591906
642100,,"L",920,136,"27.8",2.0165633899360778,5.343684782608696,0.07777068181818182,4.319546831066419
642121,,"R",387,139,"41.7",-1.6927022438707413,5.739560723514212,-0.10517044590916,4.323368756189344
642152,,"R",841,9999,"34.8",-2.049854175107956,6.072033293697978,-0.11413286152424433,4.725124295730615
642207,,"R",1114,147,"21.0",-2.443868845787221,5.260430879712747,-0.46983838482512313,4.507977726120642
642216,,"R",171,147,"28.5",-2.1807598594777278,5.599122807017544,-0.11938190105388248,4.479710958397181
642232,,"L",1017,147,"13.0",3.241339449550072,5.037148475909538,0.9307659005463275,4.503181169319431
642239,,"L",347,158,"41.5",2.01090261707816,5.652391930835735,0.34787734284701566,4.1805436743259
642397,,"L",1031,9999,"36.0",2.129313712059382,5.656818622696411,0.16750364191351524,4.228785785826543
642520,,"R",121,140,"43.5",-1.9427435745527681,5.725619834710744,-0.2797456571058175,4.14487309188138
642528,,"R",467,147,"44.6",-1.6596147427594337,5.401605995717345,-0.028216345849221544,3.78913593976037
642547,,"R",3086,158,"38.4",-2.1211873368620857,5.320466623460791,-0.357119044549417,3.9200493286915896
642585,,"R",626,110,"65.8",-0.27710280468042137,6.96832268370607,0.7644215206471784,4.63745625039153
642701,,"R",1001,134,"31.9",-2.3949736423246297,5.75975024975025,-0.3330267980682419,4.47391254921549
642759,,"R",76,9999,"47.6",-1.1988418641122192,6.348421052631579,0.4826488694999531,4.504623782718829
643338,,"R",709,141,"46.1",-1.5642065636138027,6.138631875881523,0.07264075836771432,4.434513002421125
643361,,"R",216,9999,"49.6",-1.0791079998069553,6.166898148148148,0.3343986531986532,4.508181882551
643377,,"R",1092,9999,"43.2",-1.4509927736199657,5.493159340659341,0.21140330388565684,3.930092331443067
643410,,"R",832,147,"50.1",-1.3027851167379343,5.7946875,0.07953419021236117,4.140508791499554
643511,,"R",964,9999,"-60.6",-2.822497623247724,1.3316182572614108,-1.6652346694920896,3.389811450174185
645261,,"R",2891,146,"31.8",-2.3420964718068578,5.954600484261501,-0.14768214703446864,4.591814671014785
645305,,"R",14,141,"44.5",-1.9955730218582508,7.020714285714286,-0.30863023936847467,5.3626156671759615
646242,,"L",26,136,"29.9",2.2588089835780565,5.445769230769231,0.3419010592348828,4.34176663924311
647315,,"R",127,9999,"29.3",-2.514608016020694,5.5705511811023625,-0.3940287668252698,4.376230367594425
647336,,"R",1527,9999,"32.8",-2.215811586402778,5.77931892599869,-0.20841015365722404,4.483790314096705
650556,,"R",1188,117,"40.7",-1.8051139939613636,5.636767676767676,-0.04683699682505387,4.1180868863921445
650633,,"R",1219,135,"26.6",-2.267994619383855,5.500278917145201,-0.2624817227674126,4.493773769739083
650644,,"R",1747,9999,"42.5",-1.4169719247400332,6.278380080137379,0.21343290831137054,4.782495134516314
650671,,"L",41,108,"35.0",2.110528576675424,5.301951219512195,0.22287438807008392,3.977927992261206
650893,,"L",714,9999,"45.1",1.5314459875723716,5.982521008403361,-0.15126780733683848,4.29458592511871
650911,,"L",2893,143,"29.6",2.189838693230404,5.914662979605946,0.17430989203147557,4.768564839556789
655889,,"R",431,139,"47.4",-1.5330594301179679,5.549512761020882,-0.0035554747695323552,3.8846317811663793
656186,,"R",456,145,"24.7",-2.1889848905777978,5.17796052631579,-0.29864960049410516,4.306935172545892
656222,,"L",916,109,"47.9",1.798225444627401,5.944650655021834,0.23087598428414638,4.210010532307405
656234,,"R",957,9999,"17.5",-2.494325495502351,5.211462904911181,-0.30742340163575643,4.521978319894501
656240,,"R",711,9999,"45.0",-1.4441520505300638,6.160028129395218,0.15448899293255214,4.563198450125479
656257,,"R",63,109,"37.2",-1.9140423011586685,5.591428571428572,-0.08717990549755256,4.203268647256882
656271,,"L",1014,108,"40.9",1.9252803784356696,6.2934516765285995,0.13739247829847379,4.743578857580328
656288,,"R",1343,121,"42.3",-1.6558817060304931,5.757334326135518,-0.008740227003953948,4.2585766355022345
656302,,"R",3044,135,"51.3",-1.4154893299678568,6.138521681997372,-0.031027070260071534,4.411051662573404
656420,,"R",81,9999,"44.3",-1.7047118012744018,6.101234567901234,-0.05567820250434632,4.492954622477498
656427,,"R",2829,116,"27.0",-2.0502590918867196,5.3180240367621066,-0.062488587106168676,4.303888332706392
656457,,"L",837,145,"10.8",3.089143424296734,4.889725209080048,0.7542826005149534,4.443210651422511
656458,,"L",18,115,"49.7",1.4333218613912424,5.767777777777778,-0.07017557932263813,3.9942684739552385
656464,,"R",491,109,"41.8",-1.7312656934640003,6.51908350305499,0.07803836526278721,4.90021606202192
656546,,"R",1127,141,"37.2",-1.9090117504234867,5.770292812777285,0.08443732275518902,4.25838289726958
656550,,"R",1964,144,"38.8",-1.9732527074453756,5.87337067209776,-0.24766838090077728,4.487358124720912
656557,,"R",749,111,"20.3",-2.6755458243305754,5.498798397863818,-0.3507925884542432,4.637244144182737
656605,,"R",2870,134,"37.9",-1.769971987077145,5.825606271777003,-0.049653942095685286,4.487432908010211
656629,,"R",231,119,"46.4",-1.481936429648643,5.805324675324675,-0.019944613437661574,4.268766724541056
656638,,"R",20,116,"40.0",-1.7139805252729214,5.668,0.08943474598930481,4.152220494652407
656641,,"L",1386,140,"48.8",1.2196541468733788,5.899805194805195,-0.2804490172285627,4.181204685767788
656686,,"R",332,110,"43.5",-1.4550762520838774,5.906084337349397,0.15203501438910721,4.382855380881816
656730,,"R",753,158,"53.8",-1.2069865042602879,6.519070385126162,0.274124118380903,4.494396412093752
656731,,"R",1231,121,"35.4",-2.111337618670235,5.889642567018684,-0.21945554380233742,4.544645374613918
656794,,"L",1545,9999,"30.6",2.409402862909989,6.003915857605178,0.2200935787342298,4.70645469642167
656848,,"R",327,9999,"49.0",-1.2934424788728631,6.395412844036697,0.32433410140258495,4.535716053137963
656849,,"L",2695,121,"40.4",1.8316658458057213,6.114356215213358,-0.058440676402792525,4.504520544647611
656876,,"R",2316,139,"54.9",-1.1535318289744028,5.925738341968912,0.16720917153091414,4.04464597618212
656896,,"R",1,110,"18.1",-2.667130215684792,5.98,-0.4331833333333333,5.2448999999999995
656945,,"L",911,119,"34.7",2.252374452701804,5.239626783754116,0.42045728411512295,3.9729885638198996
656986,,"L",727,117,"54.5",1.1177765825993877,6.353480055020633,-0.22978928863029519,4.46392925913394
657006,,"L",268,112,"44.7",1.6992481852062244,6.112164179104478,0.07614831125123048,4.5039745776465265
657024,,"R",128,141,"53.2",-1.3885515636361314,6.17015625,-0.08386161778631908,4.426479545454545
657044,,"R",650,109,"-9.0",-3.32002234750988,3.6596,-0.8620511075003428,4.048324423145482
657053,,"R",36,108,"31.0",-2.2077541538300687,5.539166666666667,-0.11741830808080808,4.27934705882353
657097,,"R",978,140,"34.2",-2.155093061418754,5.558640081799591,-0.2765072270886417,4.282654220024131
657240,,"R",353,112,"57.0",-0.9786666800192806,6.248186968838527,0.3718392772921685,4.170515103543349
657277,,"R",3282,137,"22.1",-2.66814707532393,4.990505789152955,-0.506557473134398,4.113438241893068
657376,,"R",1226,147,"35.1",-1.9090026694725248,5.600048939641109,0.02792885105250761,4.235467386730757
657424,,"L",531,9999,"50.3",1.532863891830465,6.3724293785310735,0.005953129164694474,4.529559681729223
657514,,"L",833,111,"17.6",2.410738589610975,5.044105642256903,0.26313915405734484,4.3625967023172905
657571,,"L",1030,9999,"45.2",1.5327470938960266,5.898116504854369,-0.16413892823148676,4.186682608293097
657585,,"R",955,121,"33.8",-1.8249434976911765,5.633549738219895,0.02686054437196106,4.393258781439277
657612,,"L",899,147,"-24.3",3.138132560810545,3.0308898776418243,0.9698012415260371,4.01179793115345
657649,,"L",1043,158,"31.1",2.46532645037187,5.931850431447747,0.4607502272171834,4.72464714111392
657746,,"R",2795,142,"25.3",-2.0596957847575266,4.797738819320215,0.029379487211375035,3.8084799744259388
657756,,"R",185,9999,"21.8",-2.5896949284605593,5.145783783783783,-0.5921661810473575,4.349656211398565
660271,,"R",753,119,"35.4",-1.9867043346958748,5.732204515272245,-0.14493438924042393,4.423706882511546
660604,,"R",174,143,"71.5",-0.29921660628733493,6.307298850574712,0.4786130232343721,3.972999430921794
660644,,"R",1,144,"37.1",-2.0081141775643174,6.24,-0.3283647058823529,4.966473529411765
660730,,"R",331,9999,"50.1",-1.4594750921057467,6.015105740181269,-0.02541179728689059,4.3007376695693385
660761,,"L",295,144,"40.4",1.8400951776796064,5.665152542372882,0.19036199794555728,4.2606358639233815
660787,,"R",589,147,"29.2",-2.1284745480633234,5.973803056027164,-0.08475356218733827,4.829492470091911
660825,,"R",1224,136,"44.2",-1.5375941750286717,5.845220588235294,0.12591104950893012,4.226492013852481
660853,,"R",1104,9999,"23.3",-2.540777516751649,5.423659420289855,-0.3600984263188147,4.4834951099873415
660896,,"R",1058,9999,"51.1",-1.4097601834486344,6.624839319470699,0.10384259550357348,4.7437970832533045
661395,,"R",1073,9999,"33.0",-2.1367054711900315,6.010055917986953,-0.07404406980279192,4.672496489509978
661403,,"R",746,114,"51.3",-1.3414642994287447,5.99328418230563,0.11694180119281444,4.171439041973114
661527,,"R",120,146,"9.9",-2.5066187603609724,4.432,-0.39816687908496734,4.061567297979798
661563,,"R",969,147,"34.6",-2.047643357089853,5.591960784313725,-0.09794898787547668,4.241263818847738
662253,,"R",1035,136,"29.9",-1.8628017914566355,5.32687922705314,-0.016388795456698274,4.267979936707226
663158,,"R",1075,135,"44.8",-1.375748521341066,6.1632,0.26753818977739086,4.531924013845708
663321,,"R",220,117,"47.5",-1.371971691604555,5.767863636363637,0.20650708272565224,4.039508495381623
663362,,"R",104,135,"32.6",-2.265766540701009,5.7548076923076925,-0.4080862736528178,4.568194235911148
663372,,"R",522,115,"41.0",-1.8539625606745527,5.524272030651341,-0.1482576568593303,4.039076534103715
663399,,"L",512,121,"40.7",2.1278986844137746,6.0031640625,0.3800643288352273,4.499623580938057
663423,,"R",656,136,"41.3",-1.7626799742026824,5.419603658536586,-0.09232973960371288,3.953493470936046
663432,,"R",200,9999,"43.0",-1.8967279569676099,6.11135,-0.17244462210338682,4.502274560606061
663436,,"R",2304,145,"38.3",-2.000739618519735,5.937369791666667,-0.2114644427965315,4.527244513726418
663455,,"L",500,120,"29.3",2.345844184563365,5.69884,0.31811483903743315,4.558045323351159
663460,,"L",1795,118,"37.8",1.9870901301195614,5.643526462395543,0.17876117383899623,4.243502026723072
663462,,"R",109,111,"43.9",-1.911375146436697,6.256605504587156,-0.17679120672455806,4.587581021766505
663465,,"L",1000,114,"46.0",1.6475815551694144,5.41259,0.14542066470588236,3.8510222247771835
663474,,"R",123,114,"49.2",-1.2659298353193509,6.2473983739837395,0.20141274799646391,4.550326715505123
663485,,"R",1143,142,"24.1",-2.4037816948216677,5.615249343832021,-0.2589801772550267,4.655739164300095
663542,,"L",318,9999,"12.9",2.870116404806956,5.012201257861635,0.3954298016233366,4.445416006625635
663546,,"R",254,137,"26.9",-2.306278020343861,6.278346456692914,-0.028362893525341423,5.123316984925681
663554,,"R",2352,116,"45.0",-1.569148590004177,5.787695578231292,-0.012655476698255059,4.232681473915323
663558,,"L",80,111,"49.6",1.4136010406192545,5.911875,0.02906319407308378,4.285219604500892
663559,,"L",1951,9999,"55.1",0.8801274308529048,5.820615069195284,-0.3283645695200871,4.089118704425995
663562,,"R",251,9999,"26.8",-2.2329759767926776,5.568725099601593,-0.2670532621741199,4.573964136679663
663568,,"R",1687,9999,"33.0",-2.149163410917458,5.260746887966805,-0.13123810025707758,3.951372390578261
663574,,"R",1230,113,"26.2",-2.1153133458045517,5.3835853658536585,-0.03479710338680927,4.3595455071518625
663623,,"R",2942,120,"27.1",-2.2813516159611007,5.673069340584636,-0.19804882660127893,4.606871638001966
663671,,"R",531,114,"54.0",-0.9236502332557724,6.2129566854990586,0.42737827410025814,4.35375910987576
663687,,"L",1125,133,"54.5",1.236591859294799,6.071795555555555,-0.10069775036640918,4.1990967653792834
663738,,"L",1088,118,"36.0",1.66401119760929,5.788584558823529,-0.22407069612102862,4.414394814685567
663765,,"R",625,109,"25.1",-2.512369470578476,5.052864,-0.43998231073083777,4.079280383315508
663767,,"R",692,134,"35.3",-2.02596699210534,5.384812138728324,-0.3047063806631428,4.168413404789136
663773,,"R",131,135,"31.7",-2.1521866967340224,6.096030534351145,-0.13027455674844537,4.847171163815977
663795,,"R",383,121,"23.3",-2.4634799396890505,5.2133942558746735,-0.5030515714664694,4.371283763840214
663804,,"R",263,136,"40.1",-1.7248589870169397,5.971330798479087,0.12338367628420192,4.416016968273656
663855,,"R",1199,9999,"35.1",-2.1857852343394155,5.649282735613011,-0.28148960527117817,4.309584473618092
663878,,"R",280,112,"39.8",-1.8190185279231652,5.5913571428571425,0.051376998981410744,4.027918898968679
663893,,"L",1240,141,"33.4",2.1208824358084186,6.037774193548387,0.18954523158530273,4.766109792636996
663903,,"R",2850,113,"25.1",-2.0663716338726874,5.233708771929825,-0.21962433255152142,4.367346675735685
663941,,"R",817,137,"43.0",-1.791061265610262,5.970636474908201,-0.07135374942455006,4.3722177057492635
663947,,"L",1158,116,"40.7",1.8201667262839667,5.8338428324697755,0.09235048003657421,4.3488119038603035
663969,,"R",1114,146,"30.0",-2.0678365202861473,5.905071813285458,0.04217988819977152,4.69088321004426
663978,,"R",2546,9999,"47.5",-1.5486104807416516,6.099202670856245,0.10162240125715358,4.298503468899521
663992,,"L",221,9999,"20.2",2.533965402251041,5.302171945701358,0.5840447088666811,4.5856952524983665
664062,,"R",609,119,"40.3",-1.8572465377739642,6.110738916256158,-0.11533119034447635,4.633609647474454
664076,,"L",874,139,"31.6",2.179050143382932,5.225320366132723,0.26015605693494376,4.045750261669053
664123,,"R",156,147,"-5.2",-3.1386192419206953,3.836153846153846,-0.8350252730929202,4.044201152932035
664126,,"R",986,139,"58.5",-0.9359050460259911,7.000547667342799,0.39784639742491135,4.822029348219096
664129,,"R",109,9999,"36.3",-2.1025626041061614,5.911926605504587,-0.13993922549837284,4.470787640844494
664139,,"R",387,113,"49.7",-1.3543319734221992,5.806976744186047,0.13352644041877967,4.046287487736461
664141,,"R",467,9999,"46.4",-1.5193738343828451,6.364967880085653,0.20272944936199125,4.554718457022677
664192,,"L",632,137,"48.0",1.6881539851034817,6.0575158227848105,0.09937030689433426,4.291065362062547
664199,,"R",865,118,"44.3",-1.6375255153610373,6.0542196531791905,0.08242582774360402,4.371563441624679
664208,,"R",1008,9999,"26.0",-2.266808005546448,5.164761904761905,-0.23045289475638742,4.168817743877854
664285,,"L",2889,117,"41.6",1.8198108344926411,5.983821391484943,0.20299742415295832,4.545334767502772
664294,,"R",284,134,"43.8",-1.7647925785873833,5.973133802816902,-0.1852866363510833,4.459493258705531
664299,,"R",616,117,"35.0",-2.136980560705639,5.715844155844156,-0.16887587911197538,4.339412178363081
664351,,"R",224,117,"47.6",-1.2251460726624828,5.466696428571429,0.20768928372485357,3.8959979174624393
664353,,"R",56,116,"50.9",-1.552450291021768,5.8430357142857146,-0.19135745161701045,4.167092801438757
664744,,"R",29,110,"46.9",-1.5059554209349846,6.342413793103448,0.07135169033130494,4.6544643801094105
664747,,"R",360,9999,"17.9",-2.522053239655923,4.942638888888889,-0.44231892602495543,4.271479514507823
664849,,"L",158,121,"14.8",2.7243752504771024,5.070569620253164,0.4290810764006408,4.464115370946998
664854,,"R",955,9999,"62.1",-0.9298199199681442,6.12717277486911,0.17802514003602393,4.028656586312773
664875,,"R",270,134,"-0.7",-3.1525689089342306,4.360814814814815,-0.7242806106819832,4.38965436456064
664948,,"L",115,142,"49.6",1.2994278600962306,6.05895652173913,-0.1803242245989305,4.322198981632178
664991,,"L",520,110,"42.0",1.935063593198519,6.218846153846154,0.010924988344988347,4.483834070855615
665152,,"R",2692,110,"43.3",-1.6629771861364184,6.212135958395245,-0.015394003159821274,4.656551316007289
665625,,"R",187,9999,"21.2",-2.783799780232923,5.425133689839572,-0.4753212283260412,4.529143851220605
665660,,"R",765,133,"18.6",-2.697558516716448,5.661816993464052,-0.3122563562965293,4.8592372976594085
665665,,"L",25,113,"26.1",2.3979348261541915,5.3512,0.43060280213903745,4.3883981497326205
665795,,"R",2251,146,"35.9",-1.967876591518302,6.043465126610395,0.00942764958493394,4.610372853459465
665871,,"R",567,112,"51.8",-1.1664352516328438,5.9692592592592595,0.2109240067968826,4.221844722355834
666120,,"R",203,108,"63.3",-0.7260488846824543,6.133596059113301,0.27815933589736835,4.135854201241625
666142,,"L",1079,118,"38.2",1.8921059099341149,6.1652734012974975,0.038049848922634175,4.704917922616009
666157,,"L",2478,113,"15.1",3.0134801700267144,5.406957223567393,0.5920212555695108,4.755026713510263
666168,,"R",239,120,"35.4",-1.8077158940026332,5.824225941422594,0.008390818099777002,4.53315278529822
666171,,"R",1029,108,"37.5",-1.8711017098221896,5.89069970845481,-0.047946277731871975,4.492233794816628
666200,,"L",3009,143,"32.5",2.174603207601466,5.814001329345297,0.21631018030282295,4.563199859482752
666214,,"L",1815,9999,"49.0",1.3099643056119419,6.258292011019284,-0.31550856228792545,4.387301756848996
666215,,"R",256,9999,"40.1",-1.7771503273340647,6.182421875,0.0367042443042558,4.653407517616421
666277,,"R",692,146,"29.2",-2.0143384016308,5.491835260115607,0.006400958110516929,4.365284734629532
666374,,"R",822,136,"29.7",-2.0520096374386614,5.2562043795620434,0.05515316431814929,4.053570705878016
666619,,"R",132,136,"36.4",-1.8727429323405889,5.951818181818182,0.14141994476854103,4.4662287919299954
666659,,"R",185,9999,"34.1",-2.161129279940629,5.805513513513514,-0.278912575034928,4.530202714265068
666661,,"R",617,109,"46.4",-1.6217718447519875,5.783679092382496,0.046259620757099065,4.030922846445193
666711,,"R",314,137,"43.7",-1.6688957105447708,6.055987261146496,0.10479512443657255,4.360015562235317
666808,,"R",1103,9999,"15.7",-2.2870053492227878,5.365213055303717,-0.05184091143421845,4.735539940738514
666974,,"R",986,110,"17.0",-2.95579167067246,5.544584178498986,-0.5146408201451335,4.797479601316831
667297,,"R",461,141,"42.2",-1.7914734002984036,6.131713665943601,0.02721923161692206,4.4802218578537705
667463,,"L",782,138,"28.7",2.3989009183117007,5.58925831202046,0.41635916521921484,4.5008976294842515
667755,,"R",2784,108,"36.5",-2.1133107724062765,5.875068247126436,-0.20676592615429137,4.46811055387803
668390,,"R",619,140,"37.9",-2.083016972826935,5.4362035541195475,-0.2491646468486058,4.006763793307013
668670,,"R",5,116,"25.9",-2.3180830681462683,5.352,-0.5059470588235294,4.472484705882353
668674,,"R",962,118,"41.4",-1.6436663338020727,5.980561330561331,0.1063744740421211,4.436923028190676
668678,,"R",3133,109,"42.1",-1.4166426287503004,5.966157037982764,0.16808350111770906,4.534202899159258
668716,,"R",391,133,"16.6",-2.6261113402367786,5.043427109974425,-0.27639625212558866,4.340867401333935
668820,,"R",528,121,"42.3",-1.5845306824126153,5.86717803030303,-0.03399655343542376,4.457759706186193
668834,,"R",223,158,"24.8",-2.25605538985363,5.549551569506726,-0.056906831970456345,4.534136633414067
668881,,"R",1748,113,"34.8",-2.0688159455826503,5.970120137299771,-0.17845971025710056,4.660160577099573
668909,,"R",2924,114,"34.6",-2.102293758469255,6.006217510259918,-0.16911922490983708,4.671834570467286
668933,,"R",1038,113,"55.1",-1.1211684789164387,6.490953757225434,0.2489699563640485,4.5263123747677385
668941,,"L",990,138,"30.7",2.0432618503560795,5.3882525252525255,0.0942879556707899,4.230182835484975
668964,,"R",826,158,"60.7",-0.7970202583541349,5.890278450363196,0.2845313137427544,3.959668538108618
668970,,"R",172,112,"10.1",-3.0416278458619126,5.151744186046511,-0.6483387985532479,4.72813764042615
668984,,"R",861,136,"17.0",-2.4313118942361474,4.644576074332172,-0.36275060846215795,4.011475039180491
669020,,"L",676,115,"46.2",1.5292361593926715,5.93862426035503,0.03450596699680411,4.378803454445253
669022,,"L",2818,120,"45.1",1.7019237639860896,5.68875798438609,0.09378580502979952,4.078040908173709
669060,,"R",846,145,"39.7",-2.0547008850527093,5.8075768321513,-0.24876196265955342,4.307656473685541
669062,,"L",482,137,"32.0",2.223335824647195,6.243692946058092,0.13843189214576815,4.940271329169163
669084,,"L",588,158,"43.2",1.6827330687234896,5.4734013605442176,0.08187745901390858,3.968808403967648
669093,,"R",1235,135,"66.3",-0.5690179345581731,5.8410769230769235,0.3525365371264442,3.7237755500227325
669145,,"L",91,158,"44.7",1.6679000453499355,5.962637362637363,-0.03589175628293276,4.274326016140722
669160,,"R",2169,9999,"21.1",-2.5632875030081888,5.019815583218072,-0.38570196489342207,4.179116907912417
669193,,"R",44,119,"24.9",-2.2006825750880727,4.985681818181818,-0.08716617039377735,4.0028579626478695
669194,,"R",2466,109,"53.1",-1.03365001061307,6.187084347120844,0.3076887184063333,4.399473807670233
669199,,"R",1143,146,"36.2",-1.9187342395359859,5.664514435695538,-0.011322833787933367,4.269081620902557
669203,,"R",1009,109,"41.1",-1.7011747491384548,5.87378592666006,-0.005263728758464361,4.391749617170952
669211,,"L",1058,110,"38.4",1.8769233686211193,5.8641398865784495,0.07498854942733237,4.434334932051528
669212,,"R",132,112,"43.3",-1.334898431074974,5.560681818181818,0.3123543861070599,4.011237247474748
669276,,"L",1102,144,"46.5",1.4812478903380426,6.517558983666062,-0.1287194265166882,4.817195291011966
669302,,"R",2155,136,"40.2",-1.6895465740966804,5.750487238979118,0.08712172880711028,4.249151112820576
669308,,"R",494,135,"39.8",-1.6628762816605183,6.539291497975708,0.11648192913897248,5.055174705918437
669330,,"R",342,110,"48.9",-1.5539074270273947,7.023216374269006,0.1124990954436001,5.113299724541598
669358,,"R",2718,139,"36.7",-1.87359916010548,5.790250183958793,-0.04179916198735832,4.424298615357575
669371,,"R",965,120,"22.6",-2.681624422289272,5.316279792746114,-0.45780757575757575,4.388022397365917
669372,,"R",1573,133,"44.6",-1.6709454097891647,5.631513032422124,-0.01605226125357384,3.9992265905946267
669373,,"L",2849,116,"49.5",1.785064518447548,6.12034749034749,0.16034385192540274,4.21544139676867
669387,,"R",1647,134,"30.3",-2.15180523074951,5.252234365513054,-0.2137167520052123,4.1190739879779255
669391,,"R",119,145,"40.3",-1.948532623576937,6.025042016806723,-0.2090150556479276,4.550499641246873
669422,,"R",512,119,"44.5",-1.3966003253009642,5.9925,0.20128798097008688,4.4206322034104835
669432,,"L",1626,110,"22.1",2.3806651731120994,5.7891512915129155,0.1338521335560949,4.878598642491773
669438,,"R",724,139,"40.4",-2.081573432665464,5.891381215469614,-0.27739978075358723,4.35326440821934
669449,,"L",24,145,"27.7",2.540824327751463,5.864583333333333,0.4235600155971479,4.751913751485443
669456,,"R",645,141,"39.2",-1.609757907722228,5.636976744186047,0.060793949619312136,4.275059460818859
669459,,"L",44,109,"43.8",1.368873576062133,5.766590909090909,-0.061730843866472214,4.396317837465565
669461,,"L",2385,138,"47.0",1.5464087490838885,6.524213836477988,-0.04393977215738593,4.8206913730721945
669467,,"R",2720,138,"57.9",-1.3872161549998554,6.103974264705882,-0.20404645974231939,4.217973899975097
669620,,"L",205,133,"52.8",1.3450971102033413,6.624048780487805,-0.08905544628494413,4.73309593148124
669622,,"R",783,146,"16.5",-2.507610795659107,5.538084291187739,-0.297056571917052,4.8852285018314765
669674,,"L",786,118,"48.6",1.5148762350287537,5.875648854961832,-0.03560524463312968,4.103581860704032
669684,,"L",569,111,"41.4",1.7783757222995606,5.402267135325132,0.17137625207935867,3.984469812567941
669704,,"R",406,110,"45.9",-1.602440620386697,5.846773399014778,-0.12782089271445254,4.324481699639104
669711,,"R",1068,111,"16.2",-2.756430801943938,4.950065543071161,-0.4960485051272807,4.294287856923498
669713,,"R",508,117,"46.2",-1.631525896685981,5.94251968503937,-0.004824409624264879,4.2405918657978585
669717,,"R",26,114,"35.1",-2.149094281989999,6.355,-0.3629367372823255,5.099017551076375
669721,,"R",183,144,"50.8",-1.2038714289702166,5.68,0.09672622025461948,4.085096281036011
669724,,"R",946,116,"32.2",-2.6407887099909124,5.505835095137421,-0.5791316638590859,4.206729419301836
669854,,"R",793,117,"45.5",-1.5314111558029173,5.966519546027743,0.04614054999966282,4.361648699853666
669920,,"R",1248,9999,"21.7",-2.2843107287542312,5.490088141025641,-0.14417445767059736,4.638676060091869
669923,,"R",1989,136,"29.5",-2.055829597810616,5.653177476118652,0.06013896206318352,4.457226849678579
669947,,"R",154,139,"41.2",-1.8918396229439156,5.847597402597403,-0.07098586591661457,4.252393437622983
670036,,"R",817,114,"32.9",-1.9697833106075302,5.088445532435741,-0.2291044534916448,3.960790608220589
670059,,"R",492,134,"30.0",-2.2486398312010305,5.656422764227642,-0.23195628903815776,4.492150348716723
670102,,"R",1141,141,"39.2",-1.9132904642699018,5.955460122699386,-0.1347500851428134,4.50396715862028
670167,,"R",1047,118,"11.8",-2.793066590798144,4.534231136580707,-0.5517761090595829,4.063869912082224
670174,,"R",207,111,"54.3",-0.9572335447151631,6.072995169082126,0.35616203811344477,4.23919360097135
670183,,"R",21,139,"48.0",-1.4700316818674606,6.124761904761905,0.05163225957049489,4.435633443680502
670280,,"R",1015,9999,"38.9",-1.6825052997191292,5.873852216748769,0.013198076885926785,4.504456473222518
670329,,"R",585,9999,"49.4",-1.4515823461995323,5.954820512820513,0.011721261483614425,4.247378069229246
670766,,"R",86,142,"29.7",-2.1277602563847022,5.376395348837209,-0.10557961385399826,4.223634900302616
670810,,"R",111,135,"45.7",-1.6841819175438877,5.738558558558559,-0.07966987441987441,4.094230884360297
670912,,"R",665,134,"26.1",-2.348185730718711,5.439473684210526,-0.3232998506962594,4.449300312009972
670950,,"R",116,9999,"52.3",-1.121249148377002,6.2941379310344825,0.3219238282930727,4.42935853002643
670955,,"R",1214,139,"13.7",-2.847687845388592,4.539332784184514,-0.7016651633350659,4.017738267303327
670970,,"L",999,135,"43.2",1.7734930034084548,5.942842842842842,0.13395430849744577,4.403562635719498
670990,,"R",604,134,"30.3",-2.319448048534852,5.29567880794702,-0.3920597422412674,4.172537951682781
671096,,"L",2677,113,"47.5",1.701611240366618,6.0231079566679115,0.19980393402037694,4.383376649207583
671106,,"L",2707,114,"36.2",1.6618832462218867,5.236490579977835,-0.09813219095274876,3.945678239258225
671109,,"L",302,108,"37.7",2.1202208471799358,5.765298013245033,0.25174197713402036,4.320183203480068
671111,,"L",153,108,"16.2",2.678404408970483,4.7615686274509805,0.5761152610301399,4.150583452751273
671131,,"R",1338,120,"32.2",-2.228858571464248,6.058893871449925,-0.2718313212579501,4.827818806303606
671162,,"L",119,158,"29.1",2.283029614584383,5.181008403361345,0.32030432451055285,4.08433481253464
671212,,"R",934,139,"32.1",-2.0512116770484705,5.814593147751606,0.016559254657673862,4.519852117280628
671305,,"R",121,133,"28.8",-2.29820276166204,5.60305785123967,-0.2687138035680087,4.486624495808842
671737,,"R",2272,9999,"54.0",-1.3414181879148823,6.228094190140845,0.005461753172779996,4.371721699218259
671922,,"R",1182,114,"37.4",-1.9207127880183075,5.838967851099831,-0.0019232096268748955,4.369389697663406
672282,,"L",1058,108,"46.6",1.3586124392120453,6.0621550094517955,-0.15826717581688116,4.456873658215649
672335,,"L",437,110,"38.0",1.9280500252608173,5.554828375286041,0.16716826564201714,4.177710020925367
672391,,"R",788,117,"41.7",-1.6565751335107035,5.858832487309645,0.03631884834459856,4.349329033203037
672456,,"R",1473,116,"41.0",-1.7168334096356774,5.779300746775289,-0.004774241395626332,4.28943998103716
672578,,"R",759,9999,"41.3",-1.5980819534353028,6.0062450592885375,0.27187762735469084,4.364709277499477
672582,,"L",1099,118,"29.5",1.9956071481410038,5.329390354868062,0.11925443118764588,4.267648009209474
672710,,"R",197,9999,"46.2",-1.2040732422040918,6.246395939086295,0.36535319950776807,4.60948340933974
672724,,"R",40,108,"38.9",-2.224500883302533,6.88475,-0.4837023997326203,5.479782056595365
672782,,"R",1099,9999,"33.7",-1.933228397948071,5.541756141947225,-0.01077789044975257,4.260196447832173
672841,,"R",1095,136,"33.3",-2.1391121013221146,5.797735159817352,-0.23540375129213165,4.546669222523381
673380,,"R",183,121,"39.2",-1.7625557315527458,5.535136612021858,0.0503856228631542,4.055752180435015
673513,,"L",1063,135,"54.9",1.2207071751565968,6.060592662276576,0.023668486760136366,4.358909264047704
673540,,"R",1900,121,"45.6",-1.5286058504094402,5.934663157894737,0.06852906614128905,4.2989783500328365
673820,,"R",61,9999,"29.8",-2.5180283503870613,6.207049180327869,-0.49101802548142953,5.045978377312177
673929,,"R",1130,145,"53.3",-1.0813528545362048,5.860823008849557,0.2564233733219756,4.064354522344739
673965,,"R",70,145,"45.8",-1.5602783584430584,5.879,0.02687838808250574,4.24368868347339
674072,,"L",107,109,"44.4",1.6541870008170108,5.7776635514018695,-0.11031513069118896,4.050851885818049
674285,,"R",545,120,"35.1",-1.8602802916250323,5.546,0.0010241281132970278,4.238329901061342
674370,,"R",1378,133,"35.2",-2.0372410578788838,5.921066763425254,-0.07890912383029476,4.540991632257865
674384,,"R",249,9999,"32.3",-2.275986890898062,5.512449799196787,-0.27602565806899615,4.245826473809677
674444,,"R",642,118,"32.8",-2.3784541218257824,5.629423676012461,-0.3839440150543367,4.34446585133912
674841,,"L",415,120,"46.4",1.713450706134158,6.314939759036145,0.026169686875845626,4.542092214419174
674944,,"L",154,116,"44.6",1.6470108710090823,5.494935064935065,0.10555868752459666,3.9736058603606734
675512,,"R",656,116,"36.6",-1.7922032467913456,5.441265243902439,0.01982574996739272,4.09590497940307
675540,,"R",56,146,"61.1",-0.7271357053179691,6.027857142857143,0.3425631923223835,4.0895722545836515
675650,,"R",85,143,"35.8",-1.915560941069297,6.0828235294117645,-0.00006848065429380373,4.70294631854881
675848,,"R",1074,115,"37.7",-2.1362126619286435,5.967011173184358,-0.21632268627782922,4.4840914019425275
675911,,"R",2105,144,"42.5",-1.6161567239021193,5.774988123515439,-0.05866560663220157,4.348760453592796
675919,,"L",27,138,"43.5",1.7080076384745966,5.697777777777778,0.06119460289166171,4.134705436720143
675989,,"R",40,114,"38.5",-1.7752657581576838,5.643,0.06381608065953656,4.178490323083779
676051,,"R",87,9999,"29.0",-2.3651999746746584,5.57551724137931,-0.3548046724855041,4.458351202696335
676083,,"R",1622,146,"52.6",-1.1431302611923961,5.773557336621455,0.18763918590415654,4.029017514083315
676092,,"R",477,136,"18.6",-2.5464466344859122,5.17167714884696,-0.2633873122643378,4.403273434679761
676106,,"R",1423,136,"18.5",-2.5591088702815186,5.380780042164441,-0.3495071620049029,4.642017552608471
676130,,"R",1093,9999,"37.8",-1.9920501408472604,5.516111619396157,-0.07052298853667725,4.024352487797082
676206,,"R",130,146,"47.0",-1.3256305364249479,6.555846153846153,0.3502617201426025,4.757599525572466
676254,,"R",1018,137,"17.9",-2.8174486981108853,5.031178781925344,-0.5476768509958011,4.296181396537897
676263,,"L",1146,119,"56.2",0.9694428077309631,5.941910994764398,-0.2891320451201264,4.062040950387771
676272,,"R",116,119,"45.1",-1.367616519428562,5.986637931034482,0.2975745574405311,4.310646434169279
676282,,"L",1637,114,"53.3",1.083679522091539,5.85620036652413,-0.25235610105873857,4.060382393230519
676395,,"L",971,140,"26.2",2.4311484734030917,5.651493305870237,0.2922246298631802,4.60016860358599
676428,,"L",1052,116,"28.8",2.671344281626503,5.851730038022814,0.41624481989996137,4.609715479978718
676440,,"R",2964,114,"54.1",-1.2413872070805658,6.295418353576248,0.04805160391723859,4.512476169320016
676467,,"L",1451,117,"31.1",2.2773768152889216,5.49802894555479,0.25147892608330846,4.277761846952928
676475,,"L",7,138,"54.8",1.2548416080644282,6.61,0.16055044563279858,5.060436554621849
676477,,"R",1179,111,"39.5",-1.8087465169620016,5.777201017811705,-0.12056964934481773,4.387593357312082
676508,,"R",1262,119,"46.5",-1.3863546540958462,6.191735340729002,0.1865470523261891,4.534006614574947
676510,,"R",26,143,"6.5",-2.925078591218548,4.2930769230769235,-0.5624306972439326,4.022907263814616
676534,,"R",1054,146,"43.5",-1.8370639516557192,5.811650853889943,-0.21528646104983307,4.26868395400596
676571,,"L",419,120,"15.8",2.632515052728249,4.37307875894988,0.4665337853475085,3.7591682056419877
676604,,"R",245,9999,"35.5",-1.7320285210569033,5.164408163265306,-0.015073256575357422,3.939943292589763
676609,,"R",1,139,"37.8",-1.895019830899579,5.34,-0.2917545454545455,4.09680909090909
676617,,"R",758,138,"28.9",-2.2414956398859434,5.492519788918206,-0.16650001528555775,4.345845092512898
676661,,"R",645,143,"53.1",-1.0276357001639131,5.886062015503876,0.3487279972087496,4.051537822962871
676664,,"L",2366,9999,"25.3",2.2040207186018783,4.836360946745562,0.2532941347867818,3.9140223287647498
676680,,"L",64,112,"21.0",2.5300065243119017,5.0796875,0.3350964446858289,4.235418776459447
676684,,"R",1136,116,"52.4",-1.2145946714508602,5.643961267605634,0.11460444338266676,3.919000595249303
676701,,"R",3,115,"36.8",-2.118174794062062,6.23,-0.2902489898989899,4.863065656565657
676702,,"R",343,9999,"37.9",-1.6700818985984816,5.940991253644315,0.11582162839161639,4.548327512823311
676742,,"R",147,134,"35.3",-2.1200919458366467,6.005102040816326,-0.23035350261316648,4.667367103811221
676755,,"R",777,134,"49.4",-1.631913556360884,6.032651222651222,-0.1430702064937359,4.292722038922039
676760,,"R",164,135,"28.9",-2.287891464839912,5.097560975609756,-0.2682384494152428,3.983376235815834
676775,,"R",165,137,"40.8",-1.9611672556473334,6.225515151515151,-0.031231570788094853,4.559382934154378
676879,,"L",1033,158,"50.2",1.1260483572363291,6.456786060019361,-0.446653434780583,4.5671906650066525
676917,,"R",788,120,"43.9",-1.513837295019603,6.180203045685279,0.18596305262991214,4.545400045015699
676961,,"R",742,140,"43.1",-1.9069113491863643,5.907601078167116,-0.19357629966223197,4.300953486265861
676962,,"R",1759,112,"45.0",-1.4414709972999118,6.456964184195566,0.16326383336424136,4.851494472785238
676969,,"R",47,143,"29.2",-2.2428142095731967,6.045531914893617,-0.1763483407289415,4.892666916979557
676974,,"R",1039,146,"36.9",-1.758571232368937,5.628488931665062,0.10343396596892322,4.227705240195649
676979,,"L",3144,111,"35.0",2.0220054244629773,6.120410305343512,0.019092725214652134,4.7183293153243255
677020,,"L",92,141,"39.8",1.9270719573609831,6.113913043478261,0.05835334030845538,4.555571984228474
677161,,"R",581,111,"36.5",-1.8243040415921368,5.5284509466437175,-0.01910720437134327,4.190323523889293
677649,,"R",5,140,"63.4",-1.19665363569237,6.662,-0.2753108199643493,4.8136789304812835
677651,,"R",106,117,"37.6",-1.785934150842309,6.140660377358491,-0.14888093112030404,4.88074055006222
677865,,"L",219,141,"29.4",2.3503846705985163,5.10662100456621,0.5089205548637056,4.067107124020218
677944,,"R",2063,114,"39.8",-1.7462316703075478,5.849117789626757,0.03984242990193918,4.363925571503003
677952,,"R",1102,134,"41.1",-1.7750037751105674,6.249464609800363,0.13908585459592185,4.5759533288203915
677955,,"R",488,115,"25.3",-2.2717759780873528,5.695594262295082,-0.18291945990765904,4.709635875814558
677958,,"R",1127,140,"29.7",-2.4710879074369214,5.6791126885536825,-0.44423005122997816,4.522805992910999
677960,,"L",642,146,"41.5",1.7258161713502858,5.730124610591901,0.06616695001138376,4.256610202631038
677961,,"R",39,139,"27.9",-2.346435977623157,5.658461538461538,-0.14958403948992183,4.495595038621509
677976,,"R",79,142,"22.7",-2.5079637498140706,5.593670886075949,-0.36376030145084504,4.6958998465669355
678020,,"R",636,115,"44.3",-1.5792930057890535,5.810927672955975,-0.04986632893866523,4.316273494658012
678022,,"R",637,133,"29.3",-2.085799988620254,5.330832025117739,-0.2998441527660015,4.328755662544738
678024,,"R",1645,145,"30.2",-2.25507809011594,5.902717325227964,-0.25477644371481667,4.738322818566498
678215,,"R",207,146,"36.6",-1.6129738641580322,6.077246376811594,0.1506222049996986,4.766636574181715
678226,,"R",717,144,"40.8",-2.0361803466821007,5.93907949790795,-0.2879198796977901,4.428465443382882
678316,,"L",81,135,"49.0",1.3651895316539153,5.929382716049383,-0.1729109735701239,4.156594548975595
678368,,"R",1322,146,"45.5",-1.4816518677137622,6.001497730711044,0.04229333027255738,4.452315785244093
678394,,"R",2694,111,"32.8",-2.139732061124591,5.323092056421678,-0.19260002100793075,4.068376656615944
678495,,"R",808,137,"39.6",-1.7567109538405854,5.5208168316831685,-0.13850920132454422,4.181736529755916
678606,,"L",1208,120,"32.1",2.315978375008568,5.810140728476822,0.38376907419048295,4.5999901607376845
678692,,"R",1157,146,"41.9",-1.4090019430889638,5.239204840103716,0.046578975606900254,3.935048384321121
678821,,"L",436,115,"26.5",2.3227535880995247,5.15098623853211,0.26536934639160087,4.123420277518847
678906,,"R",573,137,"23.6",-2.537520625289543,5.438464223385689,-0.5001597034403163,4.548535588406392
679358,,"R",681,139,"45.6",-1.2019334142609133,5.863920704845815,0.42430201967851616,4.202810686549349
679775,,"L",430,109,"9.2",2.9641883598269065,4.320348837209302,0.6815120298055798,3.952304946109522
679883,,"R",217,118,"51.5",-1.3808290295166772,6.213087557603687,0.07353855442470245,4.3837604729868485
679885,,"R",268,109,"37.9",-2.0450667665198345,6.126455223880597,-0.1979021011253891,4.689927634887062
679922,,"R",27,133,"22.5",-2.580469423102198,5.812592592592592,-0.23887181620122797,4.8430849970291145
680573,,"R",1872,142,"46.0",-1.3545492636269942,6.410689102564103,0.24825835823354206,4.749833939365373
680604,,"R",50,136,"26.6",-1.8710388465444463,4.759,0.002671336898395715,3.8165371069518716
680684,,"R",547,133,"48.9",-1.338356683215872,6.181937842778793,0.11843146868187195,4.50872909745916
680689,,"R",674,113,"31.3",-2.089851669890023,5.5132195845697325,-0.1757945097245804,4.349535886134869
680694,,"R",494,110,"56.3",-1.087106160387623,6.431052631578948,0.15526494493638457,4.569760981871585
680701,,"L",23,117,"15.4",2.830676849920823,5.155652173913044,0.4743985003487561,4.505752886925522
680702,,"R",64,139,"36.7",-1.8201987296411264,5.43390625,-0.05233649732620321,4.115431705381016
680704,,"R",289,141,"11.8",-2.512037547150152,4.282560553633218,-0.49055278358591,3.857907136909498
680729,,"L",191,108,"48.0",1.3396850105814389,6.1672774869109945,-0.22230836856398914,4.429949618295677
680730,,"L",2703,120,"60.8",0.981653811484872,6.242970773214946,-0.18607668949731038,4.145442497574821
680732,,"R",2371,145,"42.3",-1.5299040517433042,6.246191480388022,0.13669906591907113,4.730882606224499
680735,,"L",426,144,"52.8",1.1237075331455386,6.336056338028169,-0.25129753751265765,4.5244434671905465
680736,,"L",1092,119,"36.7",1.7719233014099507,5.466108058608059,0.047460731670290496,4.179037186179833
680742,,"R",726,118,"41.1",-1.930967284926511,6.1659228650137745,-0.16966939853076218,4.628770770907912
680755,,"R",833,141,"49.1",-1.013356683158713,6.474873949579832,0.5338533347028651,4.688773462326107
680767,,"R",918,115,"40.7",-1.5891733186301726,5.325337690631808,0.14333989122287855,3.829798279410794
680837,,"R",13,142,"45.2",-1.5508736061164112,6.504615384615384,-0.1475955093925682,5.0831039764157415
680880,,"R",374,133,"39.7",-2.027199997453183,6.00331550802139,-0.11324009360671833,4.414005444822557
680885,,"R",1573,144,"35.8",-2.11176229527981,5.394787031150668,-0.4166659443052491,4.171142626689467
680951,,"L",107,114,"44.7",1.5849442556916153,5.4655140186915885,0.04610178503006979,3.9436421693571226
681006,,"L",612,146,"25.1",2.2767144317164365,5.1566503267973856,0.26692100343108127,4.215189847145037
681146,,"R",26,142,"23.1",-2.2436305000941505,5.893461538461539,-0.21479085424379543,5.025967509941039
681151,,"R",176,117,"27.8",-2.4441557164167267,5.688465909090909,-0.33570405728407066,4.576975578816238
681168,,"R",325,140,"34.2",-2.0257362427640313,5.73476923076923,-0.1692424409707939,4.472114911833264
681190,,"R",2142,135,"35.4",-1.964387764921827,5.96047152194211,-0.06686828072286549,4.609530086704914
681217,,"R",212,108,"32.7",-2.047388167288626,5.795141509433963,-0.15229833181986346,4.576606084569334
681293,,"R",618,117,"21.5",-2.276730657210493,4.971343042071197,-0.20034159066392077,4.154389156412786
681343,,"R",2391,145,"33.7",-2.0755292067935023,5.792091175240485,-0.128412499748388,4.495263086283903
681347,,"R",1537,134,"47.7",-1.3767734294943232,6.124248536109304,0.18936382934554316,4.400195123437676
681432,,"L",76,112,"19.4",2.761888141213353,5.246447368421053,0.3468457582793883,4.396049710338681
681517,,"R",1349,138,"45.2",-1.5318280553136367,5.7661304670126015,0.10496504501254643,4.1172344904590314
681676,,"R",523,138,"56.3",-0.9881239928142397,5.932695984703633,0.29260935471007454,4.009575284165465
681751,,"R",119,141,"48.6",-1.358801868682029,5.580672268907563,0.1924404424871553,3.820094456178193
681799,,"R",144,112,"31.3",-1.8020787002643848,5.1159027777777775,-0.07432585474846504,4.067767380917013
681810,,"R",146,121,"27.0",-2.4342365461976696,4.957534246575342,-0.37519709484042685,3.9064642645227456
681857,,"R",1159,116,"36.5",-1.9743606130641076,5.982424503882657,-0.05271097833124936,4.557587025587551
681867,,"R",276,111,"9.3",-2.842016618229686,4.768079710144928,-0.4341741549122943,4.373389996835361
681869,,"R",551,9999,"35.3",-1.9679088564924239,5.762885662431942,-0.09539735661299663,4.437853992255209
681870,,"L",503,114,"48.2",1.3582926704060636,6.023359840954274,-0.2523709904565477,4.219831623272841
681882,,"R",211,110,"48.4",-1.335756023356368,5.738909952606635,0.27035547093460394,3.932366662020258
681892,,"L",724,142,"32.0",2.288100742003255,5.727776243093922,0.1934085780620636,4.415918787361756
681895,,"L",329,9999,"16.1",2.4283362577782492,4.870638297872341,0.3952826698958113,4.286417984872866
681911,,"L",1023,119,"64.8",0.5499926987928127,6.011818181818182,-0.43495043012495144,3.913454742264808
681916,,"R",165,116,"48.6",-1.4789562184096032,5.981575757575758,0.00601109058499433,4.297756191325015
681962,,"R",1,145,"51.8",-1.2263982022817435,6.74,-0.04168333333333335,5.230499999999999
681982,,"R",1156,158,"3.8",-3.0541846267951556,4.342404844290657,-0.9240854756860278,4.202654600272005
682052,,"L",1666,133,"20.8",2.8285460804016926,5.20374549819928,0.5749539073918337,4.3498992669260215
682120,,"L",750,114,"31.2",2.4465394325993066,5.781506666666667,0.41277728187759954,4.550541635412953
682144,,"L",31,147,"40.3",2.0169022917542407,6.226451612903226,0.06553590937841414,4.57293715715025
682171,,"R",232,145,"-2.8",-3.2295084986189866,4.082025862068965,-0.9691463077785973,4.192404644569426
682243,,"R",1542,136,"44.1",-1.5312495988544228,5.673002594033722,0.16389554916295018,4.028086291213809
682254,,"L",859,139,"52.3",1.2699109766747216,5.822898719441211,-0.07762707631682157,4.078337409083646
682274,,"R",314,110,"62.1",-0.9598562177719739,6.358980891719745,0.1742411055099515,4.216661491933195
682515,,"R",15,137,"57.8",-1.4376883630447792,6.967333333333333,-0.2456662210338681,5.074808342245989
682610,,"R",229,138,"38.7",-1.8053062773897453,5.677336244541484,0.10985599132864739,4.14503370929952
682790,,"R",368,145,"27.5",-2.0518780684413116,5.197173913043478,-0.11139268532511819,4.187930197919089
682825,,"R",414,113,"35.3",-2.1009328466718555,5.847705314009662,-0.1468844185676027,4.466585545351211
682842,,"R",1164,158,"38.2",-2.109636387449357,5.86963058419244,-0.033697070921464484,4.232356264509865
682847,,"R",1500,114,"21.9",-2.243207705012551,5.055746666666667,-0.14272032525252526,4.2127036178847295
682989,,"R",314,108,"23.2",-2.526399571958865,5.31108280254777,-0.48559591862801865,4.435935246999785
682990,,"R",2468,158,"46.9",-1.475284399787936,6.068598055105348,0.1642334234349405,4.313596218693754
682995,,"L",46,134,"22.4",2.9736224007567182,5.380434782608695,0.7042499554367202,4.443771396186934
683004,,"R",2583,140,"45.5",-1.6250694917677282,5.608656600851723,-0.13104126121500584,4.086441410173332
683155,,"R",186,133,"38.4",-1.8000923224322,5.786236559139785,-0.03352170135894045,4.385421270580569
683175,,"R",377,113,"40.4",-1.7185681300137787,5.815198938992042,-0.098899020789893,4.442501793642463
683232,,"R",845,158,"55.3",-0.9050429549115669,6.237136094674556,0.3923106614350958,4.360591952873673
683409,,"R",1022,115,"34.5",-2.165887661412813,5.788326810176125,-0.15760505867353167,4.410335273885395
683618,,"R",279,119,"41.2",-1.7021542035255597,5.894695340501792,0.05591269973613427,4.355291433308416
683627,,"R",608,115,"49.3",-1.254391488610099,6.1430592105263155,0.1844554532847828,4.472953835080683
683766,,"R",2,137,"45.9",-1.6214301823323911,6.11,-0.11936007130124779,4.563492736185383
683769,,"R",1049,114,"36.8",-1.983984469324367,6.224966634890372,-0.07118416852311599,4.793422849280105
684007,,"L",2176,112,"35.8",2.0206647303208016,5.416681985294118,0.2158267426781876,4.113387091639797
684320,,"R",1158,141,"36.4",-2.0807859441715095,5.723385146804836,-0.22668666018613443,4.355891178240805
684974,,"R",176,158,"18.5",-2.2550690574275256,4.975,0.037592280424566506,4.2050966136971315
685005,,"R",41,146,"42.4",-1.624918714452472,6.245609756097561,0.12182925090213469,4.651102841180818
685068,,"R",95,110,"44.5",-1.829676707147894,6.2414736842105265,-0.12372308753166338,4.56350899709166
685107,,"L",482,9999,"34.8",2.1562001447096844,6.185103734439834,0.1777888405041383,4.80846233071501
685126,,"L",1216,145,"32.0",2.4445969950644932,5.075773026315789,0.6616971611431653,3.96393587637208
685299,,"R",1244,115,"42.9",-1.786606984321361,6.159782958199357,-0.011953281490906813,4.508792992030195
685314,,"L",427,109,"48.8",1.4510506125596017,6.269672131147541,-0.11452119688411878,4.483605644821267
685326,,"R",501,115,"30.5",-2.2383684178235748,5.730399201596806,-0.19964624369798728,4.527316838515483
685801,,"R",227,139,"53.7",-1.212679111277698,5.733127753303965,0.04963153195599425,4.010845314769881
686218,,"R",1145,119,"34.7",-2.064549385295661,5.488323144104804,-0.1487776908047856,4.159677600666309
686228,,"R",220,9999,"33.1",-1.9271230900357859,5.100090909090909,-0.07784112583049749,3.8956866678820288
686249,,"R",24,144,"43.7",-1.7550432199533588,6.431666666666667,-0.004592966428995847,4.758301905080214
686563,,"R",1793,145,"26.4",-2.5878814324369,5.841779141104294,-0.4516614556211371,4.779345722819879
686580,,"R",499,111,"50.9",-1.6715687392388128,5.959779559118236,-0.15169324888636454,4.088938995638335
686613,,"R",2962,117,"56.1",-1.0552096504099844,6.155472653612424,0.1738011400797505,4.324050656443291
686642,,"L",329,145,"27.5",2.231271396420302,5.724316109422492,0.2360239644794088,4.682147141177555
686654,,"R",82,121,"47.0",-1.5657546275579746,6.040731707317073,-0.020106114951523847,4.380077689013521
686676,,"R",2,145,"46.1",-1.3759971942276636,6.17,0.07635378787878791,4.659963636363636
686701,,"R",1312,9999,"49.3",-1.2830544474099945,5.920586890243903,0.11441835497641406,4.300298129836746
686730,,"R",245,113,"27.8",-2.026315197864198,5.3342857142857145,-0.06924299938157082,4.3033332012805126
686747,,"L",100,113,"24.9",2.5059716185553853,5.445,0.3725763449197861,4.455565299465241
686751,,"R",214,143,"48.5",-1.4014366325008312,5.735046728971962,0.10421166100254886,4.030840555083546
686752,,"R",2698,139,"41.3",-1.7506235196988493,5.914536693847294,-0.07876146977559134,4.443519934882774
686753,,"R",53,109,"40.3",-1.6663116187590798,5.649433962264151,0.05251601923788383,4.191788965122927
686790,,"R",212,137,"33.2",-2.393355460550027,5.349669811320755,-0.3405019338781825,4.0033595218275995
686799,,"R",1840,108,"29.9",-2.407436767032607,5.923755434782609,-0.18619741988297295,4.643797868858018
686826,,"R",409,109,"36.9",-1.7283375063754693,5.618973105134474,-0.03243149414466831,4.34241067208835
686930,,"R",431,133,"56.2",-1.0323257327913165,6.057795823665893,0.19207639821167866,4.229720389096369
686973,,"R",1066,9999,"41.8",-1.9014875774200102,5.503386491557223,-0.23476415632430697,4.013327364863735
686993,,"R",1092,133,"35.2",-1.9189849202854072,5.4489194139194135,-0.14091387787049553,4.192800750393397
687003,,"R",129,139,"30.1",-2.2778554238156503,5.294728682170542,-0.20454864237449735,4.09263717130263
687064,,"R",938,110,"48.9",-1.2733154950021313,6.023134328358209,0.3046855908577814,4.209762058785523
687074,,"R",66,116,"45.6",-1.4843327198645697,5.506969696969697,0.01806143385728947,3.974498929130881
687075,,"R",290,121,"33.3",-2.1171287898891986,5.583896551724138,-0.19646586422029627,4.320703190116172
687134,,"R",1033,115,"62.4",-0.8213056390135709,6.312642787996128,0.2882885837763777,4.19453822709758
687166,,"R",36,109,"50.9",-1.5039164300229082,5.844166666666666,-0.0027639507823331235,3.993868934442464
687209,,"R",165,113,"37.5",-1.941871105511642,6.193939393939394,0.09337780856695294,4.632300734618917
687223,,"L",705,115,"20.7",2.3767739475717002,4.980283687943262,0.34519444874274663,4.213034683126636
687287,,"L",87,146,"41.5",1.5667669895568612,5.934137931034483,-0.06730554018890733,4.48833246870326
687330,,"R",588,139,"3.6",-2.797569785814303,3.8042006802721087,-0.6653558715910607,3.6699476511816846
687362,,"R",418,146,"42.4",-2.0043729979464864,5.586315789473685,-0.30238332480447594,4.032672187822498
687377,,"R",501,120,"39.6",-1.9712338387269446,6.398483033932136,-0.08145640359210278,4.834068148551382
687396,,"L",366,147,"42.9",1.6836920445987353,6.425109289617486,-0.1369743970563884,4.730711743520061
687424,,"R",129,133,"35.3",-2.1000046483341475,6.236201550387597,-0.19756368541778938,4.88846190772292
687473,,"R",1759,9999,"43.7",-1.373048056478062,5.789556566230813,0.4056553986678138,4.088872962072316
687589,,"R",13,121,"36.0",-2.294278085762102,5.585384615384616,-0.3956840326340326,4.2051135335252985
687606,,"R",448,141,"35.6",-1.8273611771920348,5.811964285714286,-0.013459198736312713,4.510578146286924
687765,,"R",1350,133,"43.6",-1.8631611493046782,6.105088888888889,-0.162666522875817,4.484471725688255
687830,,"R",463,116,"29.2",-2.506905205783266,5.350107991360691,-0.4416815436797142,4.192743991175893
687847,,"R",99,140,"61.6",-0.6757978222274893,6.514646464646464,0.398947475647743,4.530891434847584
687849,,"R",308,114,"51.6",-1.1962439022214344,6.225162337662337,0.2255299282936315,4.431397018022085
687863,,"R",624,112,"40.5",-1.8169780610735295,5.638301282051282,-0.15641684434846198,4.223851836949815
687888,,"L",814,117,"26.9",2.4067423336159193,5.503587223587224,0.320758892180951,4.444144408129569
687911,,"L",1046,117,"33.5",1.96526907645696,5.491845124282983,0.11872330352791213,4.269584723656541
687922,,"L",438,141,"48.2",1.4450659125160676,6.183036529680365,-0.11507827611326805,4.441035431673708
687931,,"L",408,137,"48.2",1.3538359968156017,6.245612745098039,-0.1440012964856174,4.5719699162909375
688107,,"L",102,158,"28.4",2.3384388241076124,5.164313725490196,0.35306911240432004,4.089139089860543
688138,,"R",1337,136,"33.4",-2.165781139597927,5.935078534031414,-0.02929395052642666,4.5232980928782744
688158,,"R",766,135,"32.4",-2.0991764601235414,5.345966057441253,-0.19292476892252272,4.136885574877946
688297,,"R",394,138,"17.0",-2.6961568923466652,4.936802030456853,-0.27908761796827636,4.198529390501009
688497,,"R",319,109,"71.4",-0.1402001579508699,6.376551724137931,0.5985369741113886,4.1856844618041
688642,,"R",527,115,"40.1",-1.929724775808942,5.893776091081594,-0.22891928905079367,4.460972315971412
689017,,"R",773,119,"54.3",-1.0863594818336202,5.785523932729625,0.22625599280991945,3.9591753875794704
689147,,"R",1073,143,"31.3",-2.1674382616323085,5.720503261882572,-0.21113743556390616,4.537522566130578
689225,,"R",405,116,"49.1",-1.243303103758733,6.085506172839506,0.29557971765586144,4.308420730837789
689254,,"L",859,141,"32.6",2.0086136338035065,5.665389988358556,0.21234240982031505,4.520408564865252
689266,,"L",536,144,"37.1",2.0516297880745467,5.889384328358209,0.08177871870593556,4.3976647457897675
689520,,"R",93,142,"30.4",-2.211393553806855,5.573118279569893,-0.13647945297376035,4.354012440342706
689690,,"R",585,135,"-0.6",-2.489719720382859,3.8728547008547007,-0.30585271874095404,3.8945377692460044
689958,,"R",29,114,"38.5",-1.7530291229684987,5.8293103448275865,0.023329500891265616,4.416079964964042
690382,,"R",158,9999,"32.1",-2.231306598132148,5.844683544303797,-0.29774322074054016,4.633075116202983
690544,,"L",224,116,"45.2",1.3020588703091938,5.938348214285714,-0.23549887676661574,4.390127997278457
690829,,"R",70,108,"31.2",-2.005192857977125,5.2907142857142855,0.03297593710211357,4.055259237331296
690916,,"R",735,111,"52.6",-1.2099917805700948,6.019523809523809,0.22607083633453381,4.136984803133375
690925,,"R",465,9999,"51.5",-1.2912784955440715,6.096258064516129,0.1266860698062216,4.316224016061947
690928,,"R",928,111,"49.1",-1.5110961950068782,6.058717672413793,-0.007606232040229888,4.317460893801094
690953,,"R",720,9999,"28.5",-2.1951503934175047,5.644416666666666,-0.12211677077143988,4.516424774088929
690986,,"L",588,9999,"27.1",2.3525488553266243,4.819166666666667,0.30716220942922623,3.773767833648611
690990,,"R",1788,112,"48.6",-1.5825107624743555,6.013092841163311,-0.07601234148631998,4.3046433256269765
690997,,"R",738,121,"27.4",-2.529659422935918,5.158292682926829,-0.5403848158775706,4.126813417411803
691094,,"R",47,113,"32.7",-1.910723195693983,5.506808510638298,-0.026916509272954827,4.299877437706224
691172,,"R",140,113,"26.3",-2.294139270442866,5.646071428571428,-0.15515992296918765,4.589918617901707
691251,,"R",255,120,"38.9",-1.931196387607982,6.307764705882353,-0.10763235643633567,4.83818353325644
691441,,"R",100,109,"46.9",-1.418435769745143,6.228,0.09934897682709447,4.605175615864527
691548,,"R",78,144,"33.9",-2.2702029695331354,5.959871794871795,-0.2543271973124914,4.603130303030303
691587,,"R",1673,146,"30.2",-2.3329623570838143,5.8926598924088465,-0.06523760469573907,4.570550720364221
691594,,"R",1,146,"34.5",-2.0892164654972265,5.65,-0.44198333333333334,4.522266666666666
691769,,"L",71,109,"40.5",1.6245752712078332,5.6326760563380285,-0.02111946975973488,4.226393482463408
691799,,"R",610,145,"57.9",-0.7522838252394802,5.848295081967213,0.4472022521258876,3.9373541838344877
691951,,"L",302,108,"39.2",1.5982828976392338,6.0318211920529805,-0.03327672380210362,4.698290866888597
692024,,"R",84,121,"18.3",-2.747301880756522,5.206785714285714,-0.4940233341821577,4.460789983872337
692030,,"R",41,140,"35.5",-2.0233940270400765,5.705365853658536,-0.12505684970218686,4.3524021281683405
692230,,"R",208,158,"37.2",-1.8080896141259797,5.732740384615385,-0.07971793757712875,4.423457779720279
692285,,"R",288,111,"36.1",-1.9912946204789046,5.884166666666666,-0.08603070440928896,4.496192533484353
693312,,"R",652,134,"47.5",-1.3037724852231325,6.045736196319019,0.2581393218999814,4.342594318728607
693313,,"R",621,137,"41.6",-1.7775095372175544,5.9527214170692435,0.06412198727829589,4.314454707920351
693433,,"R",2714,136,"24.9",-2.3433453467482774,5.029786293294031,-0.2871676267968164,4.0754972562877905
693645,,"R",1253,147,"41.8",-1.8921978571249878,6.391819632881085,-0.19421861308261243,4.8776646570868065
693821,,"R",2514,144,"51.5",-1.3173237962262898,6.464081145584726,0.1347634280116907,4.637133516372486
693855,,"L",995,139,"46.6",1.6807270410249053,5.877035175879397,0.12075135750051505,4.226545287489139
694037,,"R",841,112,"34.4",-1.8415117128614873,5.553912009512485,-0.0234628817022431,4.307859404600668
694297,,"R",2918,109,"26.8",-2.4498950067086076,5.522693625771076,-0.3995541977448965,4.484095320030935
694335,,"R",956,138,"31.7",-2.2320547478527373,5.710554393305439,-0.24495846982003147,4.484659588190544
694350,,"R",459,120,"51.4",-1.1723314982700794,5.889084967320262,0.23607137270436002,4.125572042998225
694361,,"R",305,119,"53.6",-1.2866423181143984,5.8878360655737705,0.05279168259256013,4.070396617574004
694363,,"L",280,145,"31.5",1.9852054711244713,5.364535714285714,0.1300858330150242,4.2250161729691875
694462,,"R",851,144,"55.6",-1.0339620432972263,6.214923619271445,0.3896161005925712,4.133308883959524
694477,,"R",2008,158,"33.9",-2.1043895954013396,5.522858565737052,-0.25296191069057106,4.280456564029088
694646,,"R",195,110,"43.2",-1.7555752919130556,5.889435897435898,-0.09113165409753644,4.328299809863339
694738,,"R",1851,137,"23.0",-2.5285337921020457,5.400837385197191,-0.42577841702370256,4.505572458255932
694819,,"R",1164,158,"29.8",-2.2432401461476044,5.2424570446735395,-0.17592883274834456,4.058489140648449
694851,,"R",245,9999,"48.8",-1.321297794813946,5.848367346938775,0.27823636945687363,4.020559694787005
694918,,"R",309,121,"43.9",-1.987751264819205,6.220323624595469,-0.2494031797126029,4.550108106190402
694973,,"R",2997,134,"23.4",-2.8219313990022994,5.579325992659326,-0.630411210140622,4.632596068379729
695243,,"R",972,9999,"35.0",-2.0838825422000413,6.1544855967078185,-0.10750329759101546,4.768053741940098
695418,,"R",2127,120,"19.5",-2.7154290560323906,5.361382228490832,-0.39019047942295265,4.5396497186248945
695445,,"R",600,116,"-4.1",-3.064899656406159,3.75045,-0.9665336675579322,3.901966451426025
695505,,"R",764,113,"51.8",-0.948694209215836,6.4437434554973825,0.486202913411914,4.620143355521647
695534,,"R",169,113,"31.3",-1.9476016499156645,5.42207100591716,0.03592913858388972,4.2148720590872175
695549,,"R",877,116,"43.2",-1.3448950213080895,5.814697833523375,0.25452839407557365,4.315026678821212
696131,,"R",74,137,"29.1",-2.071383063378817,5.469594594594595,-0.01503191694368165,4.324645735173676
696136,,"L",217,112,"53.8",1.4120845939070166,6.092304147465438,0.0064540998217468915,4.169071182959987
696147,,"R",334,108,"34.8",-2.116446361188391,5.408143712574851,-0.15673108248743156,4.042514029160929
696149,,"R",460,134,"41.6",-1.763735244487575,5.826108695652174,0.014550376075331328,4.248504470084477
696270,,"R",274,108,"24.7",-2.4318994026068426,5.79529197080292,-0.15974323613984412,4.747686506108748
697812,,"L",145,139,"24.1",2.306342167171955,5.739862068965517,-0.0020305114020529847,4.706669296822177
699134,,"R",127,135,"45.6",-1.361245882952207,5.895905511811024,0.22453210591323144,4.273745648237821
699911,,"R",186,115,"51.2",-1.3124560237820373,5.820806451612903,0.059458367354762044,4.115872171908841
700187,,"R",136,136,"31.2",-2.1701721243634573,5.590955882352941,-0.26905150401069516,4.439260147976303
700241,,"R",1465,138,"33.4",-2.1417777789276062,5.778013651877133,-0.16105413419478867,4.470258383615314
700249,,"L",1970,110,"41.3",1.7439414961083606,5.970005076142132,-0.035321918935548376,4.403869085570546
700270,,"R",60,109,"45.6",-1.3746356709407825,5.755,0.20307768419489008,4.142457058823529
700363,,"R",711,144,"43.3",-1.5835946325697152,5.689774964838256,0.17605263343286426,4.0278776560592275
700669,,"R",756,138,"51.9",-1.3600775930366198,6.117314814814815,0.04462862966735516,4.327834416881231
701121,,"R",182,117,"18.3",-2.832957353718697,5.028791208791209,-0.6909090948267419,4.322660409198645
701487,,"R",543,142,"47.4",-1.3521456190595502,5.95219152854512,0.1359105699503977,4.3322958391191735
701519,,"R",663,142,"39.8",-1.8040475341477629,5.83817496229261,-0.15699692614190885,4.467436782921039
701542,,"R",2796,147,"27.2",-2.1196294331300107,5.547896995708155,-0.05695973965864145,4.4855650836820615
701552,,"R",361,138,"43.1",-1.5803551061616141,6.320609418282548,0.10646741449034916,4.741902510356951
701581,,"R",882,142,"49.7",-1.3064826573177426,6.004852607709751,0.2223922759002591,4.205240656767757
701656,,"R",410,158,"32.7",-1.8637299122810036,5.21619512195122,-0.13337380222599016,4.105484230903004
702056,,"R",239,141,"63.2",-0.7477360828567847,7.088242677824268,0.37461330297809503,4.862485878101716
702070,,"L",2164,118,"57.8",1.104291639959747,6.416252310536044,-0.13313456117113287,4.444831133340582
702352,,"R",1294,137,"36.8",-2.0853027805344535,6.198732612055641,-0.2246092472593927,4.808544520851758
702674,,"R",562,108,"40.5",-1.8334575240744961,5.873345195729537,-0.13825770849588623,4.425733409138486
702752,,"R",29,121,"27.9",-2.366978248184652,5.2,-0.5240393048128342,4.223216715839941
702795,,"R",231,9999,"33.3",-2.419820340174832,5.9907792207792205,-0.3333369064981364,4.618073600404349
800048,,"L",625,114,"44.6",1.504412893890383,5.618928,-0.004918377040998222,4.13274233368984
800049,,"R",489,146,"55.0",-0.9410822624109634,6.0605316973415135,0.46847261773272236,4.046767254282267
800311,,"R",293,144,"29.5",-1.9421332430963636,5.11901023890785,-0.17176864387703578,4.1186661498542945
801139,,"L",304,111,"32.9",2.458690238904092,5.551546052631579,0.4829221544000375,4.271503613143822
801216,,"R",46,109,"46.8",-1.586119682647515,6.337826086956522,0.016765494458653028,4.6304308765403395
801403,,"R",1778,115,"25.8",-2.4009594824856095,5.3889370078740155,-0.26084402496145204,4.356332444824744
801434,,"R",136,9999,"30.6",-2.279996455092517,5.604338235294118,-0.19264839703260983,4.367041873099507
802419,,"R",200,134,"32.9",-1.8924208815910597,5.5155,-0.05310501114081996,4.327299827094474
802686,,"L",50,144,"16.9",2.446876795865609,4.6212,0.5018027718360072,4.029849224598931
804636,,"R",371,121,"64.3",-0.47812917947738576,5.854097035040431,0.49140288352047506,3.830606392848735
805123,,"R",507,117,"43.1",-1.751393899113427,5.943826429980276,-0.01996767290025209,4.319234479497376
805299,,"L",277,9999,"14.9",2.6047883825751628,5.444296028880866,0.15384187789983075,4.79038008520113
805427,,"L",78,116,"13.7",2.9387899542131017,4.76,0.822974789752731,4.2437837778234835
805673,,"R",1352,142,"39.6",-1.92923370358067,5.8763757396449705,-0.2677748717816874,4.505111752246623
806185,,"R",1191,137,"48.2",-1.206868851144648,6.475952980688497,0.3353679859043839,4.75198299067127
806188,,"L",908,146,"35.0",2.0261407963123754,5.839988986784141,0.1311525503152803,4.510262129751781
806960,,"R",821,133,"39.2",-1.820829126175477,5.676041412911084,-0.019325725333871783,4.20297092791496
808963,,"R",567,119,"44.2",-1.6605557764803456,6.140987654320988,-0.0802227602825642,4.606806190759132
808967,,"R",2789,119,"43.3",-1.4983026457817028,5.458694872714235,-0.056129239711139194,4.101854313610447
813349,,"L",323,111,"31.1",1.993574206783847,5.463157894736842,0.09449450864500035,4.315671167419966
815083,,"L",405,108,"43.9",1.686621097065448,6.033530864197531,-0.03958452454831541,4.371753851367708
820862,,"R",645,108,"45.6",-1.522832059450207,6.257658914728682,0.18574792742748966,4.509533819591262
829272,,"L",674,120,"47.6",1.3555727015087584,5.695192878338279,-0.06912859970802455,4.13304259760284