"year","last_name, first_name","player_id","team_id","pa","pitches","runs_all","runs_heart","runs_shadow","runs_chase","runs_waste"
"2025","Trout, Mike","545361","108","546","2482",16.79168300745584,-19.68885780053805,8.53406134152439,19.206321334952214,8.74015813151727
"2025","Neto, Zach","687263","108","548","2171",9.538620861697835,5.084195740465549,-18.01135984084596,11.16997032605418,11.29581463602408
"2025","Marte, Ketel","606466","109","550","2095",31.873793135824496,-8.878875816579821,13.167735039778362,18.146069252706802,9.438864659919242
"2025","Locklear, Tyler","682988","109","116","477",-5.897299958727692,-6.558524026123317,-2.9171500379724673,2.767126972400052,0.8112471329680442
"2025","Wisely, Brett","689172","144","63","261",-1.7047924682716944,-4.113065611800594,-0.10971270233044794,1.9888808796799122,0.5291049661794374
"2025","Valera, George","671655","114","49","204",0.21691191732783033,-2.881338132171224,0.47806711701046867,1.4478477936292544,1.172335138859331
"2025","Martini, Nick","605361","115","110","432",-3.860200118871273,-6.847669016517346,-1.221801898210886,3.0622106725324416,1.1470601233245148
"2025","Crim, Blaine","688760","115","74","291",0.009618010847189929,-3.373216392331518,-0.13683916015137154,1.6563757955684044,1.8632977677616736
"2025","Fulford, Braxton","690924","115","120","455",-6.753102280787949,-5.490132255111213,-6.0909862766914955,2.2440117834582467,2.5840044675565115
"2025","Narváez, Omar","553882","145","10","43",0.6527091665566122,-0.3965752743819773,0.1879526335602841,0.6427382860946245,0.21859352128368106
"2025","Vargas, Miguel","678246","145","569","2323",-0.09097380334549818,-18.45407319070495,-12.408629013895085,21.131278511476015,9.640449889778465
"2025","Montgomery, Colson","695657","145","283","1082",11.960377260719692,11.582024237806872,-9.592486443971767,6.8178770084778835,3.1529624584066793
"2025","Trammell, Taylor","666211","117","135","552",-3.389729381786685,-2.56493712799097,-6.336714472199949,3.992500277727883,1.5194219406763478
"2025","India, Jonathan","663697","118","566","2359",-9.895163961536753,-29.198317162867653,-8.094629444431973,18.83418605622855,8.563596589534287
"2025","Rave, John","670231","118","175","749",-9.957915815747057,-8.52452363964826,-11.729032331130758,6.708436383509133,3.587203771522836
"2025","Hernández, Enrique","571771","119","256","1033",-10.15194322384406,-9.678083451374661,-9.444959680799856,6.867376212080863,2.103723696249592
"2025","Edman, Tommy","669242","119","377","1338",-2.3883415437678615,-3.324819458581205,-9.78642448128776,5.877894429006385,4.845007967094705
"2025","Ramírez, Agustín","682663","146","583","2122",-5.170179501973015,-3.667462965270517,-21.456703659675554,11.288638518154388,8.665348604818623
"2025","Torrens, Luis","620443","121","283","1069",-9.103663969696902,-12.405450978548739,-8.452814802633858,8.300447176938206,3.4541546345474785
"2025","Alvarez, Francisco","682626","121","277","1123",8.88226044908431,3.8792328329875336,-3.981519720354634,5.15934817892991,3.8251991575215194
"2025","Marchán, Rafael","665561","143","118","459",-5.400919593434945,-5.978589705815724,-4.6741889612370535,3.926918587566392,1.324940486051444
"2025","McCutchen, Andrew","457705","134","545","2267",-6.532108657165285,-13.65157210656069,-18.459796575625635,16.142112927619632,9.437147097401445
"2025","Suwinski, Jack","669261","134","176","806",-11.009850308439994,-12.432658419771695,-9.850056868388428,7.987026206232977,3.285838773487147
"2025","Peguero, Liover","678894","134","88","349",-2.3027353244403455,-1.7808402026019274,-5.219205467279366,3.1422406757397785,1.5550696697011683
"2025","Iglesias, Jose","578428","135","343","1370",-9.268482286659463,-14.589165575053944,-2.418173044528701,1.5572395232884286,6.181616809634757
"2025","Wade, Tyler","642180","135","127","496",-4.3225609077055,-6.181573605939823,-2.4377030087332128,3.090836142787049,1.2058795641804851
"2025","Fitzgerald, Tyler","666149","137","243","925",-11.092797444641299,-5.468620196669832,-12.877031322857896,3.7179813700954973,3.5348727047909256
"2025","Burleson, Alec","676475","138","545","1933",14.63773810209795,-4.929773519135303,-1.3564116583037604,15.625550497259162,5.2983727822778866
"2025","Gray, Tristan","656484","139","86","315",-0.6857496110552395,0.13231185576612448,-3.5624704183782248,1.904013823129997,0.8403951284268631
"2025","Fortes, Nick","663743","139","242","915",-3.4756601377375955,-9.531285668808646,-4.3793253343157605,5.645086532021667,4.789864333365151
"2025","Carter, Evan","694497","140","219","822",1.2496320947070318,-5.985442799869759,-3.487539795888235,6.982324260093569,3.7402904303714637
"2025","Kiner-Falefa, Isiah","643396","141","459","1631",-14.940249868271698,-6.657196813232506,-15.158538740373668,2.9910696011715565,3.8844160841629223
"2025","Schanuel, Nolan","694384","108","559","2150",5.696094232885531,-13.687837183453484,-7.641144208927613,17.43519491742314,9.589880707843465
"2025","Alvarez Jr., Nacho","805373","144","208","819",-8.759387653360152,-8.568377700586273,-6.643085250583386,1.8397247009562385,4.612350596853278
"2025","Handley, Maverick","668974","110","47","183",-7.75246291980497,-4.964984876075887,-3.672558163568363,0.14222208931481906,0.7428580305244563
"2025","Henderson, Gunnar","683002","110","643","2503",9.499619809244699,-13.811819053952807,-5.412316441546101,20.56073507663966,8.163020228103957
"2025","Bregman, Alex","608324","111","492","1947",17.20718722136125,3.0494771063520663,-12.63320587935204,17.309334575528023,9.481581418833237
"2025","Yoshida, Masataka","807799","111","205","715",1.72465359154383,-3.8057941535762123,-1.3473190856667832,4.598802780414633,2.2789640503721937
"2025","Benson, Will","666181","113","252","922",0.7481289572904644,-4.068183334000694,-5.06069999473022,6.2141128881072465,3.662899397914134
"2025","Naylor, Bo","666310","114","414","1681",-9.077777201393472,-12.23236938343628,-13.039923255654863,8.858122254396221,7.336393183301454
"2025","Kwan, Steven","680757","114","691","2786",-2.7829363839235453,-33.48038526577067,-2.123189362024952,24.016429065380336,8.804209178491664
"2025","Brennan, Will","686823","114","13","46",-1.5592721047626492,-0.8231365831458697,-1.8568738721968612,0.7642870843307887,0.3564512662492928
"2025","Robert Jr., Luis","673357","145","428","1524",-3.3546361265041305,-0.609076657275833,-14.384581142882684,6.397717922358269,5.241303751296146
"2025","Meadows, Parker","678009","116","213","858",-8.9796684187295,-10.481296084009728,-7.705300446409575,5.869599661178266,3.3373284505115466
"2025","Guillorme, Luis","641645","117","21","81",-2.9067383689551844,-1.9251547539675475,-1.673653517747695,0.5345492916201108,0.15752061113994634
"2025","Diaz, Yainer","673237","117","565","1871",-0.7943186039304897,3.5347660198826714,-5.607366612300361,-4.399189463761405,5.677471452248608
"2025","Smith, Cam","701358","117","493","2024",-7.33729237108031,-6.6527103235534755,-19.350293422371525,9.718170822498495,8.947540552346194
"2025","Witt Jr., Bobby","677951","118","679","2511",27.76324651398099,-1.6979746931455493,1.4231309957911302,18.251443100668443,9.786647110666973
"2025","Jensen, Carter","695600","118","69","293",6.438525407538868,3.7068277410610944,-1.8404913799531943,3.259332527832813,1.3128565185981396
"2025","Freeman, Freddie","518692","119","620","2382",26.950670182638973,8.793555433841586,-12.275886100183891,19.26914288666721,11.16385796231404
"2025","Haase, Eric","606992","158","77","337",-0.9502812322707817,-1.1339252720657544,-2.670085660629618,1.7066995345979281,1.147030165826663
"2025","Lockridge, Brandon","663604","158","148","578",-8.781401243496516,-7.549026179844878,-5.665495206628374,3.331608956697375,1.1015111862793485
"2025","Black, Tyler","672012","158","13","54",1.2279209073702855,-0.7798588299955334,0.8500348848732935,1.117178024788067,0.04056682770445868
"2025","Lewis, Royce","668904","142","403","1517",-2.0519427762804465,-1.855243541390444,-9.582279560867896,5.21829982823124,4.16728049774667
"2025","Taylor, Tyrone","621438","121","340","1246",-14.549598863349948,-12.11865348487735,-11.415968903933424,4.234536199950418,4.750487325510396
"2025","Alonso, Pete","624413","121","704","2806",33.206739930949915,0.019160409682842022,2.7922905433405374,17.04231780687414,13.352971171052566
"2025","Young, Jared","676724","121","47","192",-0.4223051373567166,-0.8321855140278407,-2.2093179219758277,2.1317152583240637,0.4874830403228885
"2025","Escarra, J.C.","641555","147","98","395",-0.7314094197259569,-3.231879698916393,-1.039812520738348,1.8002786393304453,1.7400041605983396
"2025","Volpe, Anthony","683011","147","596","2397",-16.36798845116079,-11.60420223505206,-28.163395838968192,15.032524943892076,8.367084678967386
"2025","Sullivan, Brett","664954","134","9","36",-0.3849724282651806,-0.507815672974365,-0.5431361363932085,0.031797378045742966,0.63418200305665
"2025","Valdez, Enmanuel","665839","134","102","393",-1.089275735339889,1.3782474301487475,-6.360132994121473,2.112663785121834,1.7799460435110017
"2025","Cronenworth, Jake","630105","135","514","2184",5.851870836373769,-15.494468624543728,-7.324485985472184,21.081844043987612,7.588981402402042
"2025","Tatis Jr., Fernando","665487","135","684","2636",27.19079455414108,-0.3264223184644939,-9.201088074091611,23.625175268881012,13.093129677816146
"2025","Mastrobuoni, Miles","670156","136","175","669",-5.110713780682477,-12.515670057054324,-2.027369964496222,7.069373402276121,2.362952838591952
"2025","Contreras, Willson","575929","138","562","2160",12.964622103079394,-6.319915294262486,-3.779676449304611,14.014931275327282,9.049282571319221
"2025","Donovan, Brendan","680977","138","512","1923",3.4134105562271686,-7.756290572622133,-12.469913385910761,14.504673034877955,9.134941479882098
"2025","Misner, Kameron","670224","139","217","916",-9.35122863923938,-5.03503925077388,-9.024672657186505,2.996662369243648,1.711820899477356
"2025","Anderson, Tim","641313","108","90","330",-6.9087948773397905,-3.42260617053406,-5.732048914787209,0.6502785908904183,1.5955816170910584
"2025","Adell, Jo","666176","108","573","2219",15.614451805517215,15.128429414062168,-16.910862704635413,7.8227349765578795,9.574150119532597
"2025","Carroll, Corbin","682998","109","638","2497",24.247920825300742,11.345572346279132,-14.570479811343631,15.732738559693114,11.740089730672315
"2025","Tromp, Chadwick","644433","110","22","69",-0.3503073154222097,-1.0904367721558563,1.2254365176575983,-0.04716139705309857,-0.4381456638708523
"2025","Noda, Ryan","676116","110","57","254",-5.400300349659966,-6.235443496293153,-3.077972216956683,3.024114186224931,0.8890011773649349
"2025","Vázquez, Luis","676679","110","53","190",-3.4749311265909966,-0.7807908465948019,-3.263185255763686,0.08669765657012754,0.4823473191973625
"2025","Amaya, Miguel","665804","112","103","385",4.140935703594234,3.979937039959386,-1.1013790595791224,-0.12192167082029305,1.3842993940342607
"2025","Trevino, Jose","624431","113","302","1063",-11.325745544502013,-10.026248232441256,-9.0963640131305,5.145963384957406,2.6509033161123425
"2025","De La Cruz, Elly","682829","113","688","2676",2.1835720290070753,-9.866968858745928,-11.135389748477865,13.262425389751407,9.92350524647946
"2025","Thomas, Lane","657041","114","142","556",-10.630794468395766,-6.83753544555598,-11.089501504823135,4.615851404959218,2.680391077024118
"2025","Kayfus, C.J.","692216","114","138","493",-2.405143396819144,-2.7258455981480147,-5.067135489738038,2.8608060282552903,2.5270316628116087
"2025","Karros, Kyle","691720","115","156","635",-4.836159564856686,-5.432882675388981,-9.071749694916576,6.923723285389599,2.7447495200592757
"2025","Goodman, Hunter","696100","115","579","2149",26.835558738445993,16.73086811388037,1.5722702963939346,2.00621925896816,6.5262010692035695
"2025","Baddoo, Akil","668731","116","18","54",-2.640402028847482,-0.9856804013287978,-1.899079153026702,-0.09516841467081409,0.3395259401788322
"2025","Dezenzo, Zach","701305","117","109","480",-0.03656602063115705,-4.782197809357958,-0.855314277378922,3.220028644135847,2.380917421969878
"2025","Cole, Zach","805904","117","52","224",2.685900140661667,-1.1715470580156717,2.7364044781362087,0.3585570961382745,0.7624856244028559
"2025","Isbel, Kyle","664728","118","409","1470",-12.74931869827615,-14.161614187359792,-9.014124744678018,5.571301330821921,4.855118902939742
"2025","Loftin, Nick","679845","118","188","676",-6.320162319267359,-7.113955849493948,-6.820478491861346,4.4073781762985735,3.2068938457893514
"2025","Blanco, Dairon","680118","118","8","32",0.1478227550522626,0.17333597105470055,0.018713739195415614,-0.1704403685991009,0.1262134134012472
"2025","Rojas, Miguel","500743","119","315","1166",1.0633039586048283,-0.43401011714191684,-6.346796376659111,5.229959897364943,2.6141505550409074
"2025","Ruiz, Esteury","665923","119","23","88",-0.7697083578974366,0.6597314223141195,-2.5626055208298997,0.7426136521213325,0.3905520884970114
"2025","Mitchell, Garrett","669003","158","78","303",-4.128785271261664,-3.874532238292825,-3.8622380005373884,2.3514041420900167,1.2565808254785287
"2025","Miranda, Jose","669304","142","36","127",-4.5076232235042575,-2.4775155656301258,-1.2831626822543178,-0.9412034977288352,0.19425852210902095
"2025","Chisholm Jr., Jazz","665862","147","529","2138",19.218859454558945,4.886482738958897,-9.994517082834086,14.744742289461959,9.58215150897219
"2025","Schwarber, Kyle","656941","143","717","3059",51.62749292155587,29.08452732913839,-22.512792728633446,25.343806165642984,19.711952155408014
"2025","Bart, Joey","663698","134","332","1345",-1.6895300795236667,-12.082022510994612,-4.435444750146631,9.677081532295041,5.150855649322577
"2025","Arraez, Luis","650333","135","675","2467",-8.765676813851108,-30.536261173298538,-2.8298891802456136,16.326694231954473,8.273779307738568
"2025","Alcántara, Sergio","642727","137","4","18",-1.0979074351706701,-0.6271395689398515,-0.34082518209028106,-0.12994268414053778,0
"2025","Bailey, Patrick","672275","137","452","1724",-18.988071040840573,-12.325200595271738,-17.679473094013414,6.378089681178688,4.638512967265868
"2025","Lee, Jung Hoo","808982","137","616","2351",1.9470400127864118,-15.66807901634364,-8.725391966680617,16.417675692608533,9.922835303202124
"2025","Barrero, José","676480","138","31","128",-3.470500271792191,-1.3538387317935692,-2.484196861835576,-0.09975093318489622,0.4672862550218485
"2025","Pereira, Everson","677592","139","73","307",-6.476490800019023,-4.002337981012407,-5.611893317329535,1.739337783430828,1.398402714892094
"2025","Simpson, Chandler","802415","139","440","1516",-8.846921709897934,-12.200733218866546,-8.71519817128505,8.174174737671796,3.894834942581882
"2025","Foscue, Justin","679822","140","9","42",-1.1680943453113863,-1.599614121805792,0.1664515733179903,0.17914180209599262,0.08592640108042246
"2025","García Jr., Luis","671277","120","525","1838",-6.667744178158442,1.51363195713247,-16.326561320110134,1.6395233089262682,6.505661875892923
"2025","Bleday, JJ","668709","133","342","1328",-4.786996543833638,-9.190775593871562,-14.285813490694007,13.976267423975141,4.713325116756786
"2025","Schuemann, Max","680474","133","213","838",-6.45615362387459,-11.979339250615327,-7.116816940679874,8.303106048378439,4.3368965190421696
"2025","Thomas, Colby","687515","133","132","481",0.12370202618864115,1.2432978451040784,-1.6599776568553526,-1.6143154239331883,2.1546972618731033
"2025","Allen, Nick","669397","144","415","1582",-26.592788427505372,-24.779545115525142,-17.440481981500294,10.06675254702529,5.560486122494805
"2025","Kelenic, Jarred","672284","144","65","258",-5.638201928778315,-2.3260492119520215,-5.294540875423147,1.4629200621220155,0.5194680964748314
"2025","Baldwin, Drake","686948","144","446","1750",18.14590075543998,-6.745822184795702,5.747430778490044,10.991433638673106,8.152858523072519
"2025","Cowser, Colton","681297","110","358","1483",-6.287727754956194,3.4388295774736837,-22.784018587397306,7.156670524338169,5.900790730629249
"2025","Duran, Jarren","680776","111","695","2624",16.090724683227872,4.041027334377778,-12.552184550917257,9.27738019508306,15.32450170468436
"2025","Sogard, Nick","686765","111","104","400",-1.4169565005185507,-4.783382950245975,-2.439502326915886,4.064732682166539,1.7411960944767728
"2025","McGuire, Reese","624512","112","139","503",-2.1796405356776196,4.529624239236783,-7.850122836791526,-0.3620711308122111,1.5029291926893342
"2025","Happ, Ian","664023","112","661","2717",12.530329851415173,-6.8114808451279165,-17.54462635371023,28.01251865104341,8.873918399209769
"2025","Hinds, Rece","677956","113","44","171",-4.432500028546041,-1.1098920623980386,-3.1709482838992415,-0.7026006194373526,0.5509409371885907
"2025","Martínez, Angel","682657","114","484","1797",-16.183178238384514,-18.10864608578293,-7.6093205882732535,4.277769393680507,5.257019041991137
"2025","Halpin, Petey","690984","114","8","33",0.3276443310854805,-0.7858217250279402,0.14159666921862268,0.859355874624203,0.11251351227059514
"2025","Workman, Gage","669398","145","17","52",-1.7759962784697723,-1.265972594908475,-0.9314946515906584,-0.027536134263040635,0.44900710229240154
"2025","Waters, Drew","671221","118","219","795",-7.658164773457248,-4.10328656187968,-8.076390613218587,2.738627908354615,1.7828844932864
"2025","Pages, Andy","681624","119","624","2365",11.676926431319476,6.200084304743868,-11.131468115360684,7.1993625882949,9.40894765364142
"2025","Rushing, Dalton","687221","119","155","600",-7.139063580838545,-1.080321865020011,-11.509810972048482,4.090546335618258,1.3605229206116873
"2025","Winkler, Jack","676466","146","16","75",-0.7640399169012673,0.09197185266393826,-1.315409432242317,0.3737027823714918,0.08569488030561977
"2025","Marsee, Jakob","805300","146","234","881",5.620413072630453,-9.545512826289361,2.4593455664893566,8.953530071817186,3.7530502606132723
"2025","Vientos, Mark","668901","121","463","1764",-5.608305243256765,-0.7779939186397238,-20.096927685215956,6.913211444344856,8.353404916254062
"2025","LeMahieu, DJ","518934","147","142","539",-0.2544886220531432,0.552513273033864,-3.690057718159755,1.2392332187082356,1.6438226043645094
"2025","Bader, Harrison","664056","143","501","1941",11.787344643339114,10.855097778268417,-12.902757949416591,4.331969712348634,9.503035102138643
"2025","Bohm, Alec","664761","143","504","1801",4.120509907599701,-12.107844020106125,-2.7545230152961295,12.272455123484153,6.7104218195177925
"2025","Triolo, Jared","669707","134","375","1454",-4.821522854058394,-9.735387467828327,-11.70405525725022,12.146538134781315,4.471381736238856
"2025","Thomas, Rhylan","689041","136","10","34",-0.3350594825784369,-0.6705061508293684,-0.4003294177214458,0.18317596097694602,0.5526001249954313
"2025","Koss, Christian","683766","137","191","644",-2.517462027231958,-3.769960063451561,-3.048983576195705,1.9599038443693395,2.3415777680459633
"2025","Pagés, Pedro","686780","138","388","1486",-11.630944508315151,-4.118522958797057,-14.443106312739387,1.238946218693219,5.691738544528055
"2025","Prieto, César","693409","138","6","25",-1.0609242227362707,-0.3339487352989927,-0.8403610245690164,0.07178813673261222,0.04159740039912607
"2025","Díaz, Yandy","650490","139","645","2520",24.391050715695876,2.709664489736372,-6.442669680095757,18.748653027888555,9.375402878166737
"2025","Heim, Jonah","641680","140","433","1704",-13.436959562289207,-5.97129116503017,-20.76879950368025,7.273367247813786,6.029763858607372
"2025","Duran, Ezequiel","677649","140","219","807",-15.441481475431047,-5.378201597468046,-14.802075936695305,0.5466929928026004,4.192103065929702
"2025","Helman, Michael","680737","140","110","405",-0.3861028250451307,-6.826991570347749,2.766676004783219,2.889605738659897,0.7846070018595038
"2025","Stefanic, Michael","683021","141","25","98",-2.0817674119257927,-1.7867125806182114,-0.8312985390644342,0.28322859515754517,0.25301511259930654
"2025","Muncy, Max","691777","133","220","824",-9.074929146666243,-0.37837577650837706,-14.364442919727626,3.738719706301159,1.929169843268606
"2025","León, Sandy","506702","144","12","41",-0.9355529206183762,-0.5070973639167359,-0.697882704448238,0.22782974734747172,0.04159740039912607
"2025","Olson, Matt","621566","144","721","3162",32.010588433229756,8.330058620129144,-15.819763581449113,23.535739645217458,15.964553749332355
"2025","Mountcastle, Ryan","663624","110","356","1352",-4.136806635769439,3.0734151532471645,-15.76927019515329,2.3053394254775137,6.253708980659131
"2025","Johnson, Daniel","669288","110","57","210",-3.866943440706108,-1.980932025351718,-4.187134624407289,1.0700471394419364,1.2310760696109586
"2025","Hoerner, Nico","663538","112","648","2305",6.015937767181639,-16.06210691170344,2.0279176305489868,11.991498741050789,8.058628307285232
"2025","Joe, Connor","656582","113","80","334",-6.724825244725961,-7.913250561081948,-2.5770171424120205,2.6356270484195368,1.1298154103484646
"2025","Jones, Nolan","666134","114","401","1697",-16.97057903612248,-19.59178446673374,-12.425256519944714,9.437593909914627,5.608868040641336
"2025","Wilson, Will","669717","114","91","368",-7.220424444131572,-4.952239710827754,-5.185287580086271,1.797493216495415,1.1196096302870377
"2025","Arcia, Orlando","606115","115","214","784",-11.027774768701624,-8.093935949936286,-8.437722771967366,2.5369874348146895,2.9668965183873297
"2025","Miller, Owen","680911","115","17","68",-1.2628444230928373,-0.6813498624488451,-2.013986914978345,0.561809483772354,0.8706828705619998
"2025","Ritter, Ryan","690022","115","207","773",-7.862760554176632,-7.4569093464374046,-5.374526845605038,2.599502777999098,2.369172859866709
"2025","Robertson, Will","683770","145","75","266",-9.35109576910692,-4.887359845676724,-5.113251298200598,-0.661053970433297,1.310569345203688
"2025","Teel, Kyle","691019","145","297","1225",7.38917314314353,-4.274708272619816,-3.9231165889401645,9.327600153827348,6.259397850876169
"2025","Renfroe, Hunter","592669","118","108","391",-9.737058008241043,-7.506318797214688,-5.033826443421264,1.6613024660165678,1.1417847663783298
"2025","Garcia, Maikel","672580","118","665","2519",10.437990664782255,-22.9570544755918,1.4854643060671746,22.245855840607618,9.663724993699201
"2025","Caglianone, Jac","695506","118","232","858",-16.074288221089247,-12.290365262063325,-9.792324860651663,2.195389463660166,3.8130124379655705
"2025","Ohtani, Shohei","660271","119","707","2865",63.104372848091586,21.925365682128643,6.440711772249832,21.46803298762431,13.270262406088888
"2025","Myers, Dane","667472","146","332","1241",-15.346898763846276,-11.625416724710533,-16.895156112193888,9.472526058306267,3.7011480147518605
"2025","Mesa Jr., Victor","683748","146","38","141",-1.4098290045592345,1.5695582847421052,-4.392207469391957,1.0772299936131768,0.3355901864774412
"2025","Turang, Brice","668930","158","658","2772",17.330442137744548,-10.222124319711067,-4.390321611816768,22.176094005781916,9.766794063490456
"2025","Lindor, Francisco","596019","121","730","2940",18.685618423379832,-5.407926414070515,-14.292038888531458,23.520369356786137,14.865214369195645
"2025","Stott, Bryson","681082","143","559","2466",0.21153983106592156,-11.137898681681127,-14.153017884643194,16.62931434238595,8.873142055004267
"2025","Crawford, J.P.","641487","136","652","2729",2.528182018272047,-21.884862734332277,-7.044701930053296,21.500971100949535,9.956775581708095
"2025","Smith, Dominic","642086","137","225","848",2.206753296496638,0.8053747524774624,-5.484510250457547,2.667713152841447,4.2181756416352805
"2025","Scott II, Victor","687363","138","463","1703",-13.160960874550728,-18.683553775569845,-16.735921298190323,15.991181630990756,6.267332568218683
"2025","Crooks, Jimmy","699625","138","46","199",-6.085587680933238,-4.866284961892946,-2.3811716661637936,0.24886677551073214,0.9130021716127672
"2025","Feduccia, Hunter","676439","139","105","477",-7.736517464737488,-7.032958474693273,-6.701455203171795,4.064983833847248,1.932912379280334
"2025","Ahmed, Nick","605113","140","10","31",-1.6187909109907321,-0.7615359295474633,-1.0162140428592528,0.15895906141598393,0
"2025","Smith, Josh","669701","140","561","2287",-3.5932902748703417,-12.247217516525325,-17.801037007174585,17.4710306868485,8.983933561981068
"2025","Freeman, Cody","683227","140","121","505",-5.158316025443688,-2.8644020614922354,-6.425883794029618,2.2096434859055054,1.9223263441726568
"2025","Adams, Riley","656180","120","286","1160",-16.050074376342103,-7.503197719746832,-14.341880620763535,1.6268162606916106,4.168187703476659
"2025","DeJong, Paul","657557","120","208","817",-6.348373049337834,-2.9187496811942735,-7.645259624300278,1.9354480808787526,2.280188175277963
"2025","Millas, Drew","686452","120","55","209",1.8677231340037967,0.4630600145762381,-0.37995964505852436,1.3823313196678464,0.4022914448182351
"2025","Davidson, Logan","669722","108","48","205",-4.0379994617685675,-3.3932683948545277,-3.550971040763106,2.362046351271377,0.5441936225776906
"2025","Guzman, Denzer","694203","108","43","176",-1.4526022920265471,0.6297119934684832,-3.581819992222752,1.156428802867117,0.34307690386060463
"2025","White, Eli","642201","144","270","1001",-4.958765365666935,-0.3505057260466157,-9.756413714561903,3.4871140546544095,1.6610400202871691
"2025","Kim, Ha-Seong","673490","144","191","790",-3.0732857622203786,-11.213236625482702,0.006309209630935217,7.012070114462207,1.1215715391691867
"2025","Hurtubise, Jacob","674441","113","15","62",-1.4712848268110112,-1.2578856148776334,-0.9718149113687867,-0.22571250409323496,0.9841282035286432
"2025","Encarnacion-Strand, Christian","687952","113","137","469",-6.226923002359459,-5.854277230066766,-0.6450523938601713,-0.3076156834814624,0.5800223050489364
"2025","Noel, Jhonkensy","678877","114","153","563",-12.538615420584765,-5.089408603202688,-6.331950159739155,-1.3053258706461695,0.1880692130032327
"2025","Romo, Drew","691011","115","3","12",-0.7796607527700938,-0.055450884237208585,-0.38971137924169375,-0.15676751685991305,-0.17773097243127847
"2025","Margot, Manuel","622534","116","20","68",-0.5333974689474278,-0.8634767958506724,0.15284465951701875,-0.003121179644864039,0.1803558470310897
"2025","Hicklen, Brewer","676551","116","4","18",0.8311476466576044,0.8319155237357978,0.09373676196848844,-0.12567890982219343,0.031174270775511683
"2025","Sweeney, Trey","700242","116","327","1192",-18.643974585718997,-18.829824471247882,-7.409105535623584,3.714585316958918,3.8803701041935557
"2025","Altuve, Jose","514888","117","649","2314",9.194742938753578,-2.51471359886227,-11.05775394981591,10.184277936833825,12.58293255059796
"2025","Walker, Christian","572233","117","639","2513",0.2424717883251084,5.066157357905386,-25.900655687429257,11.323569714032534,9.753400403816498
"2025","Johnston, Troy","687859","146","121","450",3.8852754978362714,0.18230444324947598,1.3358193725213383,1.1978800933885532,1.1692715886768987
"2025","Durbin, Caleb","702332","158","506","1838",3.6586398865711525,-10.122019166240236,-11.031599442579527,13.16743190146646,11.644826593924456
"2025","Rosario, Amed","642708","147","191","646",0.24023008539378207,-2.4982239926388363,-0.16214194581919594,0.7687733125775269,2.131822711274281
"2025","Vivas, Jorbit","678391","147","66","246",-3.9281180589292695,-4.488908450197015,-1.865442824463565,1.5574835685891684,0.868749647142136
"2025","Castellanos, Nick","592206","143","589","2166",-4.903015671094033,5.904265669408666,-19.340820884916177,-0.34476935783027535,8.878308902243704
"2025","Bae, Ji Hwan","678225","134","25","102",-3.386451542808595,-2.321156604526038,-2.053643911179621,0.9038528008061986,0.08449617209086287
"2025","Cook, Billy","695257","134","6","20",-0.22631742504206298,-0.4610315853103077,-0.2390312535511107,0.5261958797572636,-0.05245046593790813
"2025","Machado, Manny","592518","135","673","2647",10.299527889538062,0.23704417107057285,-10.277837376801006,12.277589929288686,8.062731165979798
"2025","Bogaerts, Xander","593428","135","549","2100",-4.925945686532567,-5.9855827313439205,-21.147668342997353,13.030505624861835,9.17679976294688
"2025","Naylor, Josh","647304","136","600","2013",20.915569501185463,4.346447554838854,-1.7955424764728714,12.773050102783687,5.591614320035776
"2025","Taylor, Samad","669392","136","9","23",-1.7556503765666174,-1.0044818219718277,-0.791012505799822,0.011512918418020615,0.028331032787011427
"2025","Huff, Sam","669087","137","58","232",-2.9951128379929153,-0.7071053466468753,-4.0996926201735935,1.3589173120841667,0.4527678167433872
"2025","Church, Nathan","701675","138","65","257",-3.434552762462852,-2.7575513618477663,-3.1147147539157527,0.7363169618141081,1.7013963914865577
"2025","Walls, Taylor","670764","139","316","1274",-13.323318555307104,-19.57975809504107,-9.20048961668598,12.20264316897342,3.2542859874465058
"2025","Seymour, Bob","676044","139","83","295",-4.387996270352723,-2.464956214903555,-3.600090783953597,0.48352409399517154,1.1935266345092532
"2025","García, Adolis","666969","140","546","2149",-14.243089023955939,-12.068650238196104,-21.64188604659522,13.189916500963355,6.277530759872011
"2025","Santander, Anthony","623993","141","220","934",-12.306616496479593,-11.850397483464892,-10.258662233426037,6.586731777253167,3.215711443158176
"2025","Lukes, Nathan","664770","141","435","1661",7.044636747060149,-6.621841213234971,1.7185857781249967,6.487907471473847,5.459984710696261
"2025","Bichette, Bo","666182","141","626","2308",21.57687840981309,6.9338641471544875,-5.292797271990094,13.130983905995334,6.804827628653344
"2025","Clement, Ernie","676391","141","587","1871",-4.579487254135611,-9.84793118495508,-7.291953277932684,5.4615298314480265,7.098867377304146
"2025","Wood, James","695578","120","681","2887",19.119549252399196,14.857137424539006,-22.334904941269457,17.100674715266322,9.496642053863326
"2025","Langeliers, Shea","669127","133","520","1923",16.587273009556302,9.965524856229354,-9.656894561719882,8.777933706776913,7.500709008269917
"2025","Williams, Luke","663897","144","33","107",-4.60021258571715,-2.1165700976877373,-2.03483066555024,-0.434758384737209,-0.014053437741964131
"2025","Sánchez, Gary","596142","110","100","411",-0.8669646762718988,-2.8701181358929433,-2.5051893638808993,2.819417770136666,1.6889250533652764
"2025","Caissie, Owen","683357","112","27","103",-1.3234201187230688,0.09265723372653434,-1.135001642998792,-0.4316093177422792,0.1505336082914685
"2025","Lux, Gavin","666158","113","503","2052",1.2461592121457192,-14.46407309044227,-11.496997937252582,20.225784761012452,6.981445478828109
"2025","Farmer, Kyle","571657","115","300","1101",-6.871958991311036,-7.387480852160005,-6.059940857824954,2.599056193377802,3.9764065252961256
"2025","Toglia, Michael","669911","115","335","1354",-10.638737118249479,-2.7861984695819397,-17.544701322572802,4.887894692413471,4.804267981491785
"2025","McKinstry, Zach","656716","116","510","2035",1.1438210585003652,-7.492765550901717,-11.858604354312952,12.049751992289288,8.445438971425768
"2025","Short, Zack","670097","117","56","252",-1.7669678046857678,-1.3887854731520233,-3.7456436998886966,2.6144065940951515,0.7530547742598007
"2025","Alvarez, Yordan","670541","117","194","803",6.127790028029935,-4.121288146992955,-0.5147914881864135,7.694323554859288,3.0695461083500124
"2025","Matthews, Brice","694728","117","47","179",0.6225467591409238,2.7207211465943595,-3.8436905593487265,1.1911169828606876,0.5543991890346049
"2025","Pasquantino, Vinnie","686469","118","677","2572",16.657963939345624,-0.048636055496718095,-6.2218019970652225,12.39879689545873,10.52960509644883
"2025","Muncy, Max","571970","119","386","1650",17.01180930435524,-6.2731187104332875,-2.609889157239352,17.900896460233454,7.993920711794459
"2025","Smith, Will","669257","119","435","1926",27.63357460775342,4.153282124819563,-1.0428679018644895,16.140764740432076,8.382395644366317
"2025","Bride, Jonah","681146","142","124","556",-9.473281387613058,-7.728834972702075,-7.164685768776161,2.757642869451294,2.662596484413884
"2025","Mullins, Cedric","656775","121","497","2103",-9.188796492148118,-21.9637468837697,-10.917114831799957,16.56086215018567,7.131203073235885
"2025","Mauricio, Ronny","677595","121","183","692",-3.4149245811487274,-2.2383020987736524,-3.8798385347508795,1.7875404643510073,0.9156755880247898
"2025","Wells, Austin","669224","147","447","1794",-3.202785467489528,-1.6916215448140546,-16.29670961701119,9.063957293936603,5.721588400399122
"2025","Rice, Ben","700250","147","530","2047",21.86703322766434,12.458539738609334,-15.250559081494208,13.853970098469441,10.805082472079773
"2025","Marsh, Brandon","669016","143","424","1657",6.539148745784992,-0.020030080911177743,-6.473709531298187,8.034239965715518,4.998648392278826
"2025","Cheng, Tsung-Che","691907","134","7","24",-1.2098205962696098,-0.3054557125715354,-1.0495545548985532,0.0906134342981245,0.05457623690235422
"2025","Matos, Luis","682641","137","184","687",-0.8149262241911354,0.06818414361995857,-2.9033288387258804,-0.5937201869150162,2.6139386578298045
"2025","Nootbaar, Lars","663457","138","580","2359",-1.403540406668395,-16.67705326537833,-13.801162047766034,19.844878771342092,9.229796135133869
"2025","Palacios, Richie","680700","139","48","190",1.02698276659205,-1.9687571877451466,0.4870470487434003,2.0931334190137667,0.4155594865800284
"2025","Tellez, Rowdy","642133","140","312","1286",-1.0652068224338707,-4.874499163028544,-6.569544457094237,6.113438012046339,4.265398785642584
"2025","Moore, Dylan","664238","140","243","1010",-8.219845387427416,-4.4900533355187875,-12.813711026228749,6.280734306668953,2.80318466765116
"2025","Burger, Jake","669394","140","376","1324",-6.584412101837511,0.008479700467394102,-11.806807681817075,0.37705651584133415,4.836859363670848
"2025","Straw, Myles","664702","141","299","1104",-2.719276605967857,-5.506974837391722,-8.489095271969436,7.541001487458318,3.735792015934992
"2025","Kieboom, Carter","666198","108","8","33",-0.6504066137540494,0.009143087396936762,-0.9504342352848305,0.2126971870201683,0.07818734711367625
"2025","Brown, Seth","664913","133","76","298",-3.9116321773993814,-2.2712577913850067,-5.249548582361485,2.444119395411331,1.1650548009357748
"2025","Hernaiz, Darell","687231","133","197","712",-5.171337766130547,-9.887243429460613,-2.0305967098854496,4.600371084947846,2.1461312882676555
"2025","Hamilton, David","666152","111","194","742",-11.27485793885967,-3.9166751401484983,-11.111543391294855,1.6056028491022083,2.1477577434814683
"2025","Kelly, Carson","608348","112","421","1667",1.3947490477423994,-5.8185092682407555,-12.00194956716081,12.505775913683758,6.709431969460207
"2025","Arias, Gabriel","672356","114","470","1792",-15.210636853081477,-7.122409485385395,-15.963758179823579,1.843012950949814,6.0325178611776735
"2025","Hedges, Austin","595978","114","180","696",-12.539362283883213,-9.441294165122082,-9.14582290901164,3.4516849968646537,2.5960697933858583
"2025","Schneemann, Daniel","682177","114","421","1668",-12.548996785657064,-17.11723051184903,-10.317665666083242,10.347388377193823,4.538511015081366
"2025","Bryant, Kris","592178","115","41","167",-4.889803783336064,-3.0823746883148133,-2.482401145004027,0.16074261280387228,0.5142294371789039
"2025","Tovar, Ezequiel","678662","115","389","1469",-5.303547072537387,-5.983347866466253,-5.404622280368052,-0.5037795357305584,6.588202610027483
"2025","Ramos, Bryan","682868","145","12","39",-1.599156110463955,-0.8337083224187807,-0.39868098718214545,-0.2300819173468721,-0.13668488351615687
"2025","Rojas, Josh","668942","145","211","797",-13.953450086768022,-12.531252089554462,-9.720678261414976,5.479362353175141,2.819117911026263
"2025","Keith, Colt","690993","116","467","1826",3.759023519653868,-2.772674683013631,-16.083984216751713,15.921460206354226,6.694222213065004
"2025","Canha, Mark","592192","118","125","506",-9.648323789056409,-9.441502373459775,-3.9950489457250087,2.2786234583835023,1.5096040717448616
"2025","Freeland, Alex","690976","119","97","429",-2.4869457084778057,-4.024504401489656,-4.697052384569742,3.9944465113199303,2.2401645662616625
"2025","Kim, Hyeseong","808975","119","170","660",0.5029970642631112,-4.266391602002401,1.4457908601923855,2.2617612172335653,1.0618365888395604
"2025","McNeil, Jeff","643446","121","458","1718",4.001994265570283,0.8386571928369975,-19.845719619274263,13.268366503696138,9.740690188311405
"2025","Siri, Jose","642350","121","36","162",-4.934588247318147,-2.699313753104396,-3.0946307801865993,0.6141262703436197,0.24523001562922928
"2025","Fermin, Freddy","666023","135","347","1372",-10.475183373968562,-7.4924614761640225,-15.462183368072914,7.8874456041901215,4.592015866078256
"2025","Bliss, Ryan","669208","136","39","151",-0.9209098551003041,-3.0998279068477927,0.8549840721745274,0.6767094119699405,0.647224567603021
"2025","Suárez, Eugenio","553993","136","655","2606",22.84105046611302,17.066714696406034,-12.002154811563862,7.106891855472726,10.669598725798153
"2025","Ramos, Heliot","671218","137","693","2653",0.8765382334230277,-8.131369378671451,-24.124670678533672,15.66078209677295,17.47179619385513
"2025","Harris, Dustin","687957","140","43","180",-2.675963152930898,-1.3159419608219016,-2.589509627520054,0.672999318657777,0.5564891167532807
"2025","Clase, Jonatan","682729","141","112","439",-6.2392708645060955,-5.577150405854185,-4.427881936884828,2.6409714100296426,1.1247900682032725
"2025","France, Ty","664034","141","489","1873",-5.429477805513614,-8.788195735875382,-17.144087405681503,11.452739230078176,9.050066105965085
"2025","Springer, George","543807","141","583","2307",48.58675983930538,29.642827600978812,-16.456435977457073,25.227691083052104,10.172677132731573
"2025","Cortes, Carlos","666126","133","99","375",2.5531169677463796,0.9381414950702328,-0.3268760243212994,0.9515284804514305,0.9903230165460113
"2025","Davis, J.D.","605204","108","10","32",-1.8099066065188003,-0.7227718269781959,-0.9432783921576319,-0.206957501556425,0.06310111417345263
"2025","Taylor, Chris","621035","108","125","475",-7.486436668667858,-3.4262651884895705,-8.39197734847286,2.765459683670837,1.5663461846237416
"2025","Rengifo, Luis","650859","108","541","2008",-17.340923218854055,-10.518781717682872,-20.781596199244543,4.949757853341895,9.009696844731463
"2025","Garcia, Aramis","605244","109","4","16",-1.0592343395255972,-0.4670706618472184,-0.7894193733081407,0.05370838507438229,0.14354731055537973
"2025","Kaiser, Connor","663731","109","19","68",-2.3811015752477243,-1.0580032132950543,-1.5433444169800674,0.0911233803599042,0.12912267466749316
"2025","Alexander, Blaze","677942","109","265","1041",1.438104986401485,-0.42380546454798024,-11.91184607369853,9.849852926339196,3.9239035983088
"2025","Del Castillo, Adrian","680728","109","131","535",-3.157796077132585,-4.9177487648485005,-2.4300503648813088,1.7819148186549847,2.408088233942239
"2025","Tawa, Tim","694374","109","225","876",-7.234157994204876,-0.6028440725595183,-13.295496296745943,2.6071310457138055,4.057051329386771
"2025","Rosario, Eddie","592696","144","8","23",-1.5368774572627006,-1.1117343595739768,-0.6932284805744289,0.21985471201060164,0.048230670875103555
"2025","Bruján, Vidal","660644","144","95","345",-3.220148675151887,-1.0938453375752375,-5.072005988814372,1.587186937813105,1.3585157134246175
"2025","Jackson, Alex","656577","110","100","399",-0.1528924957272322,-0.1403856181513634,-3.7867799559655517,0.5829816598851165,3.1912914185045658
"2025","Mayo, Coby","691723","110","292","1130",-1.0148110828595254,-5.693652047741249,-4.845901068186184,5.92146131809698,3.603280714970941
"2025","Gonzalez, Romy","663853","111","340","1238",13.252020512401645,10.636975012656997,-7.519825858826156,5.699523219404208,4.435348139166587
"2025","Abreu, Wilyer","677800","111","412","1600",9.63899287246986,-2.9625278391731853,-2.402368919383053,9.58611592952181,5.417773701504289
"2025","Mayer, Marcelo","691785","111","136","510",-5.421427558909931,-1.2069135186853464,-5.848021214032341,0.21743934569677598,1.4160678281109698
"2025","Friedl, TJ","670770","113","684","2639",8.150318792673627,-26.72925325561013,-4.709694628594246,27.332576000632294,12.256690676245666
"2025","Hilliard, Sam","656541","115","61","276",1.3611267598823809,-4.9567751394937005,1.7662827953224822,2.2746685389978136,2.2769505650557824
"2025","Doyle, Brenton","686668","115","538","1957",-9.635877362722871,-3.1149862465503153,-23.191152473899347,10.578858212357202,6.091403145369613
"2025","Hill, Derek","656537","145","149","579",-4.361632901059487,-4.20923969203639,-3.837995609953486,1.5690364511763244,2.116565949754068
"2025","Amaya, Jacob","676070","145","73","269",-11.640565380201869,-8.571247770884172,-5.1876526151181706,2.0197871176461564,0.09854788815431056
"2025","Vierling, Matt","663837","116","100","436",-4.423777680436183,-4.672262176604902,-4.072039368044578,2.689678885602114,1.6308449786111858
"2025","Singleton, Jon","572138","117","9","25",-1.778427587212687,-1.4465655468464353,-0.4838042874001163,0.1002062977826525,0.05173594925121244
"2025","Urías, Ramón","602104","117","388","1499",-5.5044741446374,-10.276069990784375,-7.741614804450269,6.410614592271369,6.102596058325886
"2025","Dubón, Mauricio","643289","117","398","1346",-11.638795409491795,-10.497666349925405,-15.214296799584833,9.206299815068016,4.866867924950469
"2025","Rortvedt, Ben","666163","119","128","517",-8.207232273562932,-8.670382050882738,-3.902284209866775,2.233892544382278,2.1315414428042967
"2025","Edwards, Xavier","669364","146","617","2250",-7.3683011585393166,-25.685919682475408,-7.9547585182655025,19.175216469769694,7.097160572431874
"2025","Sanoja, Javier","691594","146","342","1218",1.2347144338718476,-2.641515324084586,-6.518518656162698,6.621315206526391,3.773433207592739
"2025","Frelick, Sal","686217","158","594","2311",10.115111561195992,-12.504648201581364,-6.899711026124376,20.485378712095173,9.03409207680653
"2025","Senger, Hayden","663584","121","78","254",-9.179546964395225,-4.6915535435457025,-5.42495796114731,-0.27626927341404856,1.2132338137118324
"2025","Acuña, Luisangel","682668","121","193","687",-10.593185684585302,-5.503592777843252,-9.064406096539411,1.801346657357714,2.1734665324396416
"2025","Reyes, Pablo","622569","147","34","131",-3.0384677655369794,-1.824322676215379,-2.545761667912197,1.1377816855026057,0.19383489308799165
"2025","Caballero, José","676609","147","367","1500",-0.6259360499398183,-10.198870524185086,-9.850101021356613,12.4014234148868,7.021612080715096
"2025","Realmuto, J.T.","592663","143","549","2196",-3.8960043101928323,-9.737068356278082,-11.801969919943156,9.416789783207292,8.226244182821121
"2025","Sosa, Edmundo","624641","143","261","942",3.6795379933497276,7.179556696211236,-6.920711065775836,2.1624483150576537,1.2582440478566776
"2025","Pham, Tommy","502054","134","446","1706",-0.41551658194660096,-11.287037510256093,-7.506846021060687,12.693927733930536,5.684439215439651
"2025","Laureano, Ramón","657656","135","485","1998",20.90981935902775,2.746081955220662,-5.007075153065666,14.43543307763806,8.735379479234659
"2025","Schmitt, Casey","669477","137","347","1330",-5.443141083941168,-2.0897620875715295,-16.457885482789003,8.35923815852175,4.74526832789762
"2025","Siani, Michael","672279","138","19","69",-1.1391340278995528,-0.3439737491147422,-1.359846984237791,0.4222745853958832,0.1424121200570974
"2025","Higashioka, Kyle","543309","140","326","1279",-1.5541956394847178,-0.6740020776556821,-10.115610894787903,4.315343181893205,4.920074151065666
"2025","Kirk, Alejandro","672386","141","504","1977",7.388458332169663,-16.26819707338482,0.5919445357557029,16.224450373691532,6.840260496107232
"2025","Loperfido, Joey","694388","141","104","376",10.039795532082836,7.036705093961831,-0.9876763905634233,1.62862249405398,2.36214433463046
"2025","Ruiz, Keibert","660688","120","267","888",-10.97782791731644,-10.217686763727267,-7.218979251050043,3.596254303591405,2.8625837938694554
"2025","Abrams, CJ","682928","120","634","2320",1.0929338795020336,-14.413083437887877,-9.165165767043982,13.806098337915426,10.86508474651852
"2025","d'Arnaud, Travis","518595","108","231","873",-10.55910822529523,0.7599868320944836,-15.550057039973273,1.058933433697105,3.172028548886445
"2025","Moreno, Gabriel","672515","109","306","1314",4.803392469274578,-8.778358548950886,-2.2076907215569124,11.564917781340345,4.224523958442046
"2025","Profar, Jurickson","595777","144","368","1574",12.955113882408671,-12.27326249570605,4.847352602446619,13.26292252155061,7.118101254117514
"2025","Azocar, José","640492","144","21","67",-0.34819434095551194,-1.0078989323435774,-0.3968002830544116,0.7592846998681151,0.29722017457436267
"2025","Riley, Austin","663586","144","446","1791",4.134766427025172,1.2439992745254642,-7.816653017801506,4.6177988871922535,6.08962128310897
"2025","Adams, Jordyn","677941","110","5","14",-1.604192928651806,-0.7200861807176254,-0.4584194414629479,-0.23882876945382783,-0.18685853701740485
"2025","Castro, Willi","650489","112","453","1735",-1.9315451985080894,-9.419533041107549,-11.153826691948092,11.676651739295432,6.965162795252111
"2025","Lopez, Nicky","670032","112","28","106",-3.6478390665415716,-2.7115005853385528,-2.531314186586426,1.3273095864497986,0.2676661189336077
"2025","Taylor, Michael A.","572191","145","324","1267",-10.984841190069451,-3.247578013813362,-16.538906420933856,5.438395716567394,3.363247528110396
"2025","Palacios, Joshua","641943","145","145","558",-6.164679756742777,-6.194510906919594,-7.560358944038601,4.576491755100667,3.0136983391147525
"2025","Mead, Curtis","678554","145","262","1011",-6.639835427246166,-4.488834694295379,-11.134186357060896,3.8807744454135684,5.102411178696548
"2025","Ibáñez, Andy","628451","116","193","716",-5.468852339306738,-11.330287668436481,-3.0714457307658924,4.917810789829318,4.015070270066324
"2025","Melton, Jacob","689200","117","78","334",-7.768744646515743,-5.674731848098034,-4.281196590050205,1.0131083681843704,1.174075423448124
"2025","Yastrzemski, Mike","573262","118","554","2305",1.3742370007342197,-19.55590009737737,-9.850248659437677,21.882136225568303,8.898249531980946
"2025","Hernández, Teoscar","606192","119","545","2139",2.3107015855157647,7.151548402023929,-20.97628491203423,6.102745546936145,10.032692548589912
"2025","Call, Alex","669743","119","322","1314",3.2347003906737903,-15.793567718953819,1.2305442179686221,14.005758614603387,3.7919652770556134
"2025","Pauley, Graham","688363","146","184","681",-3.2536088390140137,-6.35293446519526,-4.253657051941944,5.518664894463675,1.8343177836595141
"2025","Hicks, Liam","689414","146","390","1537",1.575437251461353,-16.18392560797898,-2.0996123882125635,13.079491540998266,6.779483706654616
"2025","Seigler, Anthony","678011","158","73","276",-5.645297903148274,-4.75073765524407,-3.4277197296695237,1.572140584887149,0.9610188968781684
"2025","Winker, Jesse","608385","121","79","317",-1.6543078106961775,-1.7661466440849574,-3.623420658411253,2.5001536763572014,1.2351058154428305
"2025","Jankowski, Travis","608671","121","50","182",-3.5968995501827803,-2.678859872460057,-1.2261120922832296,-0.2582020734277719,0.5662744879882774
"2025","Bellinger, Cody","641355","147","655","2594",18.608289670009167,-5.951578525918084,-1.8287627403245328,16.187090504845138,10.201540431406642
"2025","Gorski, Matt","685301","134","42","181",-2.3887427422078074,-1.547691883785316,-1.390554512781341,-0.006728051571168431,0.5562317059300166
"2025","Díaz, Elias","553869","135","282","1055",-12.163873620496314,-7.121041146932718,-13.794697290820126,4.982643870083108,3.7692209471734253
"2025","Gonzalez, Oscar","660757","135","61","216",-5.508154501020304,-1.9130105742940993,-2.1147245330078146,-1.5838843502621307,0.1034649565437393
"2025","Garver, Mitch","641598","136","289","1166",-5.1769799937893,-4.650632984451492,-13.593753090969164,6.566812446821339,6.500593634810043
"2025","Williamson, Ben","810938","136","295","1216",-12.45735857281266,-13.693767847779881,-3.732895923890668,2.4377281817320946,2.5315770171258003
"2025","Gilbert, Drew","687551","137","109","416",-4.398633352235453,-3.002528947005956,-4.882484711391732,1.1590945897446971,2.327285716417542
"2025","Baker, Luken","663609","138","41","170",0.11877103979185566,-4.391888035992147,2.669493036147267,1.182733941387966,0.6584320982487676
"2025","Vilade, Ryan","668723","138","15","60",-1.2993669202567106,-0.6082802590617178,-0.9589917074636204,0.4553741411026046,-0.18746909483397656
"2025","Thaiss, Matt","642136","139","190","768",-0.7678538581283655,-4.779870009527312,-6.640548834880232,7.694265077769913,2.9582999085092796
"2025","Williams, Carson","700246","139","105","415",-6.8776298872401,-1.5933965807041175,-6.9559222433099075,0.5815477347891256,1.0901412019848058
"2025","Osuna, Alejandro","696030","140","174","739",-6.843614866920509,-8.581791071454429,-6.463528295680979,5.334848185703396,2.8668563145115065
"2025","Guerrero Jr., Vladimir","665489","141","672","2502",37.55381619971795,7.091542202773454,-1.958084279735559,22.896486077251577,9.523872199428451
"2025","Barger, Addison","680718","141","498","1955",1.4786699342091156,-4.107358683293065,-8.873023547920575,8.873049861364908,5.586002304057822
"2025","Newman, Kevin","621028","108","116","416",-8.162339755404707,-4.150538289396951,-5.141983134317128,0.5109999060927607,0.6191817622166141
"2025","Soler, Jorge","624585","108","315","1290",1.1432169417238536,-4.054995823189102,-9.81008400827261,10.300608079306752,4.707688693878821
"2025","Teodosio, Bryce","669326","108","150","521",-9.695775576358916,-2.828825670176022,-8.903351590862174,0.5839102932036142,1.4524913914756652
"2025","Paris, Kyren","677347","108","140","547",-0.5216021036603472,-1.4510655330492146,-2.2370999045290763,1.8299892493973635,1.3365740845205785
"2025","Vargas, Ildemaro","545121","109","121","429",-1.0740125751447371,-0.24740791301618517,-5.544271523818557,2.8752608375936117,1.842406024096399
"2025","Alexander, CJ","680769","133","17","67",-2.3390187672631586,-1.128446340184806,-1.4939034516005123,0.34049904703087314,-0.057168022508713265
"2025","MacIver, Willie","680862","133","111","395",-5.644142562388534,-2.829288697021278,-7.551101345241795,3.851306224081351,0.8849412557931857
"2025","Fairchild, Stuart","656413","144","55","195",-3.1663602451542103,-3.886817395217942,-1.0845407444459407,1.2219044431209203,0.583093451388748
"2025","Machín, Vimael","605353","110","12","38",-1.2531774178691524,-1.5940704390860245,0.35741276054579596,-0.10931231345011713,0.09279257412119307
"2025","Mateo, Jorge","622761","110","83","336",-8.215181975112433,-4.675320839758548,-6.0591032335337545,1.1453434021657094,1.3738986960141581
"2025","Campbell, Kristian","692225","111","263","1070",-4.119911262559767,-5.306378680150881,-13.063144832340672,8.836090198418251,5.413522051513536
"2025","Swanson, Dansby","621020","112","643","2520",-4.418357709705871,-5.0188833371728965,-24.605364678498375,14.671272402763002,10.534617903202399
"2025","Ballesteros, Moisés","694208","112","65","249",4.7236771518259015,-0.10276279037018797,1.21261928754442,2.226293615274535,1.3875270393771333
"2025","Hays, Austin","669720","113","414","1559",0.8757945330813671,-6.995052998240292,-5.5617009135477,8.008751703798897,5.423796741070464
"2025","McLain, Matt","680574","113","575","2364",-15.51319416879048,-18.452425252947926,-19.068948418303826,13.63972381735655,8.368455685104724
"2025","Dunn, Blake","694362","113","75","318",-1.6866966137642851,-0.879019118624871,-7.679586673863321,4.096931168362654,2.774978010361252
"2025","Manzardo, Kyle","700932","114","529","2018",10.799208553239215,2.013838783585667,-7.58089078265091,8.652520327855987,7.713740224448428
"2025","Benintendi, Andrew","643217","145","468","1721",8.617934977098649,2.7044008263993518,-15.637347265182605,15.170001692418548,6.380879723463371
"2025","Báez, Javier","595879","116","436","1543",-7.353495975047639,-3.364792790771978,-6.782574605182198,-0.012446829917615698,2.8063182508241358
"2025","Jones, Jahmai","663330","116","149","595",9.766376646574434,5.892785310017808,-4.071528021878257,3.993005086011142,3.9521142724237506
"2025","Jung, Jace","690291","116","55","222",-5.311635745804817,-3.3102270048081306,-3.9792530830011965,1.3578026584310385,0.6200416835734741
"2025","Conforto, Michael","624424","119","486","2049",-11.431890228726877,-17.95553070917612,-20.647855945693205,17.152663845539944,10.01883258060249
"2025","Stowers, Kyle","669065","146","454","1712",26.45345549495106,14.53502742409071,-8.134970778798715,13.602338709711681,6.4510601399473995
"2025","Perkins, Blake","663368","158","171","708",-2.7075275456279795,-2.9897664225195095,-8.539444047917907,6.619033620011453,2.2026493047979883
"2025","Lee, Brooks","686797","142","527","2009",-12.936638159663726,-13.399871151546815,-16.54516193256845,10.221963189531863,6.786431734919706
"2025","Soto, Juan","665742","121","702","2968",60.11358828333209,0.2794612467053804,9.276971915091679,35.94947490504903,14.607680216485988
"2025","Domínguez, Jasson","691176","147","428","1692",3.2187836598744584,-5.864003519010118,-10.31039422207292,13.49425229987163,5.898929101085891
"2025","Wilson, Weston","642215","143","125","536",-1.071017725705015,-2.1973184636022633,-7.452211589121019,5.799491872705591,2.7790204543126857
"2025","Rodríguez, Endy","682848","134","57","205",-4.181509519666427,-4.403884366180701,-2.1549124346426063,2.011909216125653,0.36537806503122444
"2025","Johnson, Bryce","669369","135","84","287",4.457095867600491,3.0222982603036685,-1.3349654629540915,1.75298356966568,1.0167795005852336
"2025","Rodríguez, Julio","677594","136","704","2496",21.99108728205852,13.557349255674016,-22.48775645303971,19.60163841663383,11.319856062790315
"2025","Ford, Harry","695670","136","8","29",-0.7808313413980229,-0.742254326986962,-0.16108679951189486,-0.3376003220170682,0.46011010711790223
"2025","Encarnacion, Jerar","666464","137","56","185",-3.0617427160596384,-1.6807995008285725,-2.072525453169888,0.2868136353873922,0.40476860255142993
"2025","Porter, Logan","682515","137","9","34",-0.5080505011715893,-0.4608547528678044,-0.5033832039370953,0.13073585630282586,0.3254515993304848
"2025","Eldridge, Bryce","805811","137","37","160",-2.3975643479689808,-2.473650153933363,-3.507037398314546,2.3202936039366926,1.2628296003422352
"2025","Semien, Marcus","543760","140","534","2075",-8.442868800692894,-14.354469802667614,-20.24796392713979,16.671968674559288,9.487596254555172
"2025","Jung, Josh","673962","140","511","1931",-3.6572946771872403,-1.4991551001668004,-16.191182364250366,9.085030833084293,4.948011954145641
"2025","Jiménez, Leo","677870","141","31","143",-2.843705118872276,-4.440646032305209,0.5511814948760191,0.6470838638264108,0.39867555473050376
"2025","Nuñez, Nasim","683083","120","92","417",-1.6516847061060715,0.261718508923604,-5.075743278111276,1.9008508330743927,1.2614892300072127
"2025","Urshela, Gio","570482","133","197","716",-7.297217493962537,-1.9813649460831937,-8.00707308478563,1.5366667286548774,1.1545538082513924
"2025","Rooker, Brent","667670","133","694","2575",18.871417236050988,13.030015041373598,-18.797733798274194,15.382135313346074,9.257000679605552
"2025","Allen, Greg","656185","110","14","52",-3.481241434882733,-1.676852527498458,-2.0975525677138114,0.2595551671545726,0.03360849317496395
"2025","Westburg, Jordan","676059","110","351","1300",11.016777752477482,8.039381391440367,-10.934300878039991,7.402337327343187,6.509359911733919
"2025","Veen, Zac","691728","115","37","140",-4.2174597077541245,-2.6016230797610147,-3.515323048090924,1.4180027726617124,0.48148364743610206
"2025","Nido, Tomás","621512","116","37","119",-1.063279759129906,0.7880632761236992,-2.1611541618824273,-0.13849759569704856,0.4483087223258688
"2025","Greene, Riley","682985","116","654","2706",15.540840801079952,9.10551056431132,-20.093040800453664,17.17702707695945,9.351343960262868
"2025","Correa, Carlos","621043","117","584","2311",-2.2318572705977173,-14.689915063615882,-7.937077160764966,13.37415844928335,7.020976504499767
"2025","Martin, Austin","668885","142","181","749",-0.6212045893898378,-8.480498946205996,-2.3644649776495017,7.958401445152179,2.2653578893134854
"2025","Stanton, Giancarlo","519317","147","278","1214",19.143288889298564,10.209880279948914,-1.5290970628540803,6.074251748785705,4.388253923418055
"2025","Stevenson, Cal","670276","143","8","25",-0.5436544945359105,-0.0657933231095291,-0.586839670005792,0.0437960986932143,0.06518239988619604
"2025","Kemp, Otto","805249","143","218","818",0.11127796401725353,0.8096242152245787,-9.268526941907274,6.38205569557172,2.1881249951282116
"2025","Horwitz, Spencer","687462","134","410","1698",10.453596173917207,-1.909261276272843,-4.1452567890931755,11.738266449976441,4.76984778930678
"2025","Young, Cole","702284","136","256","1034",-7.7145202032947235,-10.52346544996812,-9.430184993529261,7.804889502386549,4.434240737816113
"2025","Devers, Rafael","646240","137","718","3060",29.05505645129494,-4.840856543440386,-9.013719616007693,31.130386213896838,11.77924639684626
"2025","Hampson, Garrett","641658","138","91","381",-7.896726234676544,-7.853054546786215,-4.010509833546724,2.6605120276551046,1.306326118001283
"2025","Haggerty, Sam","664059","140","181","644",3.2997880643131574,-2.017656107642548,-0.3899975831367716,2.7776119779202317,2.929829777172235
"2025","Chaparro, Andrés","665953","120","73","282",-4.976288608814262,-1.4057990159326104,-4.988334245991638,0.5306770212374283,0.8871676318725547
"2025","Lugo, Matthew","683090","108","70","242",0.7117673638476978,-0.8828625424428375,1.733603808857081,-0.9309395372889843,0.7919656347224383
"2025","McCann, James","543510","109","137","507",1.5935430867854405,-1.426019079108664,-1.308708746821777,3.0484818735257035,1.2797890391901756
"2025","Ozuna, Marcell","542303","144","590","2635",11.880954852568388,-3.3020136736816075,-18.830185473491905,19.626057157568315,14.387096842173538
"2025","Rivera, Emmanuel","656896","110","127","476",-6.477886876073306,-1.9016791713658063,-9.300139699202862,2.6252793509079044,2.098652643587458
"2025","Suzuki, Seiya","673548","112","649","2727",17.704280564735114,9.962854033550112,-21.28675266669364,18.681398805226,10.346780392652674
"2025","Hayes, Ke'Bryan","663647","113","567","2149",-25.319306472641443,-27.18749823284106,-17.966772255324717,12.65749047934003,7.17747353618433
"2025","Espinal, Santiago","669289","113","328","1302",-17.223779323688124,-19.97513238683699,-10.514158003527669,8.537481592201093,4.728029474475424
"2025","Marte, Noelvi","682622","113","360","1267",8.013588377514353,5.173075755446919,-6.965471805973329,5.110302511654987,4.695681916385747
"2025","Bernabel, Warming","682653","115","145","520",-1.1002166589529523,-2.6827059120168095,-1.3006126376564515,1.3677249902669097,1.5153769004533963
"2025","Lee, Korey","686676","145","40","153",2.040109302877391,2.910856443317685,-1.7385404490056795,0.1874433552577408,0.6803499533076439
"2025","Caratini, Victor","605170","117","386","1417",3.1151756282097915,-6.90240376167862,-7.151252954593536,9.745491187990366,7.4233411564915635
"2025","Whitcomb, Shay","694376","117","32","138",-3.686006527422177,-2.101138697027432,-1.6245737678760341,-0.4955666151917307,0.5352725526730175
"2025","Wagaman, Eric","676572","146","514","1955",-7.38366622872458,-6.657890586052548,-15.519464940174085,8.160772083367863,6.6329172141341814
"2025","Contreras, William","661388","158","655","2556",16.63540159320561,-5.173560992415076,-10.04562789590825,20.892301524388433,10.962288957140496
"2025","Berroa, Steward","672642","158","6","32",-0.1971123760752797,-0.9605281964271768,-0.10149596276681305,0.6128006074740648,0.25211117564464525
"2025","Roden, Alan","702176","142","153","551",-9.382200861422398,-8.545742585305375,-7.875365425754587,3.6673334799806834,3.3715736696568803
"2025","Baty, Brett","683146","121","432","1753",6.558921858932462,9.521584754310318,-17.933624661539202,11.135450083738975,3.835511682422347
"2025","Davis, Henry","680779","134","283","1069",-19.46293942790685,-13.792630324852077,-13.220850802639466,4.351386050270153,3.199155649314535
"2025","Yorke, Nick","694377","134","72","284",-2.229038135522341,-0.1674400427952265,-3.742088041045599,0.7999625061561585,0.8805274421623216
"2025","Maldonado, Martín","455117","135","161","569",-6.594446053301209,-1.1705819508103035,-8.077313818374934,1.5016331904573808,1.151816525426645
"2025","Gurriel, Yuli","493329","135","40","148",-4.997620430066273,-2.202183498051003,-1.7735620959071987,-1.24030224836894,0.218427412260864
"2025","O'Hearn, Ryan","656811","135","538","2164",13.36222557083314,0.9344625528284818,-9.466494005070766,11.65360842706241,10.240648596013028
"2025","McCoy, Mason","669200","135","26","97",-1.0815366701357663,-1.3301447324808366,-1.1633305060834,0.8089396627729948,0.6029989056554761
"2025","Fermín, José","665877","138","70","271",3.1901455319337924,0.7223024833970333,-1.274077728039485,2.8108890333579915,0.931031743218254
"2025","Morel, Christopher","666624","139","305","1177",-5.341803518774316,-3.9555631446624107,-13.254565852421122,7.402819456278754,4.465506022030476
"2025","Peters, Tristan","671976","139","12","46",-3.21403989477424,-1.1992521770311562,-2.219264243226119,0.08965946593360374,0.11481705954943071
"2025","Seager, Corey","608369","140","435","1668",21.51675140715828,8.938089311727197,-8.624264960885048,13.037272554122062,8.165654502194098
"2025","Hassell III, Robert","690987","120","206","764",-11.354218093648791,-6.162532716473761,-10.414586582787681,3.5913214906716773,1.6315797149409637
"2025","House, Brady","691781","120","274","969",-15.648776354824044,-4.105330114207034,-16.356203111116407,2.245361961835338,2.5673949086640633
"2025","Young, Jacob","696285","120","364","1367",-17.487875273247763,-14.676839521809113,-14.178041111586708,6.784336167005942,4.582669193142132
"2025","Ward, Taylor","621493","108","662","2788",17.451691897211038,4.897921796502373,-16.780704584405875,18.862415608763616,10.472059076350957
"2025","Moncada, Yoán","660162","108","287","1128",6.425079893920053,-1.243672456513154,-6.186300081517817,9.597219771424523,4.257832660526513
"2025","O'Hoppe, Logan","681351","108","451","1758",-18.28932090782042,-2.2901720151082703,-27.055610639591887,5.755797400061694,5.300664346818023
"2025","Herrera, Jose","645444","109","204","854",-8.775351085950426,-13.62199029039881,-6.351239713804132,7.309957707305182,3.887921210947318
"2025","Butler, Lawrence","671732","133","628","2517",-2.497213094858614,-3.7860243505288547,-24.56629969810201,17.282979417664105,8.572131536108094
"2025","Harris, Brett","695391","133","84","336",-0.40583384926307287,-0.5647060184683284,-1.9716769709705713,0.7417081501514802,1.388840990024348
"2025","De La Cruz, Bryan","650559","144","50","179",-4.565351418109444,-1.364708575599382,-3.894464017441138,0.9414574774492649,-0.24763630251819077
"2025","Murphy, Sean","669221","144","335","1355",-0.39970401571303366,5.566944580994738,-20.25815557106753,9.875271248237631,4.416235726122143
"2025","Ornelas, Jonathan","680716","144","10","41",-0.47043520545768347,-1.1891876428288555,0.39684692762730356,0.2902698908158942,0.03163561892797411
"2025","Carlson, Dylan","666185","110","241","1021",-7.2130930290748925,-10.877454296182092,-8.720738882328153,8.070942733213073,4.3141574162223
"2025","Jackson, Jeremiah","669236","110","183","706",3.1832081852343967,4.104376377572976,-7.022319871916781,2.44235044219615,3.658801237382053
"2025","Garcia, Jhostynxon","691373","111","9","40",-0.00006149716457335905,0.08342742091493735,-1.1007517712141004,0.794944406695862,0.22231844643872786
"2025","Anthony, Roman","701350","111","303","1283",16.310759802202522,-5.690577422100555,4.47916969255551,10.767867168067719,6.754300363679846
"2025","Crow-Armstrong, Pete","691718","112","646","2312",9.825288588154757,5.205683577840645,-13.230547377393036,9.481808317973012,8.368344069734151
"2025","Tauchman, Mike","643565","145","385","1594",11.307546203645355,-3.4493152092958987,-5.105669488502305,13.28303533679287,6.579495564650678
"2025","Maton, Nick","665155","145","63","250",-1.922329775572016,-1.0663553129394043,-4.9244999231621005,3.0555339718167223,1.0129914887127676
"2025","Torres, Gleyber","650402","116","628","2652",14.517529485615023,-8.052821950347045,-23.76454234410431,32.93108393448246,13.403809845583918
"2025","Dingler, Dillon","693307","116","467","1793",2.2562532784906586,-2.744589993975078,-10.924801044486987,10.28831705918507,5.637327257767664
"2025","Peña, Jeremy","665161","117","541","1778",17.559421690058844,9.841804776549099,-9.705389735201935,9.061197595912365,8.36180905279938
"2025","Barnes, Austin","605131","119","44","164",-3.042221043864772,-0.05733772717035948,-3.4666849301091918,0.18179421082332098,0.30000740259145625
"2025","Dean, Justin","681909","119","2","11",-0.5250705487905714,-0.4266142879052653,-0.2950050424866484,0.009136997318265429,0.1874117842830767
"2025","Wiemer, Joey","686894","146","60","219",-0.2764863691450456,1.9462333844862871,-3.563135525436697,0.6720851988478683,0.6683305729574961
"2025","Acosta, Maximo","691185","146","61","249",0.07509235423936284,-0.10490634123372491,-2.9248152105461176,2.518926764151931,0.5858871418672765
"2025","Monasterio, Andruw","655316","158","135","558",0.3325503104540342,-3.003530815012797,-2.254523523728647,4.1042169692711665,1.4863876799243139
"2025","Hoskins, Rhys","656555","158","326","1429",3.7321151943824358,-6.079522954177729,-7.575575622664491,12.047986877461101,5.339226893763572
"2025","McCusker, Carson","676812","142","30","131",-4.010575029694334,-1.453484390856775,-3.5910614881214733,0.6074504440682178,0.4265204052156947
"2025","Jeffers, Ryan","680777","142","461","1879",5.626614013306029,-12.353921362269967,-4.572324028832923,12.382237139065392,10.170622265343527
"2025","Gasper, Mickey","681508","142","110","451",-6.126240792622556,-8.342914706636304,-5.913937625977657,5.590040920419523,2.5405706195718825
"2025","Sheets, Gavin","657757","135","544","2279",6.194992957153723,-11.040582500524804,-7.177326167315617,13.689987995303484,10.722913629690664
"2025","Canzone, Dominic","686527","136","269","1028",11.061665457888315,7.3413870132271315,-4.450969117357409,5.389167792163317,2.782079769855284
"2025","Gelof, Zack","680869","133","101","416",-4.3102246331483585,-2.1776834675735506,-5.358655629304787,2.1312503818559017,1.0948640818740742
"2025","Kurtz, Nick","701762","133","486","1954",39.82466837573402,14.491888616027657,2.476175409830633,14.076730232253567,8.779874117622194
"2025","Peraza, Oswald","672724","108","265","1004",-17.093461931310326,-14.614134170674301,-10.51314715883571,5.380703659286774,2.653115738912913
"2025","Smith, Pavin","656976","109","287","1254",9.17738327520699,-5.335917275682467,0.7698844069505033,7.700647446244773,6.04276869769416
"2025","Barrosa, Jorge","678489","109","77","327",-9.32578707987197,-6.705501817463846,-4.484461918123991,1.0067977301508069,0.8573789255650641
"2025","Callihan, Tyler","682997","113","6","22",-0.8982724994355717,-0.6610590843812059,-0.36978185258737994,0.08720817973702633,0.045360257795987735
"2025","Stewart, Sal","701398","113","58","217",3.5187200223715887,3.082616212214958,-1.6472654632427646,1.0529416440282693,1.0304276293711259
"2025","Nuñez, Dom","624513","114","7","28",-1.0036367716859071,-0.4270276131757477,-0.3594161194960564,-0.30466486586965524,0.08747182685555219
"2025","Rocchio, Brayan","677587","114","383","1411",-12.869178307120649,-13.985655163248847,-13.47249880603507,8.991782333058604,5.597193329104678
"2025","Hiura, Keston","669374","115","21","75",-0.5671123020259282,-1.649861367698299,-0.07277755445093378,0.07867408022689265,1.076852539896411
"2025","Quero, Edgar","700337","145","403","1583",-3.29280051789693,-13.148717372891555,-6.796905765940091,10.589036499049142,6.063786121885571
"2025","Meidroth, Chase","805367","145","505","2057",-8.958294578552504,-23.767764673063603,-12.808673803495854,17.718881783147037,9.899262114859942
"2025","Rogers, Jake","668670","116","142","570",-5.280899585200966,-4.733306835909962,-6.858949148645471,3.350167538855205,2.9611888604992656
"2025","Kreidler, Ryan","668952","116","44","179",-5.132220926768422,-2.70012974371404,-3.522971659253672,0.2743520415757558,0.8165284346235362
"2025","Malloy, Justyn-Henry","669234","116","127","550",-0.39139731948448153,-6.006254387184766,-2.484123645239446,5.971345592897802,2.1276351200419343
"2025","Avans, Drew","682183","158","18","79",-3.441302115089511,-1.2339617683320376,-2.524704027358895,0.09463779393850184,0.2227258866629196
"2025","Collins, Isaac","686555","158","441","1792",9.417154902192856,-12.295967494312556,-3.6201173539808846,17.047949292572195,8.285290457914082
"2025","Wallner, Matt","670242","142","392","1555",14.844166428526302,4.833236840083314,-9.003104225223968,11.102201454633306,7.911832359033676
"2025","Outman, James","681546","142","148","605",-9.18130703027232,-1.0598923737059545,-12.65826804149369,1.461409155777406,3.0754442291499133
"2025","Canario, Alexander","672744","134","234","897",-8.847680390012941,-6.762459538588185,-9.794223450191554,2.4571561197962266,5.251846478970573
"2025","Wagner, Will","695238","135","149","632",-4.5213868339158125,-5.434888276148039,-6.436257852199798,3.76075467833505,3.589004616096976
"2025","Merrill, Jackson","701538","135","482","1703",12.477078395107323,7.794841501093557,-6.818927396861442,5.262628118016922,6.238536172858291
"2025","Polanco, Jorge","593871","136","523","2023",18.83095004786481,8.319974550110297,-12.604495903722077,13.867810025860996,9.24766137561562
"2025","Raleigh, Cal","663728","136","688","2833",45.06321330392187,11.207938846190206,-0.18127331879700437,18.373486822629708,15.663060953899024
"2025","Raley, Luke","670042","136","219","831",-4.504078000143817,-2.38663933848423,-12.669331116133641,5.096743486964678,5.455148967509376
"2025","Pozo, Yohel","650968","138","168","591",-2.481642780060865,0.05302256401868702,-7.207749803548334,4.079631766046602,0.5934526934221751
"2025","Pillar, Kevin","607680","140","43","154",-4.708618172218527,-4.339361247572395,-1.070762047012849,0.4289265793684394,0.272578542998276
"2025","Giménez, Andrés","665926","141","369","1452",-10.939551644700718,-13.570991815889373,-14.705384230582014,11.140980050284014,6.195844351486662
"2025","Crews, Dylan","686611","120","322","1150",-6.915335519734468,-3.166369568411814,-13.28617775866523,5.5990857822487765,3.93812602509381
"2025","Campero, Gustavo","672569","108","66","274",-2.4835059780945117,-2.0723476453475174,-2.6067228798945266,0.7893006483598672,1.4062638987876641
"2025","Perdomo, Geraldo","672695","109","719","3007",38.37896383883512,-3.904405707391142,-3.0027772279252414,33.919180874123604,11.366965900027928
"2025","Lawlar, Jordan","691783","109","74","285",-4.0850774921710045,-1.3311732383152504,-3.7384017956719315,-0.027714417380475392,1.012211959196652
"2025","Fraley, Jake","641584","144","216","834",0.8761430009306301,0.6466818699960275,-7.946602200499526,5.203959304967757,2.9721040264663596
"2025","Acuña Jr., Ronald","660670","144","408","1741",33.39887096855069,3.89228382169959,0.23666883889251772,18.595620608660116,10.67429769929848
"2025","Sánchez, Ali","645305","111","23","80",-2.342181808219583,0.1383228650526893,-2.3846118689423785,-0.05211837904297084,-0.04377442528692309
"2025","Lowe, Nathaniel","663993","111","607","2607",-6.434714673693593,-11.117847914967525,-20.498714430017536,16.299264597242527,8.882583074048938
"2025","Sabol, Blake","666165","111","18","85",-2.622657382350714,-2.0603001267190297,-0.13303344395156458,-0.6120013829952218,0.18267757131510323
"2025","Rafaela, Ceddanne","678882","111","587","2128",-6.173162139826204,1.8501597718535825,-16.30469297159134,1.779868240290268,6.5015028196213
"2025","Moniak, Mickey","666160","115","460","1598",10.358090887964948,6.4224555642200185,-7.785571846471393,6.447225479133418,5.273981691082896
"2025","Amador, Adael","691182","115","128","451",-7.813698448340749,-4.333248193787717,-7.900346847512842,2.140742294294278,2.2791542986655315
"2025","Elko, Tim","671284","145","72","284",-5.817194159797303,-1.6508595863417181,-4.886099545509799,0.7117549522381212,0.008010019816094699
"2025","Sosa, Lenyn","672820","145","544","2056",5.9602948508533,4.767336207913044,-8.254466869885077,4.111776163247576,5.335649349577793
"2025","Rodgers, Brendan","663898","117","128","487",-5.057220870274738,-7.1188991223179805,-1.278977255470861,2.003809675952729,1.3368458315613765
"2025","McCormick, Chas","676801","117","116","433",-6.9831169843413905,-8.234754487748539,-1.3545554731925376,0.5340810990893624,2.0721118775103173
"2025","Corona, Kenedy","685744","117","4","21",0.25314164100019537,-0.12095285855643101,-0.06660499625108424,0.3706209060481771,0.07007858975953343
"2025","Kennedy, Buddy","671083","119","32","127",-4.064242040153262,-2.822161916975844,-2.3340950579543316,0.24178045855633554,0.8502344762205772
"2025","Mervis, Matt","670223","146","133","536",-3.3116117380054897,-7.148020200716974,0.15197819196371065,1.578773174147045,2.1056570966007215
"2025","Yelich, Christian","592885","158","638","2601",15.831887635361333,2.780086763338918,-14.051733806954172,15.78430603927475,11.319228639701857
"2025","Larnach, Trevor","663616","142","565","2191",3.9499472941594944,-2.3051478429021874,-10.166481078611199,10.880114762039131,5.541461453633743
"2025","Keaschall, Luke","807712","142","207","774",11.118019204992164,-2.9696529905446565,2.3759287139351524,8.982294447785122,2.7294490338165347
"2025","Devanney, Cam","687478","134","38","162",-5.255762000679642,-4.656351855838698,-1.1285289462080192,-0.1884848681373849,0.7176036695044614
"2025","Flores, Rafael","804668","134","17","74",-0.8459967896116154,0.5781247113066352,-2.0849243012662084,0.5811752948738838,0.07962750547407466
"2025","Heyward, Jason","518792","135","95","347",-7.5049495508246755,-4.503984238545341,-8.352293406265044,3.7394420688305243,1.6118860251551772
"2025","Arozarena, Randy","668227","136","707","2873",10.543089912460188,-16.42208949929665,-7.365613307164596,20.312086275402503,14.018706443518889
"2025","Chapman, Matt","656305","137","534","2209",13.448416529183248,-7.093709324984222,-6.737996174693789,16.363111464713313,10.917010564147917
"2025","Villar, David","681584","137","25","95",-1.1440850777299147,-1.3153312088953228,-1.3636321027628806,1.1859554942342911,0.3489227396939984
"2025","Herrera, Iván","671056","138","451","1809",22.662140705123583,0.43928063352053376,-1.3221105862829186,16.72306377446546,6.821906883420508
"2025","Caminero, Junior","691406","139","652","2494",24.79470935490989,17.85513729873677,-10.69520082904175,8.532703188939285,9.10206969627562
"2025","Solano, Donovan","456781","140","179","704",-6.382310596637222,-0.7149540684583752,-8.811983974456485,1.2166951955027914,1.9279322507748338
"2025","Langford, Wyatt","694671","140","570","2335",15.285563092301208,-1.3266829477582491,-17.559041006368982,19.3818117029741,14.78947534345444
"2025","Schneider, Davis","676914","141","227","1012",9.87572204296742,-2.733086825807656,-3.0972388484172333,9.50822018659209,6.197827530600214
"2025","Bell, Josh","605137","120","532","2101",1.7869809022551226,-7.8165398432502835,-18.878338757332827,17.659569856997127,10.822289645841092
"2025","Lile, Daylen","695734","120","351","1305",14.18315302098481,-2.6177098617865564,3.098759370110633,10.19759422955882,3.504509283101887
"2025","Clarke, Denzel","672016","133","159","631",-5.368399105314923,1.0876611233112239,-8.905391456086603,0.227253380857455,2.222077846603004
"2025","Stallings, Jacob","607732","110","129","480",-14.845411765356147,-8.248840540510045,-9.590423546085297,1.093902953665344,1.8999493675738404
"2025","Beavers, Dylan","687637","110","137","615",5.411901243624144,-1.5438855338143658,-4.306972858377885,8.040338316914273,3.2224213189021245
"2025","Holliday, Jackson","702616","110","646","2439",-7.532646790147786,-16.55181898277065,-20.954572419827407,17.962391114311487,12.011353498138842
"2025","Casas, Triston","671213","111","110","437",-4.606384004450747,-2.3624629657875347,-6.588574091630602,2.2754467700423615,2.0692062829250264
"2025","Busch, Michael","683737","112","590","2324",31.55785743781251,13.733859975935607,-12.432873646487542,18.796394314609195,11.460476793755342
"2025","Candelario, Jeimer","600869","113","91","375",-9.49868830636929,-3.949592708600796,-8.385748406198516,1.5173495503736185,1.3193032580564
"2025","Andujar, Miguel","609280","113","340","1214",10.605525392272305,1.9414161855809182,-2.0907578919327294,7.559842038677016,3.195025059947071
"2025","Rodríguez, Johnathan","671286","114","77","313",-1.4464238064221333,-2.3311871268746476,-1.6245886200820154,1.2980099495539865,1.2113419909805407
"2025","Schunk, Aaron","668845","115","33","110",-4.0526822806664216,-2.1131162831192,-1.3724558132893458,-0.4486520405074883,-0.11845814375038663
"2025","Beck, Jordan","687597","115","587","2336",2.817221640538901,-1.2015471509884652,-14.3928487484681,12.085487064248323,6.32613047574712
"2025","Salazar, César","663967","117","16","48",-0.7118442045006531,-0.5562983069331444,-1.0395836144603097,0.2000071219723502,0.6840305949204508
"2025","Paredes, Isaac","670623","117","438","1942",17.438466729742917,-1.8492623776255077,-13.475799928575084,21.131365106492943,11.632163929450554
"2025","Biggio, Cavan","624415","118","82","341",-3.6978930023649697,-4.7530690672949145,-2.9659152568101885,2.353529342465075,1.6675619792750564
"2025","Lopez, Otto","672640","146","592","2129",-5.811703333338926,-14.10224193276973,-11.38169722461736,11.9877617648193,7.68447405922888
"2025","Jansen, Danny","643376","158","336","1347",2.335018588568319,-2.19395630099385,-10.661729546472117,9.77675191895452,5.4139525170797675
"2025","Ortiz, Joey","687401","158","506","1873",-13.960855360668711,-13.356114261687836,-13.806749335850649,8.116904234786762,5.085104002082987
"2025","Pereda, Jhonny","640902","142","78","333",-2.0015129025921934,-4.812727209090814,-0.2618631169861261,2.0524745670883826,1.020602856396367
"2025","Keirsey Jr., DaShawn","680577","142","88","348",-11.512326638110215,-6.917635640925687,-7.636432867192664,1.31215060729485,1.7295912627132777
"2025","Fitzgerald, Ryan","680837","142","53","194",0.09985371821995204,0.6939832875664297,-2.020608241586969,1.0310490435572004,0.39542962868329073
"2025","Slater, Austin","596103","147","160","644",-4.651876271162838,-4.2460357254379595,-5.704163951074458,2.5927768962950237,2.7055465090545603
"2025","Walton, Donovan","622268","143","9","27",-1.190794509128828,-1.0998223478099725,-0.4572669489973221,0.10059347341390479,0.26570131426456206
"2025","Robles, Victor","645302","136","114","375",-4.353526120056495,-1.2297882324641711,-5.161831672178421,1.000123645186442,1.037970139399659
"2025","McCray, Grant","687529","137","26","97",-3.649100830922548,-2.8885446066826486,-1.5828716429357756,0.6308132214342066,0.19150219726167028
"2025","Mangum, Jake","663968","139","426","1435",-4.2155839559991275,-14.116787281573727,0.5002732312681653,4.5699897572611246,4.8309403370453134
"2025","Lowe, Brandon","664040","139","550","2137",9.784972162000736,-2.049038098086394,-3.805938761359345,6.368178193269766,9.271770828176713
"2025","DeLuca, Jonny","676356","139","59","224",-0.3265706724665153,0.14866683162221295,-1.0489514180214856,-0.00990169562358939,0.583615609556346
"2025","Barnhart, Tucker","571466","140","15","58",-0.6867571579230642,-0.25678058808357973,-1.3141609970344357,-0.15277310419520734,1.0369575313901582
"2025","Heineman, Tyler","623168","141","174","627",3.5932235539085307,-1.2902667047599368,-3.5957342495901767,4.160670679745409,4.3185538285132266
"2025","Tena, José","677588","120","169","678",-3.162023865297493,-4.936476964894086,-7.149968962681732,5.481420861431397,3.4430012008469237
"2025","Rivero, Sebastián","665861","108","34","127",-1.3677450963978777,0.6147868443753026,-1.8804275711461351,-0.21816951053336334,0.11606514090631748
"2025","Moore, Christian","695681","108","184","779",-3.6645820174371413,-4.069772615145754,-8.042632080420432,5.578659008096603,2.869163670032433
"2025","English, Tristin","663536","109","23","97",-3.9144034455514367,-3.223372349858047,-0.9502033353295769,-0.025784357246835046,0.2849565968830228
"2025","Thomas, Alek","677950","109","469","1678",-13.161136919148339,-16.304740329890482,-6.298470456124344,4.44063737517321,5.001436491693288
"2025","Wynns, Austin","642851","133","110","443",4.467219481790097,7.291483466872353,-3.232470408979008,-0.261372965906229,0.6695793898029759
"2025","Urías, Luis","649966","133","330","1302",-1.6838647728140055,-10.206496648374548,-12.334004742822538,16.000528260870013,4.856108357513095
"2025","Basallo, Samuel","694212","110","118","443",-7.324398635469827,-5.912337326275359,-4.1870873091151415,0.9189796739687695,1.8560463259519022
"2025","Refsnyder, Rob","608701","111","208","887",4.320987744093958,-0.05323927118493835,-5.870331601703621,6.915188651834679,3.3293699651478468
"2025","Eaton, Nate","681987","111","90","338",1.6105525249737904,-2.603466613130347,-0.18452131906189229,3.412967743312226,0.9855727138538035
"2025","Alcántara, Kevin","682634","112","12","46",0.49750157791871513,0.24526124676255645,-0.3874032518559469,0.524847499600405,0.11479608341170046
"2025","Ramírez, José","608070","114","651","2666",36.57001232759756,-6.507591866745449,7.934173656360569,22.482627048908668,12.660803489073762
"2025","Fry, David","681807","114","156","623",-5.37715177628288,-1.483745372442628,-8.043056455031158,2.459552057305123,1.6900979938857785
"2025","Freeman, Tyler","671289","115","428","1646",-0.14369833764461035,-21.518352964760048,-2.352753370812826,15.872813009514529,7.854594988413743
"2025","Dalbec, Bobby","666915","145","21","87",-0.5210927193535093,0.41908511117190794,-1.7274341506456352,0.6424622061260202,0.14479411399419773
"2025","Baldwin, Brooks","681460","145","328","1251",-1.65727619595437,2.45669919588982,-12.946165581072574,3.7987176353689325,5.033472553859461
"2025","Carpenter, Kerry","681481","116","464","1736",15.649568634997662,16.80940301022271,-10.876052426610446,2.7562412229393463,6.9599768284460595
"2025","Sánchez, Jesús","660821","117","496","1936",-7.059723698872838,-4.53173773358369,-16.779837983194344,9.235269089137377,5.016582928767827
"2025","Grichuk, Randal","545341","118","292","1076",-7.07176227512336,-6.8747236267327505,-7.835286275562979,3.8320128460277125,3.8062347811446573
"2025","Betts, Mookie","605141","119","661","2460",7.1191292640968,-5.162441006133828,-19.516985282509566,21.054628940481244,10.743926612258916
"2025","Navarreto, Brian","640459","146","15","42",-0.013537139673482163,1.3750438729536734,-1.2242313505640112,0.047379782062771617,-0.21172944412591665
"2025","Conine, Griffin","665052","146","86","338",1.6981692089932638,6.355183107185359,-6.381516606064709,0.6370154058128574,1.0874873020597584
"2025","Norby, Connor","681393","146","337","1245",0.6011114023861623,2.968189400599998,-10.90072171628734,3.3107998543857775,5.222843863687736
"2025","Bauers, Jake","641343","158","217","895",1.890618285094102,-5.154013516139606,-5.655217510902181,8.233216101917145,4.466633210218753
"2025","Clemens, Kody","665019","142","385","1529",-2.3530395168796274,-0.4751920162166204,-15.789230785296587,7.10237020619939,6.809013078434202
"2025","Marte, Starling","516782","121","329","1255",1.645511117659576,-0.0034626672458365135,-10.463853134298043,6.882201506545454,5.2306254126579885
"2025","Kepler, Max","596146","143","471","1826",-5.8517599252301995,-12.238242822369942,-10.636216678542477,11.179872870251906,5.842826705430318
"2025","Turner, Trea","607208","143","638","2407",21.34252039973672,10.071180246354018,-7.750323588425481,9.177670928475502,9.84399281333274
"2025","Rojas, Johan","679032","143","172","625",-9.634406555623343,-5.685699308418798,-10.30670464595149,4.668253930906939,1.6897434678400072
"2025","Taveras, Leody","665750","136","179","693",-12.342565465542217,-7.004107866954179,-9.691871136770354,2.6421676347702676,1.7112459034120597
"2025","Arenado, Nolan","571448","138","432","1586",-8.407791025066672,-13.814749310160776,-9.929602029676875,9.973805109391327,5.3627552053796075
"2025","Walker, Jordan","691023","138","395","1541",-13.955386044126122,-9.803687612965524,-14.358328417574945,4.4692775739131845,5.73735241250118
"2025","Winn, Masyn","691026","138","537","2256",-5.668338854058855,-17.862877896763813,-10.155219193667802,13.768767557249316,8.580990679123488
"2025","Montes, Coco","663796","139","10","27",-1.1227277520649115,-0.5384157233551361,-0.4699216769895455,0.0030342598749470984,-0.11742461159517693
"2025","Lowe, Josh","666139","139","432","1824",-13.924431296882362,-8.693844443100897,-22.438169879481705,11.398438253292808,5.809144772407403
"2025","McKinney, Billy","641856","140","21","86",-1.3285491996197716,-1.0732270106836237,-1.9995391162575349,1.6472587938310455,0.09695813349034171
"2025","Alfaro, Jorge","595751","120","39","136",-1.857932362289518,0.20138267306606816,-2.601129009009891,0.2920818662158476,0.24973210743845795
"2025","Lipscomb, Trey","702358","120","4","16",0.11185677957269681,0.045647748929114204,-0.08157599531168963,0.05457623690235422,0.09320878905291799
"2025","Toro, Abraham","647351","111","283","1105",-5.7605687404174954,-5.243935429467471,-11.150678683604722,5.871120942714559,4.762924429940146
"2025","Turner, Justin","457759","112","191","801",-9.425196757252943,-10.77551819497814,-4.113516205802416,2.6850587173275393,2.7787789262000717
"2025","Santana, Carlos","467793","112","473","1978",-8.431835069736575,-20.20492304965662,-12.201368465354344,14.365778534324507,9.608677910949924
"2025","Berti, Jon","542932","112","107","391",-8.208094293350683,-6.736099674070047,-6.823463075738356,4.037278354551018,1.3141901019066984
"2025","Shaw, Matt","807713","112","437","1720",-0.6119783568035967,-9.528794511961824,-3.0657173801731687,7.403877311606911,4.578656223724468
"2025","Steer, Spencer","668715","113","567","2313",1.762586664406645,-5.950928664071393,-14.298324410972132,15.470781287318575,6.541058452131603
"2025","Banfield, Will","677943","113","10","44",-1.9420892148406996,-0.9956711683916128,-0.8918999327885351,-0.15529960690765615,0.10078149324710442
"2025","Trejo, Alan","676701","115","43","148",-4.861220200726772,-5.045610190201366,-0.9100285345034844,0.802519068675007,0.2918994553030695
"2025","Julks, Corey","667452","145","13","50",-0.1283861370955389,-0.7025360572881293,0.5347660649889716,0.21899969220199195,-0.1796158369983732
"2025","Pérez, Wenceel","672761","116","383","1534",-3.8631881400539863,-13.13340021116663,-6.1832644499261615,8.21179874383901,7.241677777199797
"2025","Torkelson, Spencer","679529","116","643","2634",14.235708205853696,-0.7820866628985026,-15.89378367715448,20.063174941205386,10.848403604701264
"2025","Frazier, Adam","624428","118","457","1841",-7.396546072671282,-15.743435542215728,-8.554934107610373,9.233651256293857,7.668172320860939
"2025","Melendez, MJ","669004","118","65","255",-9.758670323049738,-4.4071839866868725,-7.338723290315316,1.0449365945257785,0.9423003594266728
"2025","Massey, Michael","686681","118","277","1013",-16.24883823875139,-7.2468780763759435,-14.217512079834611,3.2791438265234167,1.9364080909357404
"2025","Brantly, Rob","542963","146","7","19",-0.11766742261852285,0.08627074654427185,-0.1899905585563071,-0.013947610606487644,0
"2025","Hernández, Heriberto","681715","146","294","1137",9.217899126935224,-0.9800525611655759,-4.291016733327286,10.074073547108773,4.414894874319282
"2025","Vaughn, Andrew","683734","158","447","1722",-4.474229045826624,-3.7368064851727403,-14.648326021949671,7.007972761547934,6.9029306997478574
"2025","Goldschmidt, Paul","502671","147","529","2092",1.1077901307300682,-14.751602398186886,-9.025402099242902,16.544671441364795,8.340123186795083
"2025","Harper, Bryce","547180","143","574","2171",23.213348535938024,9.089803004428683,-8.950597881722047,10.279880934109219,12.794262479122176
"2025","Cruz, Oneil","665833","134","540","2235",-6.137944007605114,-15.158395800138349,-14.278860014973526,14.151104972524001,9.148206834982753
"2025","Solak, Nick","669256","134","11","33",-2.146285311448525,-0.5541206474933276,-1.2697407933847205,-0.28677765122005067,-0.03564621935042615
"2025","Brooks, Trenton","670092","135","43","168",-4.9214183537508385,-1.8151337096689522,-3.8146438431536387,0.15838815369474837,0.5499710453770031
"2025","Flores, Wilmer","527038","137","462","1918",-1.5217124562812891,-8.478394611874611,-11.942463050239137,10.110270288596569,8.78887491723591
"2025","Soderstrom, Tyler","691016","133","622","2227",17.7735713323628,8.355287214989414,-11.492984570284365,11.299030089496098,9.612238598161712
"2025","Wilson, Jacob","805779","133","522","1735",12.733219970789841,-1.935683759336765,-1.0220654175262203,7.335145341809029,8.355823805843752
"2025","Wade Jr., LaMonte","664774","108","241","1039",-14.559161398950529,-20.97300793934505,-4.628654663200394,7.535484017425717,3.50701718616918
"2025","McCarthy, Jake","664983","109","222","846",-9.250153127204719,-6.748818905023012,-10.317013518220373,5.290725653823029,2.5249536422156384
"2025","Gurriel Jr., Lourdes","666971","109","545","1994",-1.3356242087405303,-7.871862604478783,-8.108682579034983,8.333273544973304,6.311647429799948
"2025","Albies, Ozzie","645277","144","664","2396",-3.4400350945094846,-0.47728873119951465,-29.471901558167456,17.937741572305352,8.571413622552127
"2025","Verdugo, Alex","657077","144","213","880",-10.167318817901968,-7.113893833641975,-11.560768172171695,5.063762790309234,3.4435803976024704
"2025","Harris II, Michael","671739","144","639","2173",-22.176694175594676,-2.2222574300659907,-20.578007940965477,-2.9071994089634425,3.530770604400247
"2025","Rutschman, Adley","668939","110","365","1491",-5.943858052484337,-5.039101762544275,-19.260665486853974,12.396835001078069,5.959074195835825
"2025","Narváez, Carlos","665966","111","446","1829",-0.22411193311969738,-11.236797341985039,-4.613149626785563,9.50105381672791,6.124781218922993
"2025","Tucker, Kyle","663656","112","590","2306",23.91338319359005,-11.333074362289569,-4.56490990923632,27.665669705259646,12.145697759856281
"2025","Stephenson, Tyler","663886","113","339","1382",1.8963650140610937,0.6032421187187218,-12.007522410066253,8.248198870063126,5.052446435345519
"2025","Estrada, Thairo","642731","115","165","569",-4.1449549074052285,-2.941543068909162,-4.394525372748286,0.4029543445608824,2.7881591896913367
"2025","Fernández, Yanquiel","692585","115","147","608",-5.443135837110712,1.7141239114799585,-8.802751068727867,-1.1751029990193347,2.8205943191565277
"2025","Fletcher, Dominic","666150","145","34","130",0.26318924407854494,0.17563731286773904,-0.63583491648133,-0.04888625292510199,0.7722731006172368
"2025","Capra, Vinny","681962","145","105","364",-13.349143499651888,-10.301169678817816,-5.054133492142433,0.8573335616431151,1.148826109665238
"2025","Meyers, Jake","676694","117","381","1340",-0.39717694292217354,-7.279294464989342,-8.957171449274018,9.109112007381574,6.730176963959628
"2025","Cameron, Daz","663662","158","42","159",-4.073180607669336,-2.87387836414625,-2.628498901044148,0.9630724142246585,0.46612424329640195
"2025","Dunn, Oliver","686554","158","41","154",-3.566790269430055,-4.534974236210155,-0.726572300843408,1.1601231463400428,0.534633121283467
"2025","Nimmo, Brandon","607043","121","651","2602",2.7288255376091346,-10.998442809304505,-13.41088459763748,17.611253521837934,9.526899422713187
"2025","McMahon, Ryan","641857","147","585","2500",-6.844669670970218,-16.97790664694585,-16.035083976116063,18.266220713595423,7.9021002384963035
"2025","Grisham, Trent","663757","147","581","2393",22.15896662892863,-14.771131472931291,6.574279510788168,21.138122786456712,9.217695804615051
"2025","Cabrera, Oswaldo","665828","147","122","441",0.7332612148623658,-4.315923311845126,-1.8211067765169209,4.725911818460707,2.144379484763702
"2025","Simon, Ronny","682927","134","88","345",-4.679883940254135,-5.232716990316762,-1.9380655283012673,1.3592398828435734,1.1316586955203183
"2025","Gonzales, Nick","693304","134","408","1405",-9.263981499631452,-6.88657281972937,-12.662134145894425,5.978804158014097,4.305921307978236
"2025","Rivas, Leo","660844","136","111","520",0.4003621675879869,-4.327070818697316,-3.9714945775919883,6.594791513781197,2.1041360500961055
"2025","Knizner, Andrew","668800","137","88","321",0.26950943817542566,-2.043089935259733,-1.2367343182916106,2.393209896053264,1.1561237956735055
"2025","Saggese, Thomas","695336","138","294","1184",-9.422434569682173,-8.788435228007517,-9.523634434944716,7.3175692677170865,1.5720658255529605
"2025","Pederson, Joc","592626","140","306","1237",-10.344170244813563,-12.248814006837154,-11.510991088885255,8.238869336068076,5.17676551484079
"2025","Varsho, Daulton","662139","141","270","986",13.25688751860012,9.763266980005515,-2.5660009327440796,3.3819704849067427,2.6776509864319222
"2025","Kingery, Scott","664068","108","29","104",-3.505243643408012,-1.5395353340990912,-1.8930178211835385,0.12674749096319915,-0.1994379790885815
"2025","Stevens, Chad","677060","108","14","55",-2.0840693767985976,-1.205828579558317,-1.3107442183978655,0.15167923862785268,0.28082418252973196
"2025","Kavadas, Niko","694359","108","23","108",-2.8550596702377695,-2.855634671062327,-0.48887233835107297,-0.26731609794102706,0.7567634371166575
"2025","O'Neill, Tyler","641933","110","208","821",-4.995971731415513,-3.063634927986106,-10.73060909378892,4.31376667171509,4.484505618644436
"2025","Kjerstad, Heston","677008","110","167","622",-7.491041328298427,-4.276490515603246,-5.441111719010489,-0.7714119942277048,2.9979729005430094
"2025","Story, Trevor","596115","111","653","2472",4.975433665042291,-6.2428788184304675,-3.088145077155859,4.986745458566809,9.319712102061787
"2025","Wong, Connor","657136","111","188","745",-12.212068014470898,-8.319077683045004,-9.243727722269002,3.2075433612828634,2.1431940295602385
"2025","Nola, Austin","543592","115","41","148",-4.22310153657957,-2.1843024808881117,-3.311945848024253,0.6942457832696078,0.5789010090631852
"2025","Bouchard, Sean","656248","115","73","273",-4.904316466713646,-2.945257672799035,-3.9122211924120496,1.1362957410945282,0.8168666574029068
"2025","Hummel, Cooper","669450","117","105","450",-5.0908682677983315,-7.413684870205456,-2.9181048959994444,3.457842475624239,1.783079022782329
"2025","Perez, Salvador","521692","118","636","2267",-3.941988622597374,-1.2829865093896329,-12.767359810298029,1.4236815984073028,8.684676098682951
"2025","Maile, Luke","571912","118","54","214",0.9790355472776275,-1.5699540699821215,-0.0757553170866837,1.7184253664282314,0.9063195679182013
"2025","Tolbert, Tyler","686475","118","57","189",0.35334409939552763,-1.0515926332602472,-0.20083054529371003,1.2147617891523315,0.3910054887971539
"2025","Chourio, Jackson","694192","158","588","2108",6.913650208881099,10.686846511289524,-16.724666555898366,6.8363977475631,6.115072505926827
"2025","Vázquez, Christian","543877","142","214","833",-9.437740200845308,-8.208055065853339,-9.184717608419565,4.420552304313036,3.5344801691145507
"2025","Buxton, Byron","621439","142","537","2028",28.656625289536937,18.794045538843704,-7.159906675432024,7.599932980827057,9.422553445298252
"2025","Julien, Edouard","666397","142","208","876",-6.513106798356144,-9.892477431947647,-7.440398127768199,7.568254239808218,3.25151452155149
"2025","Judge, Aaron","592450","147","642","2631",79.23237480226601,48.980538232182745,-8.088107894461244,21.992948440737685,16.3469960238074
"2025","Reynolds, Bryan","668804","134","653","2631",-2.0693109094006505,-14.95581190892385,-13.592056420236233,15.13870924659864,11.339848173160824
"2025","Campusano, Luis","669134","135","27","126",-4.318672689430054,-2.264343541888568,-2.452666100584428,0.02763385125840559,0.3707031017845333
"2025","Ornelas, Tirso","672359","135","16","62",-2.2330218931408803,-1.0202867602506833,-1.4286311163638474,0.2158959834736506,0
"2025","Adames, Willy","642715","137","683","2797",13.412126274528827,-0.8267087541394303,-19.237741008090456,19.740077638644426,13.736498398114222
"2025","Gorman, Nolan","669357","138","400","1655",-7.973539376908442,-12.064263163295095,-9.544836335197477,8.665800879844594,4.969759241739549
"2025","Aranda, Jonathan","666018","139","417","1714",22.127884393850092,5.9446719317350905,-8.549484613907397,15.662327579392729,9.070369496629723
"2025","Stubbs, C.J.","667690","120","3","13",-0.773605868018882,-0.42774664099543763,-0.44108310374606186,0,0.09522387672261745